job_title,education,experience,salary
DevOps Engineer,Master,1.7,110352.38
ML Engineer,PhD,0.2,137242.41
DevOps Engineer,PhD,0.0,116603.31
Cloud Architect,Master,2.8,179054.47
Data Scientist,Bachelor,2.1,147491.4
ML Engineer,Master,2.7,171972.35
ML Engineer,Bachelor,1.7,152523.05
Data Scientist,Master,0.0,119537.91
Backend Developer,Bachelor,0.8,110859.45
DevOps Engineer,Bachelor,3.5,148964.27
Software Engineer,Bachelor,2.7,142962.97
Software Engineer,Master,1.8,135493.8
Software Engineer,Bachelor,3.9,152105.47
AI Researcher,Bachelor,1.2,150787.42
Software Engineer,Master,2.9,144689.11
Backend Developer,PhD,1.4,122367.24
ML Engineer,Master,3.6,172245.71
Data Engineer,Bachelor,0.0,114469.99
ML Engineer,Bachelor,0.0,136867.68
ML Engineer,Bachelor,3.0,175383.98
ML Engineer,PhD,0.0,141534.94
Backend Developer,Master,2.8,129665.1
Cloud Architect,Master,2.9,181286.63
Data Scientist,Bachelor,3.3,159302.9
ML Engineer,PhD,3.0,186825.5
Data Engineer,PhD,1.3,142439.72
Data Scientist,Master,2.6,153128.43
Data Engineer,PhD,2.7,151627.57
DevOps Engineer,Bachelor,2.9,126603.07
Data Engineer,Master,3.0,152417.89
DevOps Engineer,Bachelor,0.8,108214.52
AI Researcher,Master,4.7,197855.98
Cloud Architect,Bachelor,2.3,169028.17
ML Engineer,Bachelor,0.9,144963.98
ML Engineer,Master,3.4,178578.35
Data Engineer,Bachelor,0.0,121549.31
Data Engineer,Master,2.0,142583.9
Cloud Architect,Bachelor,2.7,179657.58
Data Scientist,Bachelor,0.6,121724.38
Cloud Architect,PhD,0.4,158163.52
AI Researcher,Bachelor,2.3,162817.73
Software Engineer,Master,0.0,110092.61
Data Engineer,Bachelor,2.7,144580.72
Backend Developer,PhD,5.0,163498.77
DevOps Engineer,Master,0.1,110617.95
Software Engineer,Master,3.5,148412.58
Backend Developer,PhD,0.0,107779.06
Cloud Architect,Bachelor,2.0,170770.49
Cloud Architect,Bachelor,2.9,176864.01
Backend Developer,Master,5.1,139386.31
Software Engineer,Bachelor,1.3,125532.14
DevOps Engineer,Master,0.0,99886.35
Cloud Architect,Master,0.3,149900.3
ML Engineer,PhD,3.7,194961.82
Cloud Architect,Bachelor,2.9,179368.17
ML Engineer,Bachelor,0.5,136439.51
ML Engineer,Master,1.0,145906.93
Data Engineer,PhD,0.9,136126.56
Cloud Architect,Bachelor,3.0,182276.35
Software Engineer,Bachelor,2.4,135553.07
DevOps Engineer,Master,0.0,111625.9
Backend Developer,Bachelor,3.0,132412.75
ML Engineer,Bachelor,2.4,157309.85
ML Engineer,Master,3.4,168621.08
Data Engineer,PhD,0.0,130183.34
ML Engineer,Bachelor,0.7,133292.35
DevOps Engineer,Bachelor,3.9,157622.39
Data Scientist,Bachelor,1.7,140808.08
Data Scientist,High School,2.3,146328.4
Data Scientist,Bachelor,3.4,163154.44
Software Engineer,Bachelor,1.8,121920.13
Backend Developer,PhD,2.1,134670.98
DevOps Engineer,Bachelor,4.1,146936.57
AI Researcher,Master,3.2,180790.63
DevOps Engineer,High School,2.9,133388.72
Software Engineer,Bachelor,5.1,163500.56
Cloud Architect,Bachelor,5.0,205828.78
ML Engineer,PhD,1.2,172620.42
ML Engineer,PhD,1.1,160982.23
DevOps Engineer,Bachelor,0.4,107143.54
DevOps Engineer,Bachelor,4.2,151285.71
Software Engineer,Bachelor,4.9,168078.98
Data Engineer,Bachelor,2.2,138951.47
AI Researcher,Bachelor,1.7,161949.25
Software Engineer,Master,4.0,161763.28
DevOps Engineer,Master,0.6,113000.08
Cloud Architect,Bachelor,3.4,186653.87
AI Researcher,Master,5.1,204154.23
DevOps Engineer,Master,3.2,137335.27
ML Engineer,Master,0.7,144736.4
Data Engineer,Master,1.9,124763.01
Data Engineer,Master,4.9,170726.37
Data Scientist,Bachelor,1.9,143345.63
Software Engineer,Master,2.1,131028.64
Backend Developer,PhD,2.9,135150.96
Backend Developer,Bachelor,5.2,158092.7
Data Engineer,PhD,3.6,168571.07
Data Scientist,Master,1.8,133805.56
DevOps Engineer,PhD,0.8,128496.1
AI Researcher,Bachelor,0.2,138536.69
AI Researcher,Master,2.6,176011.74
AI Researcher,Bachelor,2.2,161741.89
Data Engineer,Bachelor,2.3,141944.81
Backend Developer,Master,5.1,148524.72
Data Engineer,Master,0.5,132007.5
Backend Developer,Bachelor,0.8,116423.13
Data Engineer,PhD,4.2,184401.33
DevOps Engineer,Bachelor,2.4,131745.35
DevOps Engineer,Master,2.9,136842.11
ML Engineer,Bachelor,1.2,145557.13
Data Engineer,Master,0.4,125723.78
Software Engineer,High School,0.0,108425.28
DevOps Engineer,PhD,4.0,154581.41
Data Scientist,PhD,1.9,149041.65
ML Engineer,Bachelor,0.9,140234.39
Backend Developer,Master,1.2,110377.43
Software Engineer,High School,1.3,126294.79
ML Engineer,High School,2.3,162790.68
AI Researcher,Master,2.5,170558.57
Backend Developer,High School,3.4,134292.09
ML Engineer,Master,4.1,188714.24
Data Engineer,Bachelor,0.9,131808.71
AI Researcher,Bachelor,4.6,201731.58
ML Engineer,PhD,3.8,189378.07
DevOps Engineer,Bachelor,3.8,148312.34
AI Researcher,High School,0.8,147258.12
Data Scientist,Master,1.6,134940.85
Software Engineer,Master,4.0,155894.22
Data Scientist,Bachelor,5.1,178414.29
ML Engineer,PhD,2.9,174499.02
Software Engineer,High School,2.2,130513.62
DevOps Engineer,PhD,4.7,170476.65
AI Researcher,Master,3.2,174449.42
AI Researcher,Master,1.7,163953.66
DevOps Engineer,Master,0.2,98512.69
Cloud Architect,Bachelor,2.7,175514.01
Data Scientist,Bachelor,3.3,157575.73
Data Engineer,PhD,2.2,151040.04
ML Engineer,Master,2.2,153552.76
DevOps Engineer,PhD,0.0,123077.89
DevOps Engineer,Bachelor,1.5,122547.63
Data Engineer,Master,4.8,157666.32
Software Engineer,Master,0.9,124151.69
AI Researcher,Master,1.5,156112.14
Software Engineer,Bachelor,0.8,110377.29
DevOps Engineer,Master,2.4,123663.24
Backend Developer,Master,2.2,122980.47
Data Engineer,Bachelor,1.5,137505.95
DevOps Engineer,Master,1.1,114507.28
Data Scientist,Master,3.1,164429.46
Cloud Architect,PhD,3.0,194247.82
AI Researcher,Master,3.0,172520.51
DevOps Engineer,Master,0.0,120083.48
DevOps Engineer,Master,1.5,120616.95
Backend Developer,Master,2.9,135886.61
AI Researcher,Master,2.1,161705.13
Software Engineer,Bachelor,0.0,108895.52
Cloud Architect,High School,2.9,177214.3
ML Engineer,Bachelor,1.5,142148.45
Data Scientist,Bachelor,4.5,170919.41
ML Engineer,Master,1.3,145277.93
Data Scientist,PhD,1.0,142362.54
Data Scientist,Master,2.0,145078.26
ML Engineer,PhD,2.2,174439.11
Data Engineer,Bachelor,0.4,116398.32
Backend Developer,Master,0.9,113107.49
Backend Developer,Bachelor,0.0,99710.78
Data Scientist,Bachelor,3.1,167155.85
Backend Developer,Bachelor,2.9,128291.82
ML Engineer,Bachelor,1.9,155224.95
Cloud Architect,Master,4.5,208376.75
AI Researcher,PhD,1.1,172306.3
AI Researcher,Master,2.3,166765.17
Data Engineer,Bachelor,2.8,156217.56
Cloud Architect,Bachelor,1.0,151038.93
AI Researcher,High School,2.2,161454.65
Data Engineer,Bachelor,4.8,163424.11
Cloud Architect,Bachelor,2.4,170883.31
ML Engineer,Master,0.0,128498.05
DevOps Engineer,PhD,3.8,160857.19
ML Engineer,High School,3.3,173966.59
Data Scientist,Bachelor,0.3,126772.64
Software Engineer,Bachelor,3.5,148405.55
DevOps Engineer,High School,1.0,117073.06
Software Engineer,Bachelor,0.4,105450.6
Data Scientist,Bachelor,0.2,118364.18
Software Engineer,Master,2.1,137131.58
DevOps Engineer,PhD,2.0,142758.82
Data Scientist,PhD,2.4,157630.49
Data Scientist,High School,2.1,150836.86
Software Engineer,Master,1.5,127524.05
Data Engineer,Master,1.5,127721.31
AI Researcher,PhD,3.5,186882.95
DevOps Engineer,Bachelor,1.1,108660.55
AI Researcher,Master,0.1,141973.85
AI Researcher,Bachelor,3.2,185741.55
Data Scientist,High School,0.0,114515.91
ML Engineer,High School,0.2,136147.62
AI Researcher,Master,0.3,138947.86
Software Engineer,PhD,1.5,140427.65
Software Engineer,Bachelor,4.0,156809.88
Data Engineer,PhD,0.0,123324.39
ML Engineer,Bachelor,2.1,154674.33
DevOps Engineer,Bachelor,3.0,129495.94
Software Engineer,Bachelor,1.8,129561.21
ML Engineer,PhD,0.0,147366.51
Software Engineer,Bachelor,3.2,146486.69
AI Researcher,Bachelor,2.4,167308.12
Data Engineer,Master,0.0,111424.42
Backend Developer,Master,1.5,113942.27
Data Scientist,Master,2.2,148028.04
Data Scientist,PhD,5.4,203149.12
ML Engineer,High School,1.8,162041.26
Data Scientist,Bachelor,2.0,148541.93
Backend Developer,Bachelor,2.5,130375.28
Cloud Architect,Master,3.1,179849.62
Data Engineer,High School,2.6,131306.24
ML Engineer,PhD,3.1,178996.79
Backend Developer,Master,3.9,145238.08
Software Engineer,Bachelor,2.4,135202.06
ML Engineer,Master,3.2,168295.63
Backend Developer,Master,0.5,100901.77
Cloud Architect,Master,1.1,159469.56
Backend Developer,Bachelor,2.0,119671.65
ML Engineer,Bachelor,3.9,175581.22
Data Scientist,Bachelor,1.8,140117.92
Data Engineer,Bachelor,4.1,156675.49
Data Scientist,Master,2.5,164913.81
Data Engineer,Master,0.3,107849.28
DevOps Engineer,Bachelor,4.5,152173.52
Data Engineer,PhD,3.3,163412.21
AI Researcher,Bachelor,0.6,141553.34
DevOps Engineer,Bachelor,0.4,115059.97
Data Scientist,Master,0.6,117685.2
DevOps Engineer,Master,1.5,126947.17
Data Scientist,Bachelor,0.0,108121.22
AI Researcher,PhD,1.9,183840.72
Data Engineer,Bachelor,0.7,118292.36
Software Engineer,Bachelor,2.9,144118.71
AI Researcher,PhD,0.0,146981.84
Data Scientist,Master,3.3,151584.1
AI Researcher,Master,1.5,151457.17
Data Engineer,Master,0.8,123337.21
ML Engineer,High School,2.8,175954.77
Software Engineer,Master,3.3,142857.24
Data Engineer,Bachelor,1.9,136920.89
Backend Developer,PhD,1.0,124985.84
AI Researcher,Bachelor,2.5,175676.25
AI Researcher,Bachelor,2.2,160444.93
Data Scientist,Bachelor,0.0,119308.96
Cloud Architect,Bachelor,0.0,134268.6
Cloud Architect,PhD,1.8,179128.23
Cloud Architect,PhD,2.9,197718.67
Data Engineer,Bachelor,1.5,122980.04
Software Engineer,Master,1.4,122668.46
DevOps Engineer,Master,0.0,110273.02
Backend Developer,Master,2.9,125479.55
AI Researcher,PhD,0.5,160377.54
ML Engineer,Bachelor,2.5,157334.21
Software Engineer,Bachelor,2.1,131805.2
Data Engineer,High School,3.0,144060.6
AI Researcher,Bachelor,1.0,152887.48
Cloud Architect,Master,1.0,166761.06
AI Researcher,PhD,2.8,195184.86
ML Engineer,Bachelor,3.5,172972.23
Software Engineer,Bachelor,2.1,130467.18
ML Engineer,PhD,3.7,198810.71
AI Researcher,Bachelor,2.9,177676.95
Cloud Architect,Master,1.8,165167.86
ML Engineer,Master,2.5,161504.84
Software Engineer,Bachelor,3.9,153307.85
AI Researcher,Bachelor,2.1,156867.92
Data Engineer,PhD,0.0,134491.71
Backend Developer,PhD,2.8,134709.17
AI Researcher,Bachelor,1.2,139765.39
Software Engineer,PhD,2.0,145139.28
Data Scientist,PhD,2.5,157601.23
Cloud Architect,Bachelor,5.5,220816.81
Software Engineer,PhD,1.4,139293.93
Backend Developer,Master,2.4,122851.38
Cloud Architect,Bachelor,3.3,182293.47
Software Engineer,Bachelor,2.7,141419.58
DevOps Engineer,Bachelor,3.8,149325.14
DevOps Engineer,PhD,3.7,153157.91
Backend Developer,Master,2.7,134670.66
DevOps Engineer,Master,1.5,121470.49
AI Researcher,Bachelor,4.2,197137.05
Data Engineer,PhD,1.3,141400.4
AI Researcher,Bachelor,3.3,167709.42
Data Engineer,Bachelor,3.7,168618.46
Cloud Architect,Bachelor,2.8,179827.11
ML Engineer,Bachelor,1.0,147693.87
AI Researcher,PhD,0.0,149664.35
Data Engineer,Master,3.4,161466.41
Cloud Architect,High School,2.4,170865.92
Data Scientist,Master,1.5,138161.95
Software Engineer,Bachelor,0.1,112414.93
Software Engineer,PhD,1.6,143498.71
DevOps Engineer,PhD,3.2,145703.13
DevOps Engineer,PhD,2.4,145773.84
AI Researcher,Master,3.2,179123.87
DevOps Engineer,Bachelor,1.8,124345.58
Backend Developer,Master,0.0,102626.89
Backend Developer,Bachelor,2.4,124869.89
Backend Developer,Bachelor,1.7,120267.3
AI Researcher,Bachelor,3.4,182945.02
Data Scientist,Master,0.5,125434.75
DevOps Engineer,PhD,1.1,138026.74
Data Engineer,Master,0.0,116823.67
ML Engineer,Master,0.1,121754.81
Backend Developer,Bachelor,1.7,112248.14
DevOps Engineer,Master,1.4,123820.61
ML Engineer,Bachelor,1.3,142281.95
Backend Developer,Bachelor,3.0,126018.51
AI Researcher,Bachelor,1.6,156580.68
Backend Developer,Bachelor,2.4,120289.98
DevOps Engineer,High School,2.7,136781.35
Data Engineer,Bachelor,0.9,125478.24
DevOps Engineer,Bachelor,1.2,120232.15
ML Engineer,Bachelor,1.3,145477.68
DevOps Engineer,Bachelor,1.0,111992.92
Data Engineer,Bachelor,1.1,127254.98
Cloud Architect,Bachelor,0.0,129940.3
Data Engineer,High School,1.3,123143.41
Data Scientist,Master,2.5,151218.28
Cloud Architect,Bachelor,0.0,137108.07
Cloud Architect,Master,2.3,165973.08
Cloud Architect,PhD,4.4,212728.55
ML Engineer,Master,3.4,177680.34
Software Engineer,PhD,2.9,153619.79
DevOps Engineer,PhD,3.1,143810.92
DevOps Engineer,Bachelor,3.9,148017.71
AI Researcher,Master,0.0,132642.39
Data Scientist,Master,0.0,121601.5
Data Engineer,Bachelor,1.1,128265.96
AI Researcher,Bachelor,0.1,138751.53
ML Engineer,Bachelor,1.8,146879.41
DevOps Engineer,High School,5.2,156028.16
Backend Developer,PhD,1.4,122114.75
Backend Developer,Master,3.8,131778.51
Data Scientist,Bachelor,1.9,134504.64
Backend Developer,Master,1.2,105584.83
Cloud Architect,Bachelor,3.0,175986.93
Data Scientist,Bachelor,0.7,124274.39
Backend Developer,Bachelor,0.7,111306.39
AI Researcher,High School,2.1,162781.09
Software Engineer,Bachelor,1.9,129040.13
AI Researcher,PhD,1.9,177409.06
Software Engineer,High School,2.9,140175.82
Software Engineer,PhD,1.4,144542.38
DevOps Engineer,Master,0.7,113759.02
Data Scientist,High School,3.3,165387.51
Software Engineer,High School,0.0,100519.38
AI Researcher,High School,3.8,181237.01
DevOps Engineer,PhD,2.4,139987.22
Backend Developer,Bachelor,3.9,139226.36
DevOps Engineer,High School,3.9,139158.16
AI Researcher,Bachelor,1.6,153385.99
DevOps Engineer,High School,2.2,126458.01
AI Researcher,Bachelor,2.2,161779.01
Backend Developer,Master,0.2,97690.88
Cloud Architect,Master,3.3,189291.01
AI Researcher,PhD,2.9,186901.77
Software Engineer,Master,0.2,115206.12
ML Engineer,Master,0.0,134162.03
DevOps Engineer,Bachelor,0.3,106186.94
DevOps Engineer,Bachelor,3.5,143857.96
Data Engineer,Master,2.6,144201.86
Data Scientist,Bachelor,0.3,124456.47
Software Engineer,PhD,0.8,134787.58
DevOps Engineer,PhD,2.5,140468.7
Cloud Architect,Master,1.8,167926.81
Data Engineer,Master,1.0,125736.9
Software Engineer,PhD,0.1,121228.66
Data Scientist,Master,2.2,137629.32
Cloud Architect,Master,3.9,192006.45
ML Engineer,PhD,0.0,150173.84
DevOps Engineer,High School,0.3,108806.77
Software Engineer,Master,2.2,136946.75
AI Researcher,Master,2.2,172300.92
Backend Developer,Master,0.4,108902.59
Cloud Architect,PhD,3.9,217094.63
Data Engineer,PhD,3.1,169117.24
AI Researcher,Master,0.8,149674.31
AI Researcher,Master,1.8,163469.56
Software Engineer,High School,5.0,166868.9
Data Scientist,Bachelor,1.7,141806.97
AI Researcher,Master,1.9,160184.67
DevOps Engineer,High School,1.2,115553.94
AI Researcher,Bachelor,2.0,159688.08
Cloud Architect,Master,1.6,172339.75
Backend Developer,Bachelor,2.1,118865.58
DevOps Engineer,Bachelor,0.0,104635.16
Data Scientist,Bachelor,1.3,143339.62
AI Researcher,Bachelor,0.8,140551.47
DevOps Engineer,PhD,2.6,147108.26
Backend Developer,PhD,3.7,139985.39
Cloud Architect,Bachelor,5.5,220752.63
DevOps Engineer,High School,0.5,107267.62
ML Engineer,PhD,1.1,154874.44
Backend Developer,Master,0.1,92284.89
Data Scientist,Bachelor,0.0,120151.08
DevOps Engineer,PhD,2.5,143630.74
AI Researcher,Master,0.9,147257.26
ML Engineer,PhD,1.6,171712.74
Cloud Architect,Bachelor,4.6,209352.0
ML Engineer,High School,0.4,134711.72
Software Engineer,Bachelor,0.2,114551.13
ML Engineer,Master,1.8,149616.82
Data Scientist,Master,0.8,128510.12
Software Engineer,PhD,2.0,144617.47
ML Engineer,Bachelor,4.6,188533.3
Data Scientist,Bachelor,4.3,176012.83
Software Engineer,Bachelor,2.4,139092.06
Cloud Architect,PhD,0.0,155245.4
Backend Developer,Bachelor,3.9,135521.35
AI Researcher,Bachelor,1.8,153924.61
Software Engineer,High School,0.0,103749.12
Data Engineer,Bachelor,4.8,175710.34
Data Engineer,Master,1.7,130492.67
DevOps Engineer,PhD,1.8,141376.12
AI Researcher,Master,0.2,131234.0
ML Engineer,Master,4.6,187955.54
Data Engineer,Master,2.0,129250.76
Data Scientist,PhD,1.5,145669.68
Cloud Architect,PhD,1.6,186049.25
Backend Developer,Master,0.1,98298.07
Cloud Architect,Master,1.5,161257.55
ML Engineer,Bachelor,0.1,129808.83
Backend Developer,PhD,0.0,102859.84
Data Scientist,Master,1.4,127917.3
Cloud Architect,Bachelor,3.2,181562.34
Cloud Architect,Master,4.7,218225.69
DevOps Engineer,Bachelor,0.0,105781.66
AI Researcher,Bachelor,3.5,179197.63
ML Engineer,Bachelor,3.1,164243.69
Cloud Architect,Master,0.1,128360.67
Data Scientist,Master,1.7,136358.48
ML Engineer,PhD,1.0,165403.68
ML Engineer,Master,3.6,172194.25
Cloud Architect,Bachelor,1.4,159242.37
Data Engineer,Bachelor,3.8,156610.7
Backend Developer,PhD,4.8,162132.86
Cloud Architect,Bachelor,0.7,145060.27
Software Engineer,Master,0.3,113165.85
DevOps Engineer,Bachelor,0.3,115260.36
Data Engineer,Master,2.1,140755.23
Data Engineer,Master,2.8,143161.86
Cloud Architect,Bachelor,2.7,186375.24
Cloud Architect,PhD,0.7,167288.93
Data Scientist,Bachelor,2.6,148863.75
ML Engineer,Bachelor,0.9,142572.23
Cloud Architect,Master,3.6,187414.03
DevOps Engineer,PhD,1.5,140804.71
Software Engineer,Master,1.0,128301.53
Data Engineer,Bachelor,0.4,122292.51
AI Researcher,Bachelor,1.1,150744.18
AI Researcher,Master,1.0,152439.52
Cloud Architect,Bachelor,4.5,207038.07
Cloud Architect,Bachelor,2.3,173946.57
ML Engineer,Master,1.9,160606.65
Software Engineer,PhD,1.9,132092.16
AI Researcher,Master,0.0,129287.72
Software Engineer,High School,1.2,129658.02
Backend Developer,High School,0.0,98454.39
Backend Developer,Master,1.4,106917.68
Software Engineer,Master,2.3,130691.9
Backend Developer,Bachelor,4.5,142210.68
Cloud Architect,Master,2.6,168030.69
Cloud Architect,PhD,1.4,170900.99
Software Engineer,PhD,2.7,149112.58
Backend Developer,Bachelor,3.1,135823.44
Cloud Architect,Master,0.0,132820.43
Software Engineer,PhD,2.0,144671.57
Data Engineer,Master,2.8,146631.99
Cloud Architect,High School,1.7,160231.44
Backend Developer,Bachelor,2.2,115553.23
ML Engineer,Bachelor,1.4,142682.02
Backend Developer,Master,2.6,128070.47
AI Researcher,PhD,1.6,165642.76
Data Scientist,PhD,2.2,163497.66
Software Engineer,Master,1.4,125707.24
Cloud Architect,PhD,0.0,150624.7
Cloud Architect,PhD,4.6,219517.9
DevOps Engineer,Bachelor,1.4,115098.64
Data Scientist,Master,2.4,153100.84
ML Engineer,Bachelor,1.5,157920.17
DevOps Engineer,Master,0.2,111824.61
Data Engineer,Bachelor,1.2,123504.05
Data Scientist,Bachelor,1.7,143020.02
Data Scientist,Master,4.9,180133.89
Data Scientist,Bachelor,1.4,132661.84
Data Scientist,Bachelor,0.9,138392.07
Software Engineer,Master,4.7,168833.13
Data Scientist,PhD,3.1,160530.43
Backend Developer,Bachelor,3.1,131640.26
AI Researcher,Master,3.9,188961.0
ML Engineer,Master,2.1,152109.67
Data Scientist,High School,1.1,136468.33
DevOps Engineer,PhD,0.3,113092.68
ML Engineer,PhD,4.7,202665.51
Cloud Architect,Master,2.4,174456.28
Software Engineer,Bachelor,0.7,114663.37
Data Scientist,High School,2.0,135083.12
DevOps Engineer,Master,2.6,125283.95
Software Engineer,Master,0.6,119120.61
DevOps Engineer,Bachelor,5.1,164602.39
Cloud Architect,PhD,3.9,211442.07
Software Engineer,Master,1.0,134984.4
AI Researcher,Master,0.0,131914.52
Cloud Architect,PhD,3.4,202260.71
AI Researcher,Master,2.8,185039.39
Software Engineer,High School,1.6,121640.67
Backend Developer,Master,1.0,103361.88
Data Engineer,Master,3.1,151047.43
Cloud Architect,PhD,4.9,220286.17
Cloud Architect,PhD,0.0,152549.5
DevOps Engineer,Bachelor,4.8,153667.97
Cloud Architect,High School,3.0,187279.41
Data Scientist,Bachelor,1.7,145213.55
Software Engineer,PhD,2.0,134845.71
AI Researcher,PhD,0.3,148218.37
Cloud Architect,Master,0.8,152314.24
Backend Developer,Bachelor,3.4,133410.03
Cloud Architect,PhD,3.5,203122.02
DevOps Engineer,Master,1.9,117988.0
Cloud Architect,High School,0.2,143324.09
AI Researcher,PhD,3.2,191776.55
Cloud Architect,Bachelor,2.4,176367.27
Backend Developer,PhD,1.3,130953.27
Data Scientist,Bachelor,3.3,168283.19
Data Scientist,PhD,2.7,155762.44
Cloud Architect,PhD,2.2,181423.39
Data Engineer,Bachelor,2.6,137871.89
AI Researcher,PhD,5.0,214711.51
Software Engineer,Bachelor,0.0,117628.3
Backend Developer,Bachelor,5.1,154552.95
Data Engineer,High School,1.1,134460.38
Software Engineer,Bachelor,0.9,118646.66
AI Researcher,Master,3.8,184718.59
DevOps Engineer,High School,2.6,140473.45
Cloud Architect,High School,4.2,196945.4
Software Engineer,High School,0.7,117823.08
AI Researcher,Bachelor,2.1,163214.22
Data Engineer,Bachelor,1.2,134789.82
ML Engineer,Master,1.1,145312.08
Data Scientist,Bachelor,0.2,124338.47
Data Scientist,Bachelor,3.6,159351.55
Software Engineer,Master,3.0,140112.53
Backend Developer,Master,2.8,123985.7
Data Scientist,Bachelor,1.4,147881.71
Cloud Architect,High School,3.5,184968.11
Backend Developer,Bachelor,3.6,133733.91
ML Engineer,Bachelor,4.1,185599.05
Backend Developer,Master,0.6,107838.96
Cloud Architect,High School,3.8,198348.51
DevOps Engineer,Bachelor,0.1,104296.19
AI Researcher,Bachelor,3.1,175156.68
AI Researcher,Master,1.0,142936.15
Software Engineer,PhD,2.3,144512.45
ML Engineer,PhD,3.2,187011.53
ML Engineer,Bachelor,2.2,159945.17
DevOps Engineer,Bachelor,2.4,132861.14
Data Engineer,Bachelor,2.8,145248.05
Data Scientist,Master,2.3,132336.41
Software Engineer,Bachelor,5.0,163986.66
Cloud Architect,Master,1.8,171148.35
DevOps Engineer,Bachelor,2.7,128264.44
ML Engineer,Bachelor,3.2,173538.8
Cloud Architect,PhD,1.3,169065.25
Data Scientist,Master,3.4,161617.48
AI Researcher,Bachelor,3.4,189058.48
Backend Developer,Bachelor,2.3,125501.25
Cloud Architect,Bachelor,3.4,190777.33
Cloud Architect,Bachelor,0.1,147443.29
DevOps Engineer,High School,1.3,121248.06
Data Engineer,PhD,2.3,147649.1
AI Researcher,PhD,0.7,149705.7
Backend Developer,Bachelor,1.6,120206.71
AI Researcher,Master,0.1,138219.35
Software Engineer,Master,1.3,120910.42
Backend Developer,Master,0.0,116414.16
Software Engineer,PhD,3.9,161958.35
Backend Developer,Bachelor,0.6,110524.86
AI Researcher,Bachelor,0.0,130505.07
Cloud Architect,Bachelor,2.4,167981.56
Data Engineer,PhD,3.8,174727.31
ML Engineer,Bachelor,2.5,166511.0
Cloud Architect,Master,1.6,155924.47
DevOps Engineer,PhD,2.4,131356.13
Backend Developer,Bachelor,1.7,104258.43
Cloud Architect,Master,0.2,146348.59
Software Engineer,PhD,0.0,121553.51
Data Engineer,Bachelor,2.0,134640.75
ML Engineer,Master,0.9,139642.57
Data Engineer,Bachelor,2.3,136205.11
Cloud Architect,PhD,1.4,174038.2
Backend Developer,Bachelor,0.7,111247.36
DevOps Engineer,Bachelor,1.8,129534.2
ML Engineer,Bachelor,1.3,157198.46
AI Researcher,PhD,1.1,162946.9
ML Engineer,PhD,2.9,187064.35
Data Scientist,PhD,2.2,155276.34
ML Engineer,Bachelor,1.4,149069.61
ML Engineer,PhD,1.9,175112.84
Data Engineer,Master,1.2,135356.59
Cloud Architect,Master,1.0,160110.39
Data Scientist,Bachelor,4.0,175825.78
DevOps Engineer,Bachelor,3.9,152123.15
Backend Developer,PhD,4.8,157262.56
Software Engineer,PhD,1.4,142492.31
Data Scientist,High School,3.4,156098.37
Software Engineer,Bachelor,0.8,113780.87
AI Researcher,Bachelor,1.9,167021.57
AI Researcher,Master,4.5,203475.63
AI Researcher,Master,2.3,169421.65
Data Engineer,Master,0.0,115693.78
Data Scientist,Bachelor,1.9,146718.13
Software Engineer,PhD,3.3,157619.81
Data Scientist,PhD,1.3,153252.54
Software Engineer,Bachelor,2.1,135691.85
DevOps Engineer,High School,0.2,104954.96
DevOps Engineer,PhD,0.8,119917.98
Data Scientist,Bachelor,2.6,154201.58
Data Engineer,Bachelor,0.0,116727.73
Data Scientist,Bachelor,3.6,159791.33
Data Engineer,Bachelor,0.0,117129.35
Cloud Architect,Master,3.9,193716.78
AI Researcher,Master,2.7,171160.05
Cloud Architect,PhD,4.2,218559.92
Data Engineer,Bachelor,1.1,124662.69
Backend Developer,Master,5.4,162522.08
Cloud Architect,Bachelor,2.2,177931.78
Cloud Architect,Master,0.0,140117.0
Cloud Architect,PhD,1.6,177642.49
Cloud Architect,Bachelor,0.9,151679.25
Backend Developer,Master,0.6,108432.35
Data Scientist,Master,3.1,157467.3
AI Researcher,High School,1.3,159669.11
Software Engineer,Master,0.3,113727.44
Data Engineer,Bachelor,0.4,114882.35
Software Engineer,Bachelor,1.0,114545.24
DevOps Engineer,High School,1.5,119249.25
DevOps Engineer,Master,2.6,133843.51
Data Scientist,PhD,0.4,136955.16
DevOps Engineer,Master,2.6,135185.18
Software Engineer,Bachelor,2.0,126702.18
Data Scientist,PhD,0.5,131259.62
AI Researcher,Bachelor,4.6,194347.86
AI Researcher,PhD,2.2,171384.92
Backend Developer,Master,2.2,110333.1
Data Engineer,Bachelor,3.6,155299.95
Cloud Architect,Master,4.3,200925.17
DevOps Engineer,High School,1.6,122199.57
Backend Developer,Bachelor,3.6,132812.98
Data Engineer,Bachelor,1.0,130542.58
Cloud Architect,Bachelor,5.2,210304.62
ML Engineer,Bachelor,1.0,139553.9
Data Engineer,Master,0.8,126477.18
AI Researcher,PhD,4.5,212980.78
Software Engineer,Bachelor,1.7,122850.29
AI Researcher,PhD,2.1,179872.84
Cloud Architect,Master,2.6,174067.94
Backend Developer,Master,0.3,102766.9
Data Engineer,Master,4.0,167043.57
AI Researcher,Master,0.6,142772.04
DevOps Engineer,Bachelor,2.5,131204.5
Backend Developer,Master,2.0,119547.77
AI Researcher,High School,2.3,177627.9
Backend Developer,PhD,0.7,119263.81
Cloud Architect,Bachelor,2.8,176169.14
Software Engineer,Bachelor,1.0,122760.4
Data Scientist,Bachelor,4.3,174983.26
ML Engineer,High School,2.9,161682.23
Backend Developer,Bachelor,4.1,141957.48
ML Engineer,Master,3.1,170630.96
Software Engineer,High School,3.2,142312.17
ML Engineer,Bachelor,3.6,179893.75
AI Researcher,Bachelor,0.0,138512.49
ML Engineer,PhD,3.0,184766.39
AI Researcher,High School,3.0,178023.52
AI Researcher,Bachelor,1.5,163145.94
DevOps Engineer,Master,4.5,149535.01
Cloud Architect,Bachelor,0.0,138214.17
DevOps Engineer,Master,2.7,130022.32
Software Engineer,Master,1.1,115854.94
AI Researcher,Master,1.8,164197.35
Data Engineer,Bachelor,3.2,152591.72
Backend Developer,Bachelor,3.4,131648.71
Software Engineer,Bachelor,4.2,160986.28
ML Engineer,High School,5.8,203283.1
Data Engineer,Master,3.3,161673.31
Software Engineer,Bachelor,0.8,123890.47
Data Engineer,Bachelor,0.0,118448.8
ML Engineer,High School,1.4,146588.5
DevOps Engineer,Bachelor,3.0,133715.67
DevOps Engineer,PhD,2.5,144071.57
Backend Developer,PhD,0.4,114011.54
Data Engineer,PhD,2.5,153710.09
Backend Developer,Bachelor,2.4,132036.88
Data Engineer,Bachelor,0.9,124154.13
AI Researcher,Bachelor,1.6,158590.1
Software Engineer,Bachelor,1.6,118549.09
ML Engineer,Master,2.5,174884.73
ML Engineer,High School,3.6,174101.34
Data Scientist,PhD,3.7,180208.06
Software Engineer,Master,0.0,109000.97
Software Engineer,Bachelor,4.7,155116.99
ML Engineer,High School,0.0,123113.81
Software Engineer,Bachelor,4.6,163003.47
DevOps Engineer,Bachelor,1.6,109815.83
ML Engineer,Master,3.1,176042.56
ML Engineer,Bachelor,2.3,153277.8
Data Engineer,PhD,3.3,168733.8
Software Engineer,Bachelor,2.0,137682.76
Backend Developer,Bachelor,1.5,104908.34
Software Engineer,Bachelor,4.5,157300.52
Cloud Architect,Bachelor,3.5,194635.2
ML Engineer,High School,3.2,172044.58
AI Researcher,Master,3.1,172982.79
DevOps Engineer,Master,0.9,112799.61
Cloud Architect,Master,0.9,157492.05
Data Engineer,Bachelor,2.1,145755.8
Data Scientist,Bachelor,2.8,152680.68
ML Engineer,PhD,4.3,193775.42
AI Researcher,Bachelor,2.9,173266.54
ML Engineer,Bachelor,1.6,164836.4
Cloud Architect,Bachelor,3.8,185675.34
Data Engineer,Master,2.7,143376.7
Software Engineer,Master,0.7,116241.58
Data Engineer,Bachelor,2.0,123224.84
DevOps Engineer,Master,0.7,119502.73
Software Engineer,Master,3.6,148287.06
Cloud Architect,Bachelor,0.9,152366.36
ML Engineer,Bachelor,4.5,201037.93
Cloud Architect,Master,2.6,185269.02
ML Engineer,Bachelor,0.2,128594.67
Software Engineer,Bachelor,1.7,133251.68
Cloud Architect,Master,1.7,165597.45
Data Engineer,High School,4.4,166412.12
Backend Developer,Bachelor,2.1,121209.62
DevOps Engineer,High School,3.3,137925.08
Data Scientist,PhD,5.5,199384.49
Cloud Architect,Bachelor,1.3,157656.4
Data Scientist,Bachelor,0.5,122552.56
Software Engineer,Master,0.9,115477.58
Software Engineer,High School,4.2,149257.8
Backend Developer,Bachelor,3.5,122226.92
Software Engineer,Bachelor,2.8,146711.52
ML Engineer,Master,2.2,156009.56
DevOps Engineer,Master,2.2,115946.24
Data Scientist,PhD,0.0,140159.58
Data Scientist,High School,2.7,155129.38
Backend Developer,Master,1.4,117360.13
Data Engineer,Master,2.7,150789.3
Data Scientist,Bachelor,3.1,152412.58
AI Researcher,Bachelor,3.5,177245.31
AI Researcher,Master,2.3,164347.71
DevOps Engineer,Bachelor,0.3,110493.79
ML Engineer,Master,1.3,147422.01
Backend Developer,Bachelor,0.8,114316.43
DevOps Engineer,Bachelor,2.8,133351.44
Backend Developer,Bachelor,1.9,123485.47
Software Engineer,Bachelor,0.7,128469.25
Data Engineer,PhD,3.3,169423.69
DevOps Engineer,High School,5.3,164064.9
DevOps Engineer,Master,2.4,134399.2
Data Engineer,PhD,2.7,157140.89
Backend Developer,PhD,3.7,153635.05
Data Engineer,Bachelor,2.8,147710.9
Backend Developer,High School,3.3,140865.57
ML Engineer,PhD,1.1,149097.59
ML Engineer,PhD,4.6,202286.12
Cloud Architect,Bachelor,2.8,170010.71
Data Scientist,Master,0.7,130163.35
DevOps Engineer,High School,2.5,126982.92
AI Researcher,Master,2.9,166722.4
AI Researcher,High School,2.2,170061.25
Data Engineer,Master,0.0,120272.31
Backend Developer,PhD,1.3,122723.93
AI Researcher,Bachelor,0.5,136480.36
DevOps Engineer,Bachelor,1.6,122443.63
AI Researcher,Bachelor,3.5,174860.47
DevOps Engineer,Master,0.0,104735.08
DevOps Engineer,High School,2.1,134788.63
Backend Developer,PhD,2.4,139175.55
DevOps Engineer,PhD,4.3,165100.18
DevOps Engineer,Bachelor,0.3,108873.94
DevOps Engineer,Master,1.1,107994.91
Backend Developer,Master,0.0,107403.89
Backend Developer,Bachelor,0.0,99684.64
Software Engineer,Master,1.6,130985.73
Data Scientist,Bachelor,1.3,140275.52
Cloud Architect,Bachelor,1.4,161917.27
Data Scientist,PhD,0.6,148798.14
DevOps Engineer,High School,0.0,102683.0
Backend Developer,Bachelor,1.3,108839.27
Software Engineer,Bachelor,1.5,123877.4
Cloud Architect,High School,5.0,209338.31
Software Engineer,Bachelor,1.3,126047.99
Software Engineer,Master,2.3,132375.32
ML Engineer,PhD,1.2,158958.63
AI Researcher,Bachelor,5.4,206083.43
DevOps Engineer,Master,1.6,119275.63
Data Scientist,PhD,1.2,147970.41
Data Engineer,Master,1.2,129506.81
Data Engineer,Bachelor,4.3,173435.02
Cloud Architect,Master,0.0,137773.59
Cloud Architect,Master,6.7,241025.92
ML Engineer,PhD,1.5,169518.25
Backend Developer,Master,1.9,115125.17
Software Engineer,High School,3.6,148405.74
Data Scientist,High School,3.2,161909.05
AI Researcher,High School,0.9,145706.88
Data Engineer,PhD,5.8,194822.67
Software Engineer,Master,0.0,112985.94
Data Scientist,High School,4.3,167036.57
Software Engineer,PhD,4.1,173924.79
DevOps Engineer,Master,0.4,105720.44
Backend Developer,Bachelor,3.7,130893.1
Software Engineer,Bachelor,4.8,173129.71
AI Researcher,Bachelor,0.0,140963.31
AI Researcher,Bachelor,2.3,169365.2
ML Engineer,Bachelor,3.5,169451.81
AI Researcher,Bachelor,1.5,149774.09
Backend Developer,Bachelor,2.7,117218.7
AI Researcher,Bachelor,1.9,166657.93
Backend Developer,PhD,2.9,135970.04
Backend Developer,Master,4.3,135793.4
Data Engineer,Master,1.6,134516.23
Data Scientist,Master,3.7,164075.54
ML Engineer,Master,0.9,146083.15
ML Engineer,Bachelor,2.9,171595.63
Software Engineer,High School,4.8,164869.66
Software Engineer,High School,0.8,119471.06
Cloud Architect,Master,3.2,176476.21
Cloud Architect,Master,3.3,188158.53
AI Researcher,PhD,3.1,190312.69
Cloud Architect,Master,2.7,187321.98
AI Researcher,Bachelor,1.5,151831.93
ML Engineer,High School,2.1,155084.3
ML Engineer,Master,4.9,196474.88
Backend Developer,Master,1.9,123235.8
Software Engineer,Master,1.1,129416.61
DevOps Engineer,Bachelor,3.2,137100.73
Software Engineer,Bachelor,3.0,145446.46
Data Engineer,PhD,3.1,170349.92
Cloud Architect,PhD,0.3,156616.08
Data Scientist,Bachelor,4.2,169902.24
Software Engineer,Master,0.7,121413.05
Software Engineer,Bachelor,1.1,121104.49
Cloud Architect,Bachelor,0.2,146775.82
Software Engineer,Bachelor,0.0,108859.51
AI Researcher,Bachelor,1.6,154041.17
Data Scientist,Bachelor,0.0,120169.01
AI Researcher,Master,3.7,180629.83
AI Researcher,Bachelor,0.9,150959.81
AI Researcher,Master,1.8,158170.59
DevOps Engineer,Bachelor,2.2,127707.39
Software Engineer,Master,1.3,121360.74
Backend Developer,Bachelor,1.7,112590.8
Backend Developer,Bachelor,3.9,130388.04
DevOps Engineer,Bachelor,0.9,120302.67
Software Engineer,High School,3.4,149337.17
Cloud Architect,Bachelor,3.4,184516.99
AI Researcher,Bachelor,1.9,154649.49
ML Engineer,Master,2.8,172267.12
Data Engineer,Bachelor,3.7,156962.98
AI Researcher,PhD,0.0,141031.5
AI Researcher,High School,2.5,168335.26
AI Researcher,Bachelor,0.0,136007.34
Cloud Architect,PhD,5.2,226538.03
Data Scientist,PhD,3.5,179449.18
AI Researcher,Bachelor,2.2,170017.52
AI Researcher,PhD,2.1,184791.57
Data Scientist,Bachelor,2.1,138161.73
Backend Developer,Bachelor,0.2,98974.18
Software Engineer,High School,2.7,140032.87
Data Engineer,Bachelor,1.8,142009.55
ML Engineer,Master,2.6,159915.65
AI Researcher,Bachelor,0.7,135423.64
Data Scientist,Bachelor,5.2,179750.65
DevOps Engineer,Bachelor,0.0,107263.41
Data Scientist,Bachelor,2.8,149861.31
Software Engineer,Bachelor,3.2,144671.83
Software Engineer,PhD,5.2,174570.06
Data Scientist,PhD,3.4,171428.95
Backend Developer,Master,0.0,97622.14
Backend Developer,Bachelor,2.7,134316.13
Software Engineer,PhD,2.3,142735.18
Software Engineer,Bachelor,0.0,107508.73
Software Engineer,Master,2.1,127410.73
AI Researcher,PhD,0.0,158207.64
DevOps Engineer,PhD,0.0,120258.97
DevOps Engineer,PhD,0.0,119768.88
Data Scientist,Bachelor,1.8,144078.98
Data Scientist,Bachelor,3.5,161898.33
ML Engineer,Bachelor,4.5,183081.19
DevOps Engineer,Bachelor,0.6,109564.95
Software Engineer,Master,0.0,100915.17
AI Researcher,Master,0.5,141309.56
Backend Developer,Bachelor,3.1,120756.12
Data Engineer,High School,1.1,117367.42
Data Scientist,Master,2.8,150224.82
DevOps Engineer,PhD,0.0,115015.91
DevOps Engineer,Master,0.4,106896.78
Data Scientist,PhD,1.1,145762.39
ML Engineer,Master,4.2,186175.59
AI Researcher,Master,2.6,169720.27
Software Engineer,Bachelor,0.7,114882.09
Software Engineer,PhD,0.0,124587.69
Software Engineer,High School,2.9,149326.85
AI Researcher,Master,3.8,186553.16
Data Scientist,Master,1.5,140423.31
Data Scientist,PhD,3.5,179059.03
AI Researcher,Bachelor,4.7,199943.45
DevOps Engineer,Master,0.5,112829.2
Data Engineer,PhD,5.9,193708.89
AI Researcher,PhD,4.1,204033.08
DevOps Engineer,Bachelor,2.4,128242.34
AI Researcher,PhD,2.6,185245.72
Software Engineer,Bachelor,3.5,146281.23
Data Engineer,Master,2.8,141537.63
DevOps Engineer,Bachelor,1.7,116843.79
Software Engineer,PhD,2.3,139359.88
Data Engineer,Master,0.0,114167.5
ML Engineer,Master,0.0,129771.9
Data Scientist,Master,0.0,123022.54
AI Researcher,Master,2.5,168642.51
Data Scientist,Master,1.3,128163.83
Cloud Architect,Bachelor,0.9,151159.73
AI Researcher,Master,1.6,151616.93
Cloud Architect,Bachelor,4.2,192659.47
Software Engineer,PhD,3.7,154918.88
Data Scientist,Bachelor,2.4,159420.22
Data Scientist,Bachelor,0.4,132672.01
Cloud Architect,Bachelor,1.9,175526.72
Data Scientist,PhD,2.6,167328.72
Cloud Architect,Master,2.6,179235.53
ML Engineer,Bachelor,1.2,145172.63
DevOps Engineer,Bachelor,0.2,110988.47
DevOps Engineer,Master,1.1,121388.04
AI Researcher,PhD,1.9,177204.19
Cloud Architect,Bachelor,2.6,177879.88
AI Researcher,Bachelor,2.4,182549.95
ML Engineer,Bachelor,1.6,149360.62
Backend Developer,Bachelor,1.4,121370.45
Data Engineer,Master,2.6,147668.77
Cloud Architect,PhD,1.8,175897.7
DevOps Engineer,PhD,2.0,136982.28
DevOps Engineer,PhD,0.0,114206.4
AI Researcher,Bachelor,2.5,169900.4
Backend Developer,High School,0.0,106137.14
Data Scientist,High School,2.5,146609.92
DevOps Engineer,Bachelor,2.3,136048.55
ML Engineer,High School,5.0,195895.87
ML Engineer,Master,2.0,162477.33
ML Engineer,PhD,3.0,188650.77
Software Engineer,Bachelor,2.5,124107.04
Backend Developer,Bachelor,1.6,118035.5
Data Scientist,Bachelor,0.9,132451.28
DevOps Engineer,Master,4.2,155962.22
ML Engineer,Bachelor,3.6,177325.09
ML Engineer,PhD,2.1,171819.21
Cloud Architect,Master,2.7,171486.17
Backend Developer,Bachelor,1.7,117461.38
Data Engineer,Bachelor,0.9,122055.08
ML Engineer,Master,0.0,131641.8
Software Engineer,Bachelor,0.9,114152.35
Backend Developer,Master,1.3,113592.4
Data Engineer,Master,1.1,122276.43
Backend Developer,Master,0.0,100995.73
Data Scientist,Bachelor,0.2,119479.96
Backend Developer,PhD,2.7,136608.34
DevOps Engineer,Bachelor,3.7,141923.88
ML Engineer,Bachelor,3.1,174329.05
AI Researcher,Master,1.7,169927.43
Cloud Architect,Master,1.4,164126.81
AI Researcher,Master,2.8,163903.93
AI Researcher,Master,1.7,157431.61
ML Engineer,Bachelor,1.3,158150.34
AI Researcher,PhD,3.8,198201.13
Software Engineer,Bachelor,2.6,144103.69
AI Researcher,Master,1.2,160888.6
Data Scientist,PhD,4.2,169371.82
Backend Developer,Bachelor,2.9,127915.93
DevOps Engineer,Bachelor,2.3,133427.81
ML Engineer,Bachelor,2.4,162562.2
Data Scientist,Master,0.0,112925.05
AI Researcher,High School,1.6,156330.19
ML Engineer,PhD,1.3,153098.75
Data Engineer,Master,3.3,151491.99
Software Engineer,High School,0.0,115451.81
ML Engineer,Bachelor,3.5,177457.46
AI Researcher,Master,2.6,166782.38
Data Engineer,High School,2.7,150193.87
DevOps Engineer,Bachelor,0.4,112856.84
Software Engineer,Master,1.3,116618.84
Software Engineer,PhD,1.4,126308.87
AI Researcher,PhD,0.9,161616.66
Software Engineer,PhD,1.8,134257.1
DevOps Engineer,Master,3.1,144903.58
ML Engineer,Bachelor,2.9,169384.2
DevOps Engineer,Bachelor,1.6,117059.09
Data Engineer,Master,2.7,149105.34
ML Engineer,Bachelor,3.3,175763.66
ML Engineer,PhD,0.0,141805.03
Cloud Architect,Bachelor,1.2,159016.41
ML Engineer,High School,2.4,158127.66
Data Scientist,Master,0.0,127568.43
ML Engineer,High School,0.8,138517.21
Cloud Architect,Master,0.0,146031.82
DevOps Engineer,Master,1.5,118007.99
Data Scientist,Master,2.0,142418.59
Software Engineer,Bachelor,0.0,119901.38
DevOps Engineer,Master,5.1,155102.3
AI Researcher,Master,0.0,132116.73
Data Engineer,Bachelor,0.6,117932.84
AI Researcher,High School,1.2,142571.52
ML Engineer,Master,0.0,127627.27
Cloud Architect,Bachelor,6.1,223257.16
ML Engineer,Bachelor,3.9,182785.6
AI Researcher,Bachelor,1.9,151141.98
AI Researcher,PhD,0.0,149374.2
DevOps Engineer,Bachelor,1.8,119013.18
Data Scientist,Master,0.7,127679.78
Data Engineer,Bachelor,2.4,139010.2
ML Engineer,Bachelor,3.7,182343.14
Cloud Architect,Master,0.1,146120.33
Data Engineer,Bachelor,1.9,138715.14
AI Researcher,Bachelor,0.0,129921.24
Software Engineer,Master,2.7,140575.15
ML Engineer,PhD,1.7,165522.62
ML Engineer,High School,0.0,129528.52
Backend Developer,PhD,1.6,123484.79
DevOps Engineer,Bachelor,3.4,139660.32
DevOps Engineer,Master,1.5,117864.77
AI Researcher,Bachelor,1.8,164619.01
DevOps Engineer,Master,0.7,119846.16
Backend Developer,Master,4.9,144140.2
Software Engineer,Bachelor,3.3,140691.97
Software Engineer,PhD,1.9,147074.16
Backend Developer,Bachelor,2.0,111715.51
Software Engineer,Bachelor,1.8,130709.11
Cloud Architect,Bachelor,1.3,163944.04
Data Scientist,PhD,1.6,158176.04
Data Scientist,Master,0.2,118938.26
DevOps Engineer,Master,0.1,98386.49
AI Researcher,Bachelor,2.7,164545.98
Software Engineer,Bachelor,3.3,149312.77
Software Engineer,PhD,0.5,134746.34
Data Engineer,PhD,2.8,157653.65
ML Engineer,PhD,0.3,147643.52
Data Scientist,PhD,0.2,126181.16
Data Engineer,PhD,2.0,146243.99
Software Engineer,Bachelor,1.6,130718.08
Cloud Architect,PhD,0.0,146538.61
Data Engineer,Master,2.1,131997.85
AI Researcher,Bachelor,0.0,137831.21
Data Engineer,Bachelor,1.6,134610.85
ML Engineer,Bachelor,1.2,146026.49
DevOps Engineer,PhD,3.1,148945.54
Software Engineer,Master,3.3,143903.48
ML Engineer,PhD,3.4,195172.31
Backend Developer,Bachelor,2.4,113607.12
Backend Developer,Bachelor,1.1,105724.91
Data Engineer,Bachelor,2.3,137466.57
ML Engineer,Master,4.2,191912.44
Data Engineer,Bachelor,3.7,166067.19
Cloud Architect,PhD,1.8,177651.34
DevOps Engineer,PhD,2.6,140227.01
Data Scientist,Master,2.7,157101.04
Software Engineer,PhD,1.2,142412.12
Software Engineer,Bachelor,0.6,125946.65
ML Engineer,PhD,1.4,164723.36
Backend Developer,Bachelor,3.4,135688.89
Data Engineer,Bachelor,2.9,141375.02
ML Engineer,High School,0.6,132836.94
Backend Developer,Master,1.4,110088.51
Data Engineer,Bachelor,2.2,135446.59
ML Engineer,PhD,3.3,192034.43
Software Engineer,Master,0.1,118106.97
AI Researcher,PhD,1.2,162884.83
Software Engineer,Bachelor,1.8,135496.21
Data Engineer,Bachelor,0.6,126161.73
Data Engineer,Master,3.7,154519.44
Cloud Architect,PhD,0.0,158422.46
Cloud Architect,PhD,0.0,147160.49
Software Engineer,High School,0.9,113035.6
Data Engineer,Master,1.9,141836.23
Data Engineer,Bachelor,2.3,137754.03
Backend Developer,Master,3.7,136301.12
Data Scientist,Master,1.0,128332.36
AI Researcher,Master,0.1,133235.32
Software Engineer,Master,1.9,126254.72
Software Engineer,Bachelor,2.6,140630.24
ML Engineer,PhD,2.0,160859.23
AI Researcher,Master,1.3,155940.66
Software Engineer,Bachelor,1.3,122526.5
ML Engineer,PhD,1.7,169205.85
ML Engineer,Bachelor,0.6,136481.36
Data Scientist,Master,1.0,134990.33
Data Scientist,Bachelor,0.0,121635.74
DevOps Engineer,Bachelor,1.9,120760.77
Backend Developer,PhD,1.9,131483.25
Cloud Architect,Bachelor,0.8,156582.7
Software Engineer,High School,2.0,133206.68
Data Scientist,Bachelor,0.8,125403.82
Software Engineer,Master,3.6,162039.0
Cloud Architect,PhD,1.0,167907.02
Software Engineer,PhD,0.0,117807.86
Data Engineer,Master,2.4,137693.01
Data Engineer,Bachelor,0.4,114982.62
DevOps Engineer,Master,3.3,141584.6
Backend Developer,Bachelor,0.2,116088.5
ML Engineer,Bachelor,1.4,144357.45
Software Engineer,Master,0.3,106140.22
ML Engineer,PhD,0.0,140769.24
DevOps Engineer,Master,2.4,132279.39
Data Engineer,Master,1.2,123518.54
Data Engineer,Master,1.6,137871.84
Software Engineer,Master,4.2,145647.25
ML Engineer,Bachelor,0.4,134869.28
Data Engineer,Bachelor,0.1,116876.98
AI Researcher,PhD,0.3,144151.74
AI Researcher,Master,2.2,168262.29
Data Scientist,Master,3.9,162404.23
ML Engineer,Bachelor,2.5,152469.08
DevOps Engineer,Bachelor,0.9,108446.83
Cloud Architect,Bachelor,1.5,161716.18
ML Engineer,Master,1.3,147022.7
DevOps Engineer,Master,2.9,140679.99
Data Scientist,Master,2.8,151429.14
Software Engineer,PhD,0.6,121385.66
Data Engineer,Bachelor,1.2,135009.89
Data Engineer,Master,2.2,155973.63
Data Scientist,Master,0.0,115605.69
Data Scientist,High School,0.5,130118.84
AI Researcher,Bachelor,0.0,134224.32
ML Engineer,Bachelor,0.7,135871.02
DevOps Engineer,PhD,1.8,130268.06
Cloud Architect,Bachelor,0.0,149217.28
Backend Developer,High School,3.2,131065.04
DevOps Engineer,PhD,3.0,148332.77
Data Engineer,Master,2.5,148701.62
Data Engineer,High School,3.7,155894.28
Data Scientist,High School,2.3,142090.2
Data Engineer,Master,2.4,142582.76
DevOps Engineer,Bachelor,1.1,114238.68
AI Researcher,Master,0.9,145985.42
ML Engineer,Bachelor,2.3,164842.88
Software Engineer,Master,5.2,167001.04
Data Engineer,Bachelor,2.1,141775.74
AI Researcher,PhD,1.0,161986.1
Data Engineer,Bachelor,1.9,132747.61
Backend Developer,Master,0.0,102195.33
ML Engineer,Bachelor,4.0,179832.89
Cloud Architect,Bachelor,0.3,135748.88
Data Engineer,Bachelor,4.4,162952.62
AI Researcher,Master,1.3,146500.28
Data Scientist,Bachelor,1.5,138553.77
Software Engineer,High School,2.3,126751.57
AI Researcher,PhD,3.0,190129.84
Software Engineer,Bachelor,2.8,137286.18
Cloud Architect,Bachelor,0.0,145358.67
Data Scientist,PhD,2.5,167846.93
Data Engineer,Bachelor,3.9,164412.61
DevOps Engineer,High School,2.6,123180.39
Cloud Architect,Master,0.7,150524.13
Software Engineer,PhD,0.7,138356.43
AI Researcher,Bachelor,3.8,180644.53
AI Researcher,Bachelor,2.2,165161.91
Software Engineer,Master,3.1,139429.59
Data Scientist,Bachelor,1.6,138540.32
Data Scientist,Master,3.7,162353.28
Software Engineer,PhD,0.0,116861.57
ML Engineer,Bachelor,0.5,128913.93
ML Engineer,Master,3.6,180170.99
Cloud Architect,PhD,2.2,187124.09
Data Engineer,Bachelor,2.2,139513.43
Data Scientist,Bachelor,4.1,173638.25
Data Engineer,PhD,3.4,168572.57
Data Scientist,Master,2.2,139500.34
DevOps Engineer,Master,3.0,141279.35
ML Engineer,Bachelor,3.5,175080.1
Software Engineer,PhD,0.2,123226.53
Software Engineer,PhD,2.0,138173.52
Data Scientist,Master,2.1,143767.75
DevOps Engineer,Bachelor,1.9,125389.17
Cloud Architect,PhD,0.8,162999.27
Data Engineer,Master,1.5,139198.94
ML Engineer,Master,4.0,179526.17
DevOps Engineer,Master,1.6,128276.41
Cloud Architect,PhD,0.0,160917.88
Data Engineer,Bachelor,3.0,152861.7
Software Engineer,PhD,1.5,137190.79
DevOps Engineer,Bachelor,3.1,144197.4
Data Scientist,Master,0.6,131628.08
Data Engineer,Bachelor,0.6,115489.87
DevOps Engineer,Master,0.2,103887.51
Data Scientist,Master,1.6,142320.61
Cloud Architect,Master,2.3,173317.36
Software Engineer,High School,1.9,132493.4
Data Engineer,Bachelor,4.0,156911.44
Software Engineer,Bachelor,3.4,149162.75
AI Researcher,Bachelor,2.8,171625.26
DevOps Engineer,Bachelor,2.6,126900.45
AI Researcher,PhD,3.1,186815.73
Data Scientist,Bachelor,2.8,155358.67
DevOps Engineer,Bachelor,3.3,140402.32
DevOps Engineer,Master,3.2,142725.8
Data Engineer,High School,4.3,153753.98
Data Scientist,Master,3.1,161070.19
AI Researcher,Bachelor,2.1,162794.0
Data Scientist,Master,1.2,131977.65
Data Engineer,Bachelor,4.0,165619.7
Backend Developer,Bachelor,5.1,155482.69
Data Engineer,Master,0.4,121789.67
AI Researcher,Bachelor,1.1,148962.55
Data Engineer,Bachelor,2.3,148282.83
Software Engineer,Master,3.2,135447.19
Backend Developer,PhD,2.0,126974.45
ML Engineer,High School,3.6,187915.33
Data Scientist,Master,4.9,182220.92
Data Scientist,Bachelor,1.8,141247.79
Data Engineer,Master,0.0,111500.36
Backend Developer,PhD,3.4,151156.06
DevOps Engineer,Bachelor,2.0,120636.89
Data Engineer,Master,4.5,160978.12
AI Researcher,Master,0.0,131756.37
Software Engineer,Bachelor,3.4,147767.23
DevOps Engineer,High School,0.0,93514.95
Software Engineer,Bachelor,1.2,125646.27
ML Engineer,Bachelor,0.0,128874.23
Data Scientist,Master,2.4,152623.77
DevOps Engineer,Master,4.3,150259.7
ML Engineer,High School,2.1,156494.83
Backend Developer,Bachelor,0.0,97669.76
DevOps Engineer,Master,3.4,134183.17
Backend Developer,High School,4.1,149300.53
Cloud Architect,PhD,4.5,212385.08
Cloud Architect,PhD,4.1,219570.69
AI Researcher,Bachelor,0.0,133600.43
ML Engineer,PhD,2.5,174684.62
AI Researcher,Bachelor,2.7,169063.0
AI Researcher,PhD,0.0,144874.88
Cloud Architect,PhD,1.1,169414.81
Data Engineer,Master,4.0,164646.64
Data Scientist,Bachelor,2.4,140543.17
Software Engineer,Master,5.1,166844.28
Cloud Architect,Bachelor,3.7,187724.75
Backend Developer,PhD,0.0,109730.04
ML Engineer,Master,0.0,121951.03
Cloud Architect,PhD,1.5,172955.63
Software Engineer,Bachelor,1.8,143932.73
Cloud Architect,PhD,2.8,182724.36
Backend Developer,Master,2.4,131056.5
ML Engineer,High School,4.5,185493.91
DevOps Engineer,Master,0.0,107142.79
AI Researcher,Master,0.6,144536.61
Cloud Architect,PhD,2.5,194509.34
DevOps Engineer,Master,0.3,101932.85
Backend Developer,Bachelor,4.9,156145.03
Software Engineer,Bachelor,1.0,125763.23
Data Scientist,Master,0.0,125932.61
Data Engineer,Bachelor,0.2,115721.29
DevOps Engineer,Master,3.5,133925.54
Data Scientist,PhD,1.1,149247.07
Data Scientist,Bachelor,1.1,127223.33
Backend Developer,PhD,0.3,114505.94
Cloud Architect,Bachelor,2.4,167090.68
Backend Developer,Bachelor,1.1,100104.64
Cloud Architect,PhD,0.6,162232.84
Data Engineer,Bachelor,3.4,156202.68
Backend Developer,Bachelor,4.0,138960.25
Data Scientist,PhD,5.1,186631.5
Data Engineer,Master,1.2,122412.21
ML Engineer,Master,1.1,141235.05
Data Scientist,Master,2.7,151287.81
Software Engineer,Master,1.1,124163.85
Backend Developer,Bachelor,3.8,132662.38
Data Scientist,PhD,2.2,147811.78
DevOps Engineer,PhD,1.8,123428.3
Data Engineer,Bachelor,3.5,151493.23
Data Engineer,Master,3.8,162657.41
Data Engineer,Bachelor,2.4,141127.24
DevOps Engineer,Master,3.1,138889.17
AI Researcher,PhD,3.1,197985.55
AI Researcher,Bachelor,1.3,143835.49
Backend Developer,Bachelor,3.0,132327.43
ML Engineer,Master,2.7,160570.38
Data Scientist,PhD,0.0,132226.1
DevOps Engineer,PhD,3.5,149105.57
AI Researcher,Master,0.0,127845.71
Data Scientist,Bachelor,1.7,129891.16
AI Researcher,High School,4.0,195539.62
Cloud Architect,Master,2.8,175521.68
ML Engineer,Bachelor,1.0,140264.67
Data Engineer,Bachelor,1.2,131134.21
ML Engineer,PhD,3.4,197691.95
Data Scientist,PhD,0.0,134380.68
Software Engineer,Master,2.3,125372.71
Data Scientist,Master,2.4,154526.19
Backend Developer,Bachelor,1.7,117557.07
Software Engineer,PhD,4.0,162338.05
ML Engineer,Master,1.4,153081.6
Cloud Architect,Master,1.6,156795.96
ML Engineer,PhD,1.4,166980.84
Software Engineer,Bachelor,1.2,125005.56
Data Engineer,PhD,2.7,163238.09
Data Engineer,Bachelor,0.3,126092.32
Backend Developer,Bachelor,4.1,140953.06
Cloud Architect,PhD,1.7,176319.02
Data Engineer,Bachelor,3.4,158180.7
DevOps Engineer,Master,4.2,156617.29
Data Engineer,PhD,0.1,130214.74
Data Scientist,PhD,0.0,136262.72
AI Researcher,Master,1.9,154087.11
Cloud Architect,Bachelor,2.1,167673.59
Data Engineer,Bachelor,4.1,161491.25
AI Researcher,PhD,4.4,210667.28
Backend Developer,Master,4.0,136945.43
Data Scientist,Master,0.0,124762.2
Cloud Architect,Bachelor,3.6,192782.98
ML Engineer,Master,2.5,163415.34
Software Engineer,High School,1.2,127406.36
AI Researcher,Master,0.5,140715.74
Data Engineer,Master,0.0,122994.8
Backend Developer,Master,2.4,126042.12
DevOps Engineer,Bachelor,2.2,134292.25
AI Researcher,Bachelor,0.0,129303.13
Data Engineer,Master,2.2,142059.26
Data Scientist,High School,0.6,124224.96
DevOps Engineer,Master,0.7,104657.95
AI Researcher,Bachelor,1.6,160490.41
Software Engineer,Bachelor,0.1,114527.59
DevOps Engineer,PhD,1.6,126334.9
Software Engineer,Master,3.3,145183.28
Backend Developer,PhD,2.3,135441.43
Backend Developer,Master,3.7,130004.02
Cloud Architect,High School,3.8,195290.28
Backend Developer,PhD,1.4,118025.6
Data Scientist,Master,3.5,161422.66
ML Engineer,Bachelor,3.3,166949.83
Backend Developer,Bachelor,1.1,117295.01
Backend Developer,Master,1.5,114941.38
ML Engineer,Bachelor,2.8,158529.95
ML Engineer,Master,3.2,176705.18
Cloud Architect,PhD,2.6,196951.21
Cloud Architect,High School,0.2,133897.34
AI Researcher,Master,2.1,161764.87
Software Engineer,Master,4.2,146573.43
ML Engineer,Master,2.2,162307.78
Software Engineer,PhD,1.6,134586.76
Backend Developer,Master,1.3,104672.47
DevOps Engineer,Bachelor,3.0,143377.64
AI Researcher,Bachelor,4.1,187518.51
DevOps Engineer,Bachelor,2.2,135726.03
Cloud Architect,PhD,2.5,191462.68
Data Engineer,High School,1.0,124188.5
ML Engineer,Bachelor,3.2,171775.77
AI Researcher,High School,1.8,165226.92
Cloud Architect,PhD,3.5,203998.24
Cloud Architect,Master,3.6,185746.82
Data Engineer,Bachelor,3.0,152817.93
Data Scientist,Master,1.6,140999.68
Cloud Architect,High School,0.6,156788.45
ML Engineer,Master,1.9,147690.31
ML Engineer,Master,2.2,157673.85
Data Engineer,PhD,3.8,174150.26
DevOps Engineer,Bachelor,0.9,114296.4
DevOps Engineer,Master,2.5,126143.84
DevOps Engineer,Bachelor,5.4,162016.93
Data Scientist,PhD,2.5,155998.89
Software Engineer,Bachelor,5.2,172270.61
Cloud Architect,Bachelor,1.4,158984.74
Backend Developer,Bachelor,1.9,119567.25
DevOps Engineer,PhD,3.1,144326.38
Backend Developer,Master,2.3,118223.51
AI Researcher,Master,2.0,161241.96
ML Engineer,Bachelor,0.9,139791.49
Data Engineer,Master,2.8,137090.3
ML Engineer,Bachelor,2.9,173602.95
DevOps Engineer,PhD,1.6,140122.38
Data Engineer,PhD,1.0,131491.05
AI Researcher,Bachelor,0.0,135641.85
Backend Developer,Bachelor,0.3,105540.18
Data Engineer,Master,1.9,135428.61
Software Engineer,PhD,1.5,133147.33
ML Engineer,High School,2.0,150216.06
AI Researcher,Bachelor,0.0,131953.69
Software Engineer,High School,1.3,124382.76
DevOps Engineer,Bachelor,4.4,155339.19
Data Scientist,PhD,3.4,180176.02
Backend Developer,Bachelor,2.8,136674.82
ML Engineer,Master,1.5,144106.75
Software Engineer,High School,2.1,124408.74
ML Engineer,PhD,2.8,187277.51
Data Engineer,Master,0.6,115150.94
Backend Developer,Master,1.7,119778.75
Data Engineer,Bachelor,1.3,128360.86
Backend Developer,Bachelor,1.5,121772.62
ML Engineer,Bachelor,1.9,150529.22
Cloud Architect,PhD,1.7,174121.52
Cloud Architect,High School,3.6,188007.91
ML Engineer,PhD,0.1,140733.11
AI Researcher,Bachelor,3.8,183375.15
Software Engineer,Master,2.2,132161.33
Software Engineer,Bachelor,3.2,140567.31
Cloud Architect,Bachelor,1.8,159714.83
Data Scientist,High School,1.9,142536.97
Software Engineer,Master,2.6,129010.67
Software Engineer,Master,1.3,127037.23
Data Scientist,Bachelor,1.3,130119.31
Data Scientist,Master,3.3,167762.49
ML Engineer,Bachelor,0.3,131176.96
Backend Developer,Master,3.2,122746.83
Cloud Architect,Master,2.0,168649.62
DevOps Engineer,Bachelor,4.3,148310.93
DevOps Engineer,PhD,1.5,135217.35
Data Engineer,Master,2.0,132404.68
Cloud Architect,Bachelor,2.2,166689.32
AI Researcher,PhD,0.0,152044.68
Backend Developer,Bachelor,3.4,124915.04
AI Researcher,Bachelor,4.2,183879.36
Software Engineer,Bachelor,1.2,124207.41
Cloud Architect,Master,2.4,178500.05
Data Scientist,Bachelor,3.8,163557.69
Data Scientist,Master,1.5,134401.26
Software Engineer,Master,0.7,121701.3
Data Scientist,Bachelor,3.2,160705.55
ML Engineer,Bachelor,0.0,130887.0
Data Scientist,PhD,0.7,152226.36
Data Scientist,High School,2.2,145656.33
Software Engineer,High School,0.3,111149.77
Cloud Architect,Bachelor,2.6,174906.72
Software Engineer,Bachelor,1.6,132240.42
Cloud Architect,PhD,0.1,152929.39
Software Engineer,Bachelor,3.5,152805.12
ML Engineer,Master,5.1,191363.11
Backend Developer,Master,0.8,98750.55
Data Scientist,High School,4.7,168188.22
Data Scientist,Bachelor,1.9,141704.15
Data Scientist,PhD,1.6,154106.88
Cloud Architect,Bachelor,1.2,162173.58
AI Researcher,Master,1.6,155063.85
Software Engineer,Bachelor,2.3,130427.44
Backend Developer,Bachelor,2.8,125122.71
DevOps Engineer,Bachelor,0.1,103375.06
AI Researcher,Bachelor,3.2,176177.91
AI Researcher,Bachelor,1.2,156480.13
Software Engineer,Master,0.9,117685.02
AI Researcher,Bachelor,2.6,169424.69
Backend Developer,PhD,1.5,122386.84
ML Engineer,Bachelor,1.7,155368.43
ML Engineer,PhD,1.8,166715.65
Data Scientist,High School,2.9,153642.75
ML Engineer,Bachelor,1.0,139999.57
Software Engineer,Master,2.0,127077.47
Backend Developer,Bachelor,4.8,151632.33
Cloud Architect,Bachelor,1.9,167951.99
AI Researcher,Master,4.8,207138.22
Cloud Architect,Master,4.6,204096.2
Data Engineer,Bachelor,0.0,117918.52
DevOps Engineer,PhD,2.7,144335.02
Data Engineer,High School,3.3,146524.35
Data Scientist,Bachelor,0.0,119180.08
Software Engineer,Bachelor,3.2,147174.41
Cloud Architect,Master,2.7,174045.29
Data Scientist,Master,4.6,164848.61
Data Engineer,Master,0.4,121247.85
Data Engineer,Master,0.3,120025.49
ML Engineer,Master,1.5,148119.87
AI Researcher,Bachelor,2.9,173648.53
Data Engineer,PhD,2.0,152155.63
AI Researcher,High School,2.7,171777.1
Data Engineer,Master,1.8,137575.6
Software Engineer,Bachelor,1.2,115875.55
Backend Developer,Master,3.3,137281.02
ML Engineer,High School,2.4,168725.36
Cloud Architect,Master,1.4,151524.8
Data Scientist,Master,1.6,137278.61
Data Engineer,Bachelor,2.3,132314.98
Backend Developer,Bachelor,3.2,129620.41
DevOps Engineer,Master,3.8,144321.79
ML Engineer,High School,3.9,176058.34
Software Engineer,Bachelor,1.8,124521.25
Cloud Architect,PhD,1.7,184460.9
ML Engineer,Master,0.0,131498.97
Cloud Architect,Bachelor,1.2,165118.85
ML Engineer,Master,2.2,165184.76
Cloud Architect,Bachelor,0.6,150843.8
Cloud Architect,Master,0.0,142835.18
AI Researcher,Bachelor,2.1,159966.78
Software Engineer,Master,0.2,104102.57
Cloud Architect,Master,0.5,146203.09
Data Engineer,High School,2.3,138663.87
Software Engineer,Master,0.3,114341.17
Software Engineer,PhD,3.0,160563.5
Cloud Architect,PhD,1.7,167763.59
Data Engineer,Bachelor,3.1,152273.72
Data Engineer,High School,0.0,110164.86
Backend Developer,Bachelor,2.5,125562.63
Data Engineer,Bachelor,2.5,148306.66
Backend Developer,PhD,0.3,120925.38
Backend Developer,Bachelor,0.8,108431.28
Backend Developer,PhD,2.6,140877.59
Backend Developer,High School,1.9,124465.56
AI Researcher,High School,0.0,135122.8
ML Engineer,Bachelor,0.0,123848.9
Software Engineer,Bachelor,2.5,133549.63
Software Engineer,Bachelor,5.6,173855.91
ML Engineer,PhD,2.9,181343.06
ML Engineer,Bachelor,0.3,136198.46
Data Scientist,Master,0.0,114676.99
Cloud Architect,Master,2.3,170089.63
Data Scientist,Bachelor,0.6,128138.52
ML Engineer,Bachelor,1.6,149535.9
Cloud Architect,Master,1.2,154055.79
Cloud Architect,PhD,1.8,171870.77
Backend Developer,PhD,1.1,118450.75
Cloud Architect,Bachelor,3.4,188304.09
Data Engineer,PhD,4.6,178132.21
ML Engineer,Master,3.2,172652.74
Cloud Architect,PhD,1.3,172175.84
DevOps Engineer,Master,0.3,109437.19
Cloud Architect,Bachelor,3.4,178391.31
Data Engineer,Master,3.5,162669.0
DevOps Engineer,Master,2.9,136460.5
Cloud Architect,Master,3.1,177500.51
Software Engineer,PhD,0.0,124273.59
AI Researcher,Master,4.4,185360.66
Cloud Architect,Master,0.6,144316.21
ML Engineer,Bachelor,1.5,147558.37
AI Researcher,PhD,1.7,174780.69
DevOps Engineer,Bachelor,2.2,135170.29
Data Scientist,Bachelor,3.3,161474.06
Cloud Architect,Bachelor,2.6,166137.36
AI Researcher,Bachelor,5.1,204561.02
AI Researcher,PhD,2.4,179811.95
Backend Developer,Master,2.6,125319.77
Software Engineer,Master,1.9,128423.48
ML Engineer,High School,1.2,140956.7
Data Engineer,Bachelor,1.4,128664.3
DevOps Engineer,Bachelor,3.6,137904.83
Cloud Architect,Master,3.4,187937.53
AI Researcher,Bachelor,3.3,178653.59
Backend Developer,PhD,0.0,104094.72
DevOps Engineer,PhD,2.2,139512.55
AI Researcher,Master,0.0,142326.23
AI Researcher,PhD,1.7,166928.76
DevOps Engineer,Bachelor,2.7,126241.72
Backend Developer,Master,1.2,110705.04
AI Researcher,PhD,2.9,185478.1
Data Scientist,Master,2.5,151892.09
Software Engineer,Bachelor,1.0,125254.78
Data Scientist,Master,2.0,140476.32
Data Engineer,Master,1.4,125017.08
Backend Developer,Master,2.1,115106.66
Cloud Architect,Master,2.3,171611.87
Cloud Architect,Bachelor,3.0,181630.28
Data Engineer,Master,0.0,110633.49
ML Engineer,PhD,0.0,144281.54
Data Engineer,Bachelor,1.8,135696.25
Backend Developer,Master,1.0,107976.32
Backend Developer,Bachelor,3.7,139427.87
Software Engineer,Bachelor,2.5,139047.57
DevOps Engineer,Bachelor,1.4,108466.98
Backend Developer,Bachelor,3.7,141925.83
Backend Developer,High School,2.0,118573.26
DevOps Engineer,High School,5.4,162903.1
Data Engineer,Master,4.0,157694.29
AI Researcher,High School,0.8,149604.46
ML Engineer,PhD,3.1,181705.93
AI Researcher,Bachelor,1.1,152542.14
Cloud Architect,PhD,2.5,195452.28
Backend Developer,Bachelor,1.4,112577.75
AI Researcher,Master,0.8,142442.73
DevOps Engineer,Bachelor,0.0,108838.28
AI Researcher,Bachelor,0.5,142162.5
DevOps Engineer,PhD,3.5,153586.93
Backend Developer,Bachelor,5.4,151572.66
ML Engineer,PhD,3.3,185349.53
Data Scientist,Bachelor,4.1,180991.57
Data Engineer,Bachelor,3.7,155657.68
Cloud Architect,Master,1.2,154670.78
Cloud Architect,High School,3.2,182305.67
AI Researcher,Bachelor,2.6,169272.4
Data Scientist,Bachelor,2.6,149863.43
Data Scientist,Bachelor,0.9,139363.78
DevOps Engineer,Bachelor,0.0,101330.63
Data Engineer,Bachelor,3.5,151405.61
Data Engineer,Master,1.4,131684.05
Backend Developer,Master,1.2,111759.07
Software Engineer,Bachelor,0.5,114984.79
Software Engineer,PhD,1.9,137361.16
AI Researcher,Master,3.7,188266.65
AI Researcher,High School,2.6,167278.58
Backend Developer,Bachelor,2.2,124067.46
Software Engineer,Bachelor,0.7,119207.68
DevOps Engineer,High School,2.0,126610.19
Data Scientist,Bachelor,2.3,149104.74
Software Engineer,Bachelor,0.9,113231.29
Backend Developer,PhD,0.3,119505.25
Cloud Architect,PhD,0.7,167906.97
AI Researcher,PhD,1.4,162689.4
ML Engineer,Bachelor,0.0,134421.86
DevOps Engineer,Bachelor,5.5,158355.1
Backend Developer,Bachelor,2.9,130377.28
AI Researcher,Bachelor,1.1,145357.95
AI Researcher,Bachelor,2.3,165554.12
Data Engineer,Master,0.0,116715.69
Cloud Architect,PhD,1.8,178711.14
Data Scientist,High School,0.3,128173.7
Data Scientist,High School,0.1,122847.61
Data Scientist,Master,1.2,129288.2
Data Scientist,High School,1.0,124118.36
AI Researcher,High School,1.0,156818.34
Data Engineer,Master,1.8,131627.98
DevOps Engineer,Master,0.2,105153.39
Backend Developer,Bachelor,0.7,100224.73
Software Engineer,PhD,2.2,142190.95
DevOps Engineer,PhD,2.8,146263.65
Software Engineer,Bachelor,0.8,117417.1
Software Engineer,Bachelor,2.0,131123.02
Data Engineer,Bachelor,1.7,133220.81
DevOps Engineer,Master,1.0,111954.37
DevOps Engineer,Master,3.0,143647.84
ML Engineer,High School,4.8,196351.95
ML Engineer,PhD,1.4,158451.26
ML Engineer,Master,1.6,152467.97
Cloud Architect,Bachelor,1.4,160502.65
DevOps Engineer,High School,0.5,115801.97
Data Engineer,Master,2.8,151713.18
Backend Developer,Bachelor,0.0,100455.71
DevOps Engineer,Bachelor,3.7,147974.8
Software Engineer,Bachelor,1.5,128852.54
Data Engineer,Master,3.3,149615.99
Cloud Architect,Bachelor,1.6,160655.25
Backend Developer,Bachelor,1.5,117114.1
Data Scientist,Bachelor,4.1,173497.19
AI Researcher,Master,0.0,138005.68
Backend Developer,Bachelor,0.0,101343.95
Software Engineer,Master,1.5,129140.66
Cloud Architect,High School,1.2,145984.7
Software Engineer,Bachelor,0.5,116345.02
Cloud Architect,Bachelor,2.1,165409.95
Data Scientist,PhD,0.8,141900.46
Software Engineer,Master,0.8,122262.51
Software Engineer,Bachelor,2.2,136239.86
DevOps Engineer,PhD,3.3,151348.86
Cloud Architect,Bachelor,3.1,187185.33
Backend Developer,PhD,2.3,131584.5
Cloud Architect,Bachelor,0.5,142712.27
DevOps Engineer,High School,3.4,134663.76
Software Engineer,Master,2.0,129993.29
AI Researcher,Master,1.6,160900.75
DevOps Engineer,Master,1.9,124780.75
DevOps Engineer,Master,0.0,106053.05
ML Engineer,Master,0.8,138626.32
Backend Developer,PhD,2.6,128373.61
ML Engineer,Bachelor,1.6,156018.89
Backend Developer,Bachelor,1.3,115924.66
Data Scientist,PhD,2.0,162703.58
AI Researcher,PhD,1.2,165953.04
Cloud Architect,Master,4.8,208856.16
Data Scientist,Master,2.7,150917.05
Backend Developer,Master,2.8,124139.78
Data Engineer,Bachelor,1.2,120225.8
Data Scientist,Bachelor,0.0,119017.4
Backend Developer,Bachelor,4.3,132048.62
Software Engineer,Bachelor,2.0,138988.18
DevOps Engineer,Bachelor,0.0,114329.9
Cloud Architect,Bachelor,2.9,179433.72
Cloud Architect,PhD,2.0,177425.38
Backend Developer,Master,4.1,142547.44
AI Researcher,Bachelor,5.6,201591.21
Software Engineer,Bachelor,2.7,143836.8
AI Researcher,Bachelor,2.6,170375.71
ML Engineer,Bachelor,1.7,141624.45
Software Engineer,Bachelor,0.7,109154.9
Cloud Architect,Bachelor,2.2,173469.42
ML Engineer,High School,5.5,199077.61
Backend Developer,Master,1.5,111196.08
Software Engineer,High School,3.2,139405.0
DevOps Engineer,PhD,0.0,124739.15
Data Scientist,PhD,3.1,168358.24
Backend Developer,Bachelor,2.8,117849.91
Cloud Architect,PhD,0.0,159886.91
Backend Developer,Master,0.5,103111.61
AI Researcher,PhD,5.0,218811.4
Software Engineer,Bachelor,2.5,128169.33
Data Scientist,Master,0.0,122030.0
Data Scientist,Master,2.4,154591.14
AI Researcher,Master,3.2,170213.72
Backend Developer,Bachelor,0.0,95829.85
Backend Developer,Bachelor,4.0,131090.79
Backend Developer,Bachelor,1.2,105411.8
ML Engineer,Bachelor,2.9,161594.4
Data Scientist,Master,0.5,126011.66
AI Researcher,Master,2.6,168494.2
Backend Developer,PhD,1.7,131006.88
Cloud Architect,Master,1.7,163429.33
Data Engineer,PhD,5.5,188274.6
Backend Developer,PhD,0.4,114944.65
Cloud Architect,PhD,5.2,220431.13
Data Scientist,Bachelor,1.9,143306.59
Data Scientist,Master,3.9,166528.56
Data Engineer,Master,2.2,140828.14
Data Scientist,Bachelor,3.0,159932.29
Data Engineer,Master,3.1,142627.95
Data Engineer,Master,2.8,149528.2
AI Researcher,Bachelor,3.2,184390.78
Cloud Architect,PhD,0.0,155737.19
Data Engineer,Master,4.2,162433.31
Data Engineer,Bachelor,1.5,133069.48
Data Scientist,Bachelor,0.3,135305.37
Data Scientist,Bachelor,4.6,175623.8
Data Engineer,Master,0.0,123067.3
DevOps Engineer,Master,1.0,118720.42
Data Engineer,Master,3.0,150589.78
Data Engineer,High School,0.8,119194.77
Cloud Architect,Master,4.7,196427.93
Data Scientist,Bachelor,1.4,131790.72
ML Engineer,Master,3.1,164646.55
ML Engineer,Master,2.2,163484.01
Data Scientist,Bachelor,0.0,128240.11
DevOps Engineer,PhD,2.1,140224.82
Data Engineer,Master,0.0,116510.68
Data Scientist,High School,0.0,124732.5
Backend Developer,Bachelor,2.0,113902.57
Data Scientist,Master,1.9,135357.99
Software Engineer,Master,0.0,111328.08
Backend Developer,Bachelor,4.8,146733.27
Backend Developer,High School,2.0,124125.58
DevOps Engineer,Master,0.0,111102.14
Software Engineer,Master,3.2,148025.67
Cloud Architect,Master,2.5,176731.69
AI Researcher,Master,1.3,152701.53
Backend Developer,Bachelor,2.9,136966.05
Cloud Architect,Bachelor,2.7,176690.33
DevOps Engineer,Bachelor,2.4,134821.9
Cloud Architect,PhD,0.9,173243.46
Cloud Architect,Bachelor,3.3,186553.6
Software Engineer,PhD,3.2,162301.79
Data Engineer,Master,3.5,151628.08
Backend Developer,High School,4.4,140553.72
Data Scientist,Bachelor,1.2,139231.3
Data Engineer,Master,3.8,157900.82
Backend Developer,PhD,4.8,144925.42
DevOps Engineer,Bachelor,3.6,132081.62
Data Engineer,High School,2.6,142749.56
AI Researcher,PhD,0.0,138796.25
Backend Developer,High School,3.7,137473.04
Data Scientist,Master,2.7,156195.43
Data Scientist,Bachelor,3.7,165485.63
Data Engineer,PhD,3.3,166308.2
Data Scientist,Bachelor,3.2,156809.84
ML Engineer,Bachelor,2.4,155741.47
Data Scientist,Master,1.4,138988.88
Software Engineer,Master,2.8,134014.4
Data Scientist,Bachelor,2.3,151234.27
Software Engineer,PhD,0.8,129199.29
Data Engineer,Master,2.1,144121.99
Data Scientist,Master,2.7,157110.6
Backend Developer,Bachelor,1.7,110527.28
ML Engineer,High School,0.0,125408.41
Backend Developer,Bachelor,1.7,111551.05
Backend Developer,Master,2.1,126246.1
Software Engineer,Bachelor,0.9,122792.71
Data Engineer,PhD,3.0,154293.32
Data Engineer,Bachelor,1.0,130137.22
ML Engineer,Bachelor,0.8,137015.37
DevOps Engineer,Bachelor,2.1,122197.51
Cloud Architect,Master,4.9,211565.8
Data Scientist,Bachelor,2.5,144093.27
AI Researcher,Master,1.4,156524.35
AI Researcher,PhD,0.6,150467.31
AI Researcher,Bachelor,0.0,136420.59
Backend Developer,Master,2.6,115396.78
Data Scientist,Master,0.0,119002.39
Data Engineer,PhD,0.6,132204.23
Software Engineer,Master,0.0,109864.88
AI Researcher,Bachelor,1.2,146556.02
Backend Developer,Master,2.1,119889.69
Cloud Architect,Master,1.2,158659.35
ML Engineer,Master,0.1,130246.38
AI Researcher,PhD,2.0,175105.3
AI Researcher,Bachelor,2.4,162100.59
Cloud Architect,Master,5.5,225366.49
ML Engineer,Master,0.0,130430.86
Cloud Architect,Master,2.3,167643.39
Data Engineer,Bachelor,1.0,129037.86
Data Engineer,Bachelor,0.8,132763.26
DevOps Engineer,Bachelor,3.6,139524.34
AI Researcher,Master,0.0,126198.95
AI Researcher,Master,5.2,205466.02
Backend Developer,Bachelor,4.6,151107.32
Cloud Architect,Master,2.2,168957.2
ML Engineer,Bachelor,1.6,149575.63
AI Researcher,High School,1.8,163637.07
AI Researcher,Master,3.7,184803.88
Data Engineer,Bachelor,4.9,166621.19
Data Engineer,Master,2.2,139482.61
Data Engineer,PhD,1.9,139629.19
Data Engineer,Bachelor,0.7,120224.7
Data Engineer,Bachelor,2.7,151022.63
AI Researcher,High School,3.1,172837.02
ML Engineer,Bachelor,0.0,136476.57
AI Researcher,Bachelor,4.4,193413.63
DevOps Engineer,Bachelor,1.8,127178.68
ML Engineer,Bachelor,3.7,176184.67
Data Engineer,PhD,1.7,158720.82
Backend Developer,PhD,0.0,102192.44
Cloud Architect,Master,0.0,140516.23
Backend Developer,Bachelor,0.5,109475.03
DevOps Engineer,Bachelor,1.9,124408.52
Backend Developer,PhD,1.1,123961.79
DevOps Engineer,Bachelor,2.4,129707.5
Data Engineer,High School,3.6,140968.34
DevOps Engineer,PhD,2.1,140871.08
Backend Developer,PhD,0.6,118811.06
Software Engineer,Master,2.4,140922.01
Data Scientist,Bachelor,0.7,132976.47
Data Engineer,High School,3.1,147726.75
Software Engineer,Master,3.0,144724.46
ML Engineer,PhD,4.1,190046.75
Cloud Architect,Master,2.9,188624.16
AI Researcher,PhD,2.6,186190.14
Data Scientist,PhD,2.3,157657.4
Backend Developer,Master,1.5,120521.38
Cloud Architect,High School,0.0,129114.32
Cloud Architect,Bachelor,4.4,196987.89
AI Researcher,PhD,2.5,184214.37
Cloud Architect,High School,3.0,184123.93
ML Engineer,Master,3.0,171045.75
AI Researcher,High School,3.0,178253.19
Cloud Architect,PhD,0.9,169378.7
ML Engineer,High School,0.0,130316.61
Backend Developer,Bachelor,4.4,131675.85
Data Engineer,PhD,1.6,144415.6
Data Scientist,Bachelor,3.7,159677.3
AI Researcher,High School,2.2,170595.36
Cloud Architect,Bachelor,1.6,166665.09
Software Engineer,Bachelor,2.3,131902.72
ML Engineer,Master,2.1,152107.82
Data Scientist,Bachelor,0.8,136324.92
Data Engineer,Master,4.2,152347.6
ML Engineer,Bachelor,0.8,137069.03
AI Researcher,Bachelor,3.2,181245.19
Cloud Architect,Bachelor,2.1,178604.35
Data Scientist,Bachelor,1.4,139437.85
Data Scientist,High School,4.6,183072.5
Backend Developer,Bachelor,3.2,127434.33
Data Engineer,Master,3.8,155237.74
ML Engineer,PhD,3.2,181052.77
Data Engineer,Master,1.6,132937.76
Data Engineer,Bachelor,3.5,154392.62
Software Engineer,PhD,2.1,146959.39
Data Engineer,Master,2.9,149280.48
Data Scientist,High School,0.5,133480.84
Software Engineer,Master,3.0,141127.68
Software Engineer,High School,0.0,107249.94
DevOps Engineer,Bachelor,0.9,108011.17
Data Scientist,Bachelor,1.9,154734.59
ML Engineer,High School,2.6,157090.23
Data Engineer,PhD,0.0,122360.95
DevOps Engineer,PhD,2.6,150026.21
Cloud Architect,Bachelor,2.1,162586.47
Software Engineer,Bachelor,1.0,121762.29
ML Engineer,Bachelor,1.3,142443.77
DevOps Engineer,Bachelor,2.9,138783.88
Cloud Architect,PhD,4.0,212087.73
Software Engineer,High School,0.1,104909.25
Backend Developer,PhD,3.0,143468.38
Data Scientist,Bachelor,0.0,127907.75
Backend Developer,Bachelor,4.1,143728.06
Data Scientist,Bachelor,2.5,150628.43
AI Researcher,Bachelor,3.5,183704.88
Data Scientist,PhD,1.9,154371.82
Cloud Architect,Bachelor,0.8,153632.79
Data Scientist,Master,2.9,160431.94
DevOps Engineer,Bachelor,2.5,126568.96
DevOps Engineer,Bachelor,5.1,152217.03
ML Engineer,Master,3.7,186747.34
Backend Developer,High School,1.9,120004.35
DevOps Engineer,High School,2.1,129267.32
Data Engineer,Master,3.4,159591.13
ML Engineer,Bachelor,2.1,152507.57
Backend Developer,Master,3.6,136252.63
Cloud Architect,Bachelor,1.7,163735.33
Backend Developer,PhD,4.2,152878.83
Backend Developer,PhD,1.7,135544.46
AI Researcher,Bachelor,0.0,139001.33
AI Researcher,Master,3.7,180273.16
Cloud Architect,Bachelor,0.9,153692.28
Data Engineer,Bachelor,1.7,142213.53
Cloud Architect,Bachelor,3.6,190120.94
DevOps Engineer,Master,0.0,103337.77
Software Engineer,Bachelor,3.0,135703.01
Cloud Architect,Bachelor,2.2,168285.56
AI Researcher,PhD,1.9,179118.2
AI Researcher,Bachelor,2.7,175969.98
Data Scientist,Bachelor,2.8,154665.99
ML Engineer,Master,1.6,156933.37
AI Researcher,Bachelor,3.9,187198.22
Backend Developer,Bachelor,0.0,94415.64
Data Scientist,Bachelor,0.0,116004.09
Backend Developer,Bachelor,1.6,118346.77
AI Researcher,Master,2.6,167840.63
Data Engineer,Master,2.6,143609.92
DevOps Engineer,Bachelor,1.5,120181.7
Cloud Architect,High School,3.3,193721.08
Data Engineer,High School,3.1,152624.94
Cloud Architect,Bachelor,1.0,150089.16
Data Engineer,Bachelor,0.7,114346.26
Backend Developer,Bachelor,0.0,92370.51
ML Engineer,Master,1.9,153960.96
Data Engineer,PhD,0.2,128981.32
AI Researcher,PhD,0.3,155430.48
Data Scientist,Master,0.2,125157.99
Data Scientist,PhD,3.6,180933.56
DevOps Engineer,Bachelor,0.9,121974.19
ML Engineer,PhD,2.6,179360.89
ML Engineer,High School,1.0,148932.21
Data Scientist,High School,2.4,142637.36
ML Engineer,Master,1.0,147709.23
Data Engineer,Bachelor,3.5,159434.27
Backend Developer,Master,1.8,104903.65
DevOps Engineer,PhD,0.0,120270.18
ML Engineer,Master,2.5,163065.36
Backend Developer,Bachelor,2.7,129678.68
Data Scientist,Master,0.3,124790.85
AI Researcher,Bachelor,0.3,135870.21
Cloud Architect,PhD,2.1,181127.85
Cloud Architect,Bachelor,3.8,187335.54
Data Scientist,High School,3.7,162067.45
Data Engineer,Bachelor,2.7,148992.31
Data Engineer,Bachelor,1.2,135640.01
ML Engineer,Bachelor,1.7,158155.74
ML Engineer,Bachelor,1.0,133922.14
Backend Developer,Bachelor,2.9,134141.21
Backend Developer,Master,2.5,124202.25
Cloud Architect,Bachelor,0.1,143765.07
Data Engineer,Bachelor,3.7,159064.99
Cloud Architect,PhD,4.3,220353.06
AI Researcher,PhD,3.1,186199.38
Cloud Architect,Bachelor,0.6,150488.44
ML Engineer,Master,2.2,160770.18
Software Engineer,High School,2.5,137394.37
AI Researcher,Bachelor,3.6,188034.67
AI Researcher,Master,1.3,151296.52
Data Scientist,Master,2.8,155360.6
Cloud Architect,PhD,3.5,203809.84
Cloud Architect,High School,1.9,175108.31
AI Researcher,Bachelor,4.2,195641.05
DevOps Engineer,PhD,0.4,121617.93
Cloud Architect,Bachelor,2.0,169178.92
AI Researcher,Master,1.1,149978.94
Software Engineer,Bachelor,3.1,144547.25
DevOps Engineer,Bachelor,4.5,160978.42
Cloud Architect,PhD,0.2,156932.63
Backend Developer,High School,2.1,119855.04
AI Researcher,Bachelor,2.9,177592.88
DevOps Engineer,Bachelor,0.0,104067.47
AI Researcher,High School,3.0,176407.36
ML Engineer,High School,0.9,144343.49
Cloud Architect,Bachelor,1.3,165629.8
DevOps Engineer,Bachelor,2.9,138599.7
Data Scientist,Bachelor,0.6,125865.48
Data Scientist,Bachelor,1.2,139519.14
DevOps Engineer,Bachelor,0.6,116236.03
ML Engineer,PhD,1.7,157638.54
DevOps Engineer,Bachelor,0.3,97134.89
ML Engineer,Bachelor,2.0,155024.91
Cloud Architect,Bachelor,2.9,185169.53
DevOps Engineer,Bachelor,0.5,109115.17
Software Engineer,High School,0.4,117783.83
Data Engineer,High School,2.5,146075.56
AI Researcher,Master,2.9,172987.96
Data Scientist,Bachelor,0.8,124560.51
Backend Developer,PhD,1.8,136406.29
Backend Developer,Master,2.4,121348.24
Data Engineer,PhD,1.7,136732.89
Software Engineer,PhD,4.2,164069.87
AI Researcher,Master,1.0,141828.9
Backend Developer,Master,1.7,113495.38
Data Engineer,Master,3.7,156135.03
ML Engineer,Bachelor,3.7,178467.99
Backend Developer,Bachelor,3.4,134787.37
Cloud Architect,Master,1.0,148418.92
Data Scientist,Master,0.0,121647.48
Data Scientist,Bachelor,2.5,146753.14
Cloud Architect,Bachelor,1.4,161139.43
Data Scientist,Master,2.7,147706.02
Data Engineer,Master,4.4,165611.76
Data Engineer,Master,0.0,110276.2
Data Engineer,Master,1.3,128344.88
Data Scientist,Bachelor,1.1,131160.19
DevOps Engineer,Master,4.0,144162.11
ML Engineer,Master,0.6,137283.12
Backend Developer,PhD,0.4,117222.01
Software Engineer,Master,2.1,129624.89
Backend Developer,Bachelor,2.4,121699.93
Backend Developer,Bachelor,1.5,114693.99
AI Researcher,Bachelor,2.2,166470.38
Cloud Architect,Master,1.6,169550.27
AI Researcher,Bachelor,2.8,170865.57
AI Researcher,Master,5.5,204458.54
Cloud Architect,Bachelor,1.0,155698.78
Software Engineer,Master,2.8,143665.99
Data Engineer,High School,0.0,120188.07
Data Scientist,Bachelor,0.0,121954.29
DevOps Engineer,Master,0.0,102561.84
Data Scientist,High School,2.7,151418.06
Data Engineer,High School,3.6,147341.37
ML Engineer,Bachelor,3.6,181592.12
Data Scientist,Master,1.4,133841.28
Software Engineer,Master,2.2,128525.63
Data Scientist,High School,0.0,115445.57
Backend Developer,Bachelor,2.8,130740.7
Backend Developer,PhD,5.0,161113.22
Software Engineer,PhD,5.5,180198.51
Cloud Architect,Bachelor,0.0,147854.82
DevOps Engineer,PhD,0.3,118451.63
Data Engineer,PhD,1.2,137695.94
ML Engineer,Bachelor,0.0,130789.64
AI Researcher,PhD,5.4,219603.38
ML Engineer,High School,2.5,163296.24
ML Engineer,Bachelor,2.4,162869.0
ML Engineer,Master,0.0,125019.37
Data Engineer,Bachelor,1.4,126678.49
ML Engineer,PhD,2.4,178520.67
Data Scientist,Bachelor,0.0,121250.73
ML Engineer,PhD,1.2,162946.2
Cloud Architect,High School,1.2,157585.34
Data Scientist,Bachelor,0.0,120260.04
Data Engineer,Bachelor,1.0,127672.85
Data Engineer,Bachelor,2.1,142180.12
Backend Developer,High School,1.3,116522.45
Data Engineer,Master,1.1,130556.46
Backend Developer,Master,0.0,94537.02
Cloud Architect,Master,1.1,153019.68
ML Engineer,PhD,3.4,192643.67
Data Engineer,Bachelor,2.0,129436.11
Backend Developer,Master,2.0,127144.69
AI Researcher,Bachelor,0.4,146248.29
Backend Developer,Bachelor,1.3,120843.78
ML Engineer,PhD,2.3,168569.53
DevOps Engineer,Master,0.4,111187.88
AI Researcher,High School,0.0,135308.81
AI Researcher,High School,3.5,181749.66
Data Scientist,Bachelor,3.1,154264.74
Data Engineer,High School,0.2,121776.86
DevOps Engineer,Bachelor,3.3,135225.23
Backend Developer,Bachelor,1.9,116064.14
Data Engineer,Master,1.6,137018.99
Data Scientist,PhD,0.0,122742.04
DevOps Engineer,Bachelor,2.6,134881.42
Software Engineer,Bachelor,1.2,115967.14
DevOps Engineer,Master,3.2,141741.42
ML Engineer,Bachelor,0.0,129837.33
Data Scientist,PhD,2.7,154441.38
Data Engineer,Master,1.2,130615.01
Data Engineer,PhD,0.0,120046.05
Data Engineer,Master,3.0,156788.15
DevOps Engineer,Bachelor,3.2,136323.29
Cloud Architect,Bachelor,2.8,181031.09
Backend Developer,Bachelor,0.7,104551.06
AI Researcher,Master,0.2,136288.91
Backend Developer,High School,0.0,95936.41
Cloud Architect,High School,0.7,144652.19
Data Engineer,Bachelor,2.0,133460.14
DevOps Engineer,Master,3.3,139467.79
Data Engineer,Master,3.2,158746.25
Backend Developer,High School,0.0,94575.66
DevOps Engineer,Bachelor,1.2,122793.45
Software Engineer,PhD,0.0,121497.55
Cloud Architect,Master,1.2,150370.46
Data Scientist,PhD,1.4,149192.19
Data Scientist,Bachelor,1.7,139871.74
DevOps Engineer,Bachelor,2.0,130000.11
Backend Developer,Bachelor,1.8,116181.46
DevOps Engineer,Master,1.7,125203.0
Backend Developer,PhD,0.0,101799.41
Data Scientist,High School,4.1,171053.67
Cloud Architect,Bachelor,2.9,179630.85
Cloud Architect,Master,4.9,204399.77
DevOps Engineer,Bachelor,3.3,144821.28
Data Engineer,Bachelor,4.0,162903.33
DevOps Engineer,PhD,3.3,160892.86
AI Researcher,Master,1.6,153733.85
Data Scientist,Bachelor,0.0,123602.06
Backend Developer,Bachelor,0.0,99899.22
AI Researcher,High School,4.2,188595.14
AI Researcher,Bachelor,0.0,140443.08
Data Scientist,Bachelor,1.6,135802.78
ML Engineer,Bachelor,1.8,151929.47
AI Researcher,Bachelor,1.6,159352.59
Software Engineer,PhD,2.8,153296.77
DevOps Engineer,Master,3.8,151338.62
ML Engineer,Bachelor,2.0,160158.73
ML Engineer,Master,3.5,170479.24
AI Researcher,High School,4.3,200070.55
DevOps Engineer,Master,2.4,135444.76
Data Engineer,Master,3.1,141704.71
Software Engineer,Bachelor,0.0,109471.54
Cloud Architect,Master,2.1,173346.66
Cloud Architect,Master,0.6,142394.37
ML Engineer,Bachelor,3.7,180084.55
DevOps Engineer,Master,1.5,115085.51
Backend Developer,Bachelor,0.1,94803.75
Data Engineer,Bachelor,2.4,135623.21
Cloud Architect,Bachelor,3.7,191695.39
ML Engineer,Master,4.3,180972.65
Cloud Architect,Bachelor,3.3,182642.79
Software Engineer,Bachelor,2.7,142644.6
Software Engineer,Bachelor,0.3,106993.92
Backend Developer,PhD,2.0,133523.08
Data Scientist,Master,1.9,150573.58
ML Engineer,PhD,1.5,162678.15
AI Researcher,PhD,4.0,207277.08
ML Engineer,Bachelor,4.6,185363.52
ML Engineer,High School,1.5,157339.76
DevOps Engineer,Bachelor,0.0,95011.41
Backend Developer,High School,1.5,114179.84
DevOps Engineer,Bachelor,2.4,135014.21
Cloud Architect,Master,1.4,160981.08
Data Scientist,Master,3.2,157953.63
ML Engineer,High School,1.9,164458.2
Data Scientist,Bachelor,2.1,154207.48
Backend Developer,Master,1.7,106059.79
DevOps Engineer,Bachelor,3.2,148498.12
Data Engineer,Master,1.8,132441.08
Backend Developer,Bachelor,1.7,111320.86
Cloud Architect,Bachelor,4.5,202235.13
ML Engineer,Bachelor,5.9,216461.56
Backend Developer,Master,0.3,112424.95
Cloud Architect,Master,1.8,171603.75
Data Engineer,Master,1.8,135259.27
Cloud Architect,PhD,0.0,158621.03
DevOps Engineer,Bachelor,0.0,101235.24
Backend Developer,PhD,1.7,125604.17
AI Researcher,High School,0.6,148391.22
AI Researcher,Master,4.4,192142.04
Backend Developer,Bachelor,2.7,129040.48
AI Researcher,PhD,2.6,189979.38
Data Engineer,Master,3.6,152842.82
DevOps Engineer,Bachelor,1.7,123258.91
Cloud Architect,Bachelor,1.8,166633.65
Data Engineer,Bachelor,0.0,120306.96
Data Engineer,Bachelor,3.1,150821.76
Backend Developer,Bachelor,2.5,128481.55
Data Scientist,Bachelor,0.7,136629.28
Cloud Architect,Master,3.8,192158.84
Data Scientist,PhD,2.0,152302.37
Backend Developer,High School,1.4,118144.34
Software Engineer,Master,3.3,150489.79
AI Researcher,Bachelor,4.3,188381.28
Software Engineer,Bachelor,1.6,122719.72
Data Engineer,Master,1.5,132780.65
Cloud Architect,PhD,2.1,177623.11
Data Scientist,PhD,0.3,140980.95
ML Engineer,PhD,2.5,180568.68
AI Researcher,Bachelor,3.2,173114.22
Backend Developer,Master,1.5,105141.46
Backend Developer,High School,2.3,124588.89
AI Researcher,Master,3.2,181566.14
Cloud Architect,Master,3.6,190512.8
Data Engineer,Bachelor,2.3,138313.28
ML Engineer,High School,1.3,150694.69
Cloud Architect,PhD,3.5,201908.66
DevOps Engineer,High School,1.9,125744.48
AI Researcher,Bachelor,1.1,155342.78
Cloud Architect,Bachelor,2.0,172892.86
Software Engineer,Bachelor,0.9,116854.29
ML Engineer,Bachelor,3.6,175697.35
Data Scientist,Bachelor,0.0,123877.09
DevOps Engineer,Bachelor,2.7,141923.53
DevOps Engineer,Bachelor,3.3,137893.26
DevOps Engineer,Master,2.4,118617.75
Backend Developer,PhD,1.1,110885.82
Data Scientist,Bachelor,2.3,156132.46
Cloud Architect,High School,1.6,166722.52
Data Scientist,Bachelor,2.1,143340.57
Backend Developer,Master,0.1,102215.87
AI Researcher,Bachelor,1.0,153038.44
Backend Developer,Bachelor,2.8,126841.09
Software Engineer,PhD,3.0,152990.75
Backend Developer,PhD,0.0,115060.94
Backend Developer,Master,0.6,102229.37
Backend Developer,Master,3.4,142961.76
Backend Developer,PhD,0.0,103867.68
Cloud Architect,Master,1.4,165725.99
ML Engineer,Master,1.9,145545.67
Data Scientist,Bachelor,0.0,110294.91
Cloud Architect,Bachelor,3.6,180864.6
Cloud Architect,Bachelor,5.6,217795.86
Data Engineer,Bachelor,0.0,110139.36
Cloud Architect,Bachelor,2.3,166338.61
AI Researcher,Bachelor,1.2,141212.93
AI Researcher,Master,1.2,155322.44
Cloud Architect,Bachelor,4.1,200933.12
ML Engineer,Bachelor,2.8,168176.83
Data Engineer,Master,2.9,146123.72
DevOps Engineer,Master,3.5,137709.51
Backend Developer,Bachelor,0.4,115635.78
Data Engineer,PhD,0.0,115183.92
ML Engineer,Bachelor,3.1,164014.83
Data Scientist,PhD,1.4,146236.12
Data Scientist,Bachelor,2.6,143802.01
AI Researcher,Bachelor,2.2,167033.18
Software Engineer,Master,4.3,159625.8
Cloud Architect,PhD,0.0,153626.2
Data Scientist,Bachelor,1.8,137506.78
Backend Developer,Master,2.3,124842.1
ML Engineer,Bachelor,3.4,176976.05
Backend Developer,PhD,2.8,126724.0
ML Engineer,Bachelor,3.8,179866.48
Data Engineer,Master,0.7,125696.63
Cloud Architect,Bachelor,1.6,167106.58
ML Engineer,Bachelor,0.9,137409.43
DevOps Engineer,High School,3.3,139064.48
Data Engineer,Master,2.5,134611.68
Software Engineer,PhD,1.8,145975.19
Backend Developer,PhD,1.9,137662.44
DevOps Engineer,High School,3.1,144055.06
Cloud Architect,Bachelor,0.1,141289.2
AI Researcher,Bachelor,3.8,189319.62
Software Engineer,Bachelor,1.4,132221.42
ML Engineer,Master,0.0,128211.37
Data Engineer,Master,0.2,118154.22
DevOps Engineer,Bachelor,6.1,169132.06
DevOps Engineer,PhD,3.3,156308.2
ML Engineer,Bachelor,3.0,173004.54
Cloud Architect,Bachelor,0.0,136135.56
DevOps Engineer,High School,1.2,118217.79
Data Scientist,Master,4.7,177967.58
Cloud Architect,Master,3.2,186258.64
DevOps Engineer,Bachelor,2.4,128069.51
Data Scientist,Bachelor,1.6,137965.26
ML Engineer,PhD,0.0,141950.5
Data Scientist,Master,0.9,127773.86
Backend Developer,Master,0.0,101882.97
Backend Developer,Bachelor,2.7,121530.16
ML Engineer,PhD,2.4,179180.26
Cloud Architect,Master,4.5,201419.03
Data Scientist,PhD,1.9,153693.7
AI Researcher,Bachelor,1.0,146749.25
Data Engineer,Master,4.5,161384.14
DevOps Engineer,Bachelor,4.0,144941.13
ML Engineer,Bachelor,4.1,184667.83
AI Researcher,Bachelor,2.4,164955.65
Data Scientist,PhD,1.3,142924.44
Software Engineer,PhD,2.6,144637.21
Software Engineer,Bachelor,0.0,104358.1
ML Engineer,Master,1.8,154860.72
Software Engineer,Bachelor,2.5,139160.13
Software Engineer,Bachelor,1.7,129454.86
Software Engineer,PhD,2.7,148729.38
Cloud Architect,High School,3.4,190570.2
DevOps Engineer,Bachelor,1.6,124949.58
Data Scientist,PhD,3.2,166994.38
AI Researcher,PhD,1.3,166815.49
Cloud Architect,Bachelor,4.4,208981.87
DevOps Engineer,Bachelor,1.5,129715.63
Cloud Architect,Bachelor,3.5,200746.32
Software Engineer,PhD,1.7,141210.41
Software Engineer,Master,4.3,156959.84
DevOps Engineer,Bachelor,2.9,137675.0
Data Scientist,Bachelor,3.4,170200.55
Backend Developer,PhD,3.5,149172.43
Data Engineer,Bachelor,1.9,134332.56
Software Engineer,Master,0.0,106344.46
Data Scientist,Master,0.0,121130.39
Software Engineer,Bachelor,3.1,149578.87
Data Scientist,Bachelor,1.5,144981.12
DevOps Engineer,High School,3.5,140867.33
Data Scientist,PhD,0.0,132600.8
Cloud Architect,Master,2.1,169284.08
DevOps Engineer,High School,1.7,116350.53
DevOps Engineer,PhD,1.6,133169.26
Backend Developer,Master,1.8,119243.54
DevOps Engineer,Master,0.0,93982.62
Data Scientist,Bachelor,0.9,128398.5
AI Researcher,PhD,1.9,172988.03
Cloud Architect,Bachelor,1.7,165204.5
ML Engineer,Bachelor,1.1,145668.3
Cloud Architect,Bachelor,3.0,181510.84
Software Engineer,Master,3.5,147486.67
DevOps Engineer,Bachelor,4.9,166089.92
DevOps Engineer,Master,1.8,121584.92
DevOps Engineer,Master,2.8,132322.45
Data Engineer,PhD,1.9,146039.84
Software Engineer,Bachelor,0.5,112903.32
Data Engineer,PhD,3.0,158689.28
AI Researcher,PhD,0.7,154728.45
Software Engineer,PhD,2.2,152371.16
Backend Developer,Bachelor,1.2,108155.22
Backend Developer,Master,2.2,118260.88
Data Scientist,Master,0.0,121886.99
Backend Developer,Bachelor,1.3,124955.57
AI Researcher,Bachelor,3.9,185895.54
Data Scientist,Bachelor,3.1,160256.14
Backend Developer,Master,3.3,136200.09
ML Engineer,PhD,2.3,180454.19
Software Engineer,Bachelor,3.6,148200.12
ML Engineer,PhD,1.8,164119.17
Data Scientist,Bachelor,2.6,148541.47
AI Researcher,PhD,3.6,198230.62
Cloud Architect,Bachelor,0.0,144089.71
Backend Developer,Master,0.0,104401.83
Data Scientist,High School,2.1,144329.9
Data Scientist,PhD,2.6,170761.71
Software Engineer,PhD,0.2,121283.77
Data Engineer,Bachelor,3.9,156333.62
ML Engineer,Master,0.0,132374.8
Software Engineer,Bachelor,1.4,137917.48
Software Engineer,High School,3.9,156290.6
Backend Developer,PhD,2.4,123633.69
Backend Developer,PhD,0.4,117824.41
DevOps Engineer,PhD,0.8,129791.73
AI Researcher,Master,0.0,140764.55
ML Engineer,PhD,0.8,152942.44
DevOps Engineer,Bachelor,1.6,130927.91
Data Engineer,Bachelor,0.0,120585.99
Data Engineer,PhD,0.2,127675.4
AI Researcher,Bachelor,4.2,195465.77
AI Researcher,PhD,0.0,148251.09
Data Scientist,PhD,0.0,134468.31
Data Engineer,Master,0.8,124914.43
AI Researcher,High School,1.6,166462.94
ML Engineer,Bachelor,3.5,175346.99
Backend Developer,Bachelor,0.6,107115.36
AI Researcher,High School,4.0,189886.87
Data Scientist,Bachelor,0.3,126701.31
Cloud Architect,PhD,2.4,189816.36
Software Engineer,High School,0.5,115606.52
AI Researcher,PhD,3.7,199622.67
DevOps Engineer,PhD,0.8,125953.93
Software Engineer,PhD,1.3,134182.05
ML Engineer,High School,2.4,161163.06
Backend Developer,Bachelor,3.2,120197.08
Data Engineer,Bachelor,1.4,130550.13
AI Researcher,Bachelor,0.3,138784.21
Data Engineer,Bachelor,2.7,147397.47
ML Engineer,Master,1.3,143675.82
Cloud Architect,High School,1.4,160650.48
DevOps Engineer,Master,1.0,112823.88
Cloud Architect,Bachelor,1.5,158689.63
Backend Developer,PhD,0.0,111773.25
Software Engineer,PhD,5.0,165374.46
AI Researcher,Bachelor,1.4,152507.07
Data Scientist,Master,2.0,142914.42
DevOps Engineer,High School,0.7,108598.45
ML Engineer,High School,0.6,131227.94
Backend Developer,Master,3.1,131484.64
DevOps Engineer,Bachelor,1.4,121191.14
Software Engineer,Bachelor,1.3,131664.61
Data Scientist,Bachelor,2.5,143249.29
AI Researcher,Bachelor,2.0,155640.87
Data Engineer,PhD,0.0,118839.6
DevOps Engineer,Bachelor,2.3,134339.55
AI Researcher,Bachelor,3.1,183881.63
DevOps Engineer,Master,3.1,134873.48
Software Engineer,High School,4.6,166864.49
Cloud Architect,Master,2.2,162211.23
Software Engineer,High School,1.6,122231.65
Backend Developer,Master,1.6,111560.6
ML Engineer,Bachelor,0.0,127285.23
Software Engineer,Bachelor,2.3,135695.95
Backend Developer,Bachelor,1.8,114939.83
ML Engineer,PhD,2.4,170967.09
Data Scientist,PhD,3.7,170115.47
Cloud Architect,Master,3.9,196404.43
Data Engineer,High School,0.0,117799.75
DevOps Engineer,PhD,0.8,124303.79
Data Scientist,Bachelor,0.7,127242.98
Data Engineer,PhD,2.1,148699.13
Data Scientist,PhD,1.7,157247.75
Data Engineer,Master,2.6,150881.97
Cloud Architect,Master,0.0,135499.43
Backend Developer,Master,2.2,124390.28
DevOps Engineer,Master,0.6,107423.04
Data Engineer,Master,3.9,165939.31
ML Engineer,Master,2.9,174765.95
ML Engineer,Bachelor,1.8,148798.36
Backend Developer,Bachelor,4.1,146554.98
Cloud Architect,PhD,0.9,172470.85
ML Engineer,Bachelor,0.0,132418.28
DevOps Engineer,Bachelor,2.5,129543.36
AI Researcher,Master,0.5,138558.05
AI Researcher,PhD,0.0,150614.4
Backend Developer,High School,2.9,128712.48
Software Engineer,High School,2.2,137598.33
AI Researcher,Bachelor,3.6,185800.69
Backend Developer,PhD,0.7,115622.42
ML Engineer,Bachelor,1.8,154514.19
Backend Developer,Master,3.1,126851.5
Data Scientist,Bachelor,3.6,164065.4
DevOps Engineer,High School,3.7,137171.77
Cloud Architect,PhD,3.3,198988.77
Data Engineer,Bachelor,2.3,152253.32
DevOps Engineer,Bachelor,2.6,126305.96
Backend Developer,Bachelor,2.8,125223.68
Cloud Architect,High School,1.2,153953.4
Data Engineer,Bachelor,2.0,140006.65
ML Engineer,Bachelor,3.4,170580.23
DevOps Engineer,Bachelor,2.2,122263.77
Data Scientist,Bachelor,2.6,155349.8
Cloud Architect,Bachelor,0.5,147567.71
Cloud Architect,PhD,0.0,152923.62
Software Engineer,Bachelor,2.5,139338.02
Cloud Architect,High School,5.2,208545.59
Data Engineer,Master,3.1,153168.37
Software Engineer,High School,0.6,112746.0
Backend Developer,High School,4.5,135039.51
Backend Developer,Bachelor,4.0,143510.55
Backend Developer,Bachelor,1.3,102993.53
Cloud Architect,Bachelor,1.7,169940.01
Backend Developer,Bachelor,2.5,119155.68
ML Engineer,High School,3.5,168344.76
Data Engineer,High School,0.6,117525.31
Backend Developer,PhD,1.7,130969.61
Data Scientist,Master,2.6,143741.14
Backend Developer,PhD,1.5,125232.98
ML Engineer,High School,2.1,169032.82
Data Scientist,Bachelor,3.6,158680.44
Cloud Architect,Bachelor,2.5,185729.1
Software Engineer,Bachelor,2.4,131526.25
Software Engineer,PhD,3.5,156920.13
ML Engineer,PhD,2.0,162968.96
DevOps Engineer,Master,0.1,105224.63
DevOps Engineer,Bachelor,2.6,137592.73
Data Engineer,Bachelor,0.0,111010.37
Data Engineer,Master,3.5,161792.64
Cloud Architect,Bachelor,3.2,190892.7
Software Engineer,Bachelor,0.9,114608.5
Cloud Architect,High School,1.4,160174.38
ML Engineer,PhD,2.5,178435.58
DevOps Engineer,Bachelor,3.8,148099.55
Software Engineer,Bachelor,2.1,137559.32
Software Engineer,Bachelor,2.8,143361.42
Data Engineer,PhD,0.6,129641.05
ML Engineer,Bachelor,6.2,208120.64
Data Engineer,High School,2.3,137982.64
Software Engineer,PhD,1.3,126902.73
Data Scientist,PhD,1.1,141999.26
ML Engineer,Bachelor,0.9,139070.4
Backend Developer,Bachelor,1.4,116030.68
Data Scientist,Master,2.1,141427.16
Data Scientist,Bachelor,6.1,201737.31
Backend Developer,PhD,3.5,149519.45
Software Engineer,Bachelor,3.3,153508.86
Cloud Architect,High School,2.8,169492.44
Data Scientist,Bachelor,2.9,161596.42
AI Researcher,Master,1.4,154823.4
ML Engineer,PhD,1.8,169323.3
Data Scientist,PhD,0.8,137987.34
AI Researcher,Master,1.5,158387.61
Data Engineer,Bachelor,1.8,134032.69
DevOps Engineer,Bachelor,0.4,101835.22
Cloud Architect,Master,2.6,175162.71
Software Engineer,Bachelor,2.4,143675.8
AI Researcher,Master,3.1,187050.49
Cloud Architect,Bachelor,0.6,157595.99
AI Researcher,Bachelor,1.0,148190.58
Software Engineer,Bachelor,2.0,125841.27
ML Engineer,Bachelor,2.4,149693.23
Data Engineer,Bachelor,0.0,111380.48
DevOps Engineer,Master,1.1,123932.62
Cloud Architect,Bachelor,1.8,158689.95
DevOps Engineer,Master,1.6,123172.46
DevOps Engineer,Bachelor,1.4,122970.57
Software Engineer,Master,1.6,124333.74
Data Engineer,Bachelor,4.4,161270.27
ML Engineer,PhD,1.0,156483.51
Data Engineer,Bachelor,3.4,159840.55
Data Scientist,Master,0.3,121379.79
Cloud Architect,PhD,0.8,165027.49
Cloud Architect,Bachelor,0.0,149162.89
Data Scientist,Master,2.4,149032.28
Data Scientist,High School,0.9,127252.83
ML Engineer,PhD,3.6,192518.59
AI Researcher,Bachelor,1.0,145582.12
DevOps Engineer,Bachelor,1.3,117249.95
Data Scientist,Bachelor,3.3,169696.25
Backend Developer,PhD,5.5,157748.01
ML Engineer,Master,4.2,182625.76
Cloud Architect,Master,4.2,200076.83
Data Scientist,Bachelor,0.0,119980.3
Data Engineer,Master,2.0,136334.98
Data Engineer,Master,1.4,124454.58
Data Scientist,Master,2.4,144886.02
Data Engineer,Master,1.6,126606.47
Software Engineer,Bachelor,2.7,144775.04
Software Engineer,Bachelor,2.6,135467.83
AI Researcher,Bachelor,4.8,200053.32
DevOps Engineer,Master,1.7,128189.78
Cloud Architect,High School,2.6,188966.14
Backend Developer,Bachelor,1.3,111614.47
Backend Developer,Master,1.2,113758.98
Data Engineer,PhD,1.2,134735.57
Data Engineer,High School,1.6,131441.11
Data Scientist,Bachelor,0.0,125052.74
AI Researcher,Bachelor,4.1,186811.72
Data Scientist,Bachelor,1.3,134315.81
ML Engineer,Master,4.7,184308.72
AI Researcher,Master,3.1,173998.13
Software Engineer,Master,1.7,131439.2
Cloud Architect,Bachelor,2.9,180161.27
ML Engineer,Master,0.0,135556.3
DevOps Engineer,Bachelor,2.4,137055.72
ML Engineer,Bachelor,2.6,154811.1
Software Engineer,Bachelor,1.4,122568.81
AI Researcher,Bachelor,4.2,189382.42
AI Researcher,Master,0.0,139658.97
Software Engineer,PhD,2.0,135832.39
Data Engineer,PhD,0.5,131294.93
DevOps Engineer,PhD,3.8,157819.02
Data Scientist,Bachelor,3.4,159116.08
Backend Developer,Master,2.6,128806.6
Data Engineer,PhD,1.2,136459.5
Software Engineer,PhD,2.5,152253.49
Data Scientist,Master,2.2,141961.45
Data Scientist,PhD,2.3,154474.37
Backend Developer,Bachelor,3.5,125308.4
AI Researcher,Bachelor,0.8,141495.78
Data Engineer,Bachelor,3.0,148484.32
AI Researcher,High School,1.4,148504.49
AI Researcher,Bachelor,2.0,162684.08
DevOps Engineer,Bachelor,1.2,120462.8
Cloud Architect,Bachelor,2.1,167763.58
Backend Developer,Bachelor,4.4,147549.03
ML Engineer,PhD,0.8,153156.98
Cloud Architect,High School,1.6,153576.85
AI Researcher,Master,1.2,155666.94
Software Engineer,PhD,3.2,151401.35
Software Engineer,Bachelor,1.8,124015.82
AI Researcher,PhD,1.8,167427.82
Data Scientist,PhD,0.1,139420.67
Data Engineer,Master,3.2,149183.33
DevOps Engineer,PhD,4.2,157516.74
AI Researcher,Bachelor,2.7,166407.19
ML Engineer,Master,3.6,177111.02
AI Researcher,Bachelor,0.9,149053.3
Data Engineer,Bachelor,1.8,133335.61
Cloud Architect,High School,1.3,169120.47
Backend Developer,Master,1.4,124234.53
Data Scientist,Bachelor,0.0,113741.35
ML Engineer,High School,2.5,160206.43
Cloud Architect,PhD,4.1,213455.63
ML Engineer,Bachelor,0.6,135139.11
Software Engineer,Bachelor,4.2,156548.57
DevOps Engineer,PhD,1.0,131989.7
AI Researcher,Master,2.7,164740.13
Cloud Architect,Bachelor,2.2,179387.66
Backend Developer,Master,1.8,123531.59
Data Scientist,Master,1.0,135856.43
Data Engineer,PhD,0.8,137728.21
Data Scientist,Master,2.2,148273.6
Data Engineer,Bachelor,3.0,135399.39
Data Engineer,Master,1.9,139348.47
Backend Developer,Master,0.0,100560.7
DevOps Engineer,High School,3.3,152833.81
DevOps Engineer,High School,1.8,117685.1
Cloud Architect,Master,0.4,144518.46
DevOps Engineer,PhD,1.8,138625.91
Data Scientist,Master,0.5,129067.73
AI Researcher,PhD,2.0,169999.37
AI Researcher,Bachelor,0.7,136359.67
DevOps Engineer,High School,4.0,146417.41
Cloud Architect,Bachelor,1.3,157154.57
Data Scientist,Master,1.6,142355.57
Backend Developer,Master,0.3,113823.64
Backend Developer,PhD,0.7,111357.81
DevOps Engineer,High School,3.5,144478.82
ML Engineer,Bachelor,2.5,154398.33
Backend Developer,Bachelor,1.5,117022.64
AI Researcher,Master,0.0,138436.59
Software Engineer,Bachelor,4.6,161117.83
DevOps Engineer,Bachelor,4.1,149226.47
Software Engineer,PhD,1.7,146091.65
Data Scientist,Bachelor,0.0,127919.38
DevOps Engineer,Bachelor,3.3,146490.83
AI Researcher,Master,2.9,173476.14
Cloud Architect,Master,0.2,141620.77
Software Engineer,Bachelor,0.0,108967.03
DevOps Engineer,High School,0.1,108177.29
ML Engineer,Bachelor,5.5,207260.26
Data Scientist,Bachelor,3.0,165948.34
Backend Developer,Master,1.5,120662.35
DevOps Engineer,Bachelor,2.5,137165.82
ML Engineer,Master,0.2,128086.1
Cloud Architect,Bachelor,1.9,169345.6
DevOps Engineer,Bachelor,3.4,130404.72
Backend Developer,Bachelor,0.9,103389.04
AI Researcher,Master,0.0,134262.76
Software Engineer,Master,0.8,120772.57
Data Engineer,Bachelor,1.9,136038.59
ML Engineer,Bachelor,1.7,149696.99
Backend Developer,PhD,2.8,139102.48
ML Engineer,Master,1.1,141424.26
DevOps Engineer,PhD,0.3,114447.75
AI Researcher,Master,1.9,169516.87
ML Engineer,Bachelor,0.0,127051.99
ML Engineer,Bachelor,3.5,172357.32
Software Engineer,Master,1.8,129528.16
ML Engineer,Bachelor,1.6,151577.22
AI Researcher,Master,0.3,144201.21
Data Engineer,Master,2.0,142237.41
Data Engineer,PhD,2.3,158359.42
ML Engineer,High School,3.4,173342.3
Data Scientist,PhD,0.9,134164.2
ML Engineer,Bachelor,3.8,172738.0
Data Scientist,PhD,3.6,172972.61
Backend Developer,Bachelor,0.0,106193.75
AI Researcher,Bachelor,0.2,141311.56
AI Researcher,Master,3.1,175614.08
Software Engineer,PhD,1.2,139497.84
Software Engineer,Master,1.6,129959.24
Data Engineer,Bachelor,2.0,141607.11
Software Engineer,PhD,0.8,132681.89
Data Engineer,Bachelor,0.0,114587.76
AI Researcher,PhD,5.2,218959.22
ML Engineer,PhD,0.1,146591.19
Data Engineer,Bachelor,0.0,104768.86
DevOps Engineer,Bachelor,2.6,134359.65
ML Engineer,High School,4.8,194433.67
DevOps Engineer,Master,4.8,148497.22
Software Engineer,High School,1.2,127709.07
AI Researcher,PhD,0.0,146754.2
AI Researcher,Bachelor,5.3,202619.34
Data Engineer,Bachelor,1.2,122463.27
Software Engineer,Bachelor,2.0,137448.08
Data Scientist,Master,2.6,155352.16
DevOps Engineer,PhD,2.9,148332.52
Data Scientist,PhD,2.8,167592.53
ML Engineer,Master,0.0,121997.87
Backend Developer,Bachelor,2.6,123356.72
Software Engineer,Bachelor,0.0,113465.52
Data Engineer,PhD,4.0,168992.2
AI Researcher,Master,5.1,208556.31
Software Engineer,PhD,0.9,125588.98
Software Engineer,High School,0.0,103030.55
Data Scientist,Bachelor,0.0,121590.43
DevOps Engineer,PhD,1.2,125415.96
Data Engineer,Master,3.3,143215.14
Data Engineer,Bachelor,4.3,170112.33
ML Engineer,PhD,2.2,178367.8
Backend Developer,Bachelor,1.2,104883.08
Cloud Architect,Bachelor,0.6,147733.23
DevOps Engineer,Bachelor,4.2,146249.93
DevOps Engineer,Master,0.1,105301.41
Backend Developer,Master,3.3,132473.62
Backend Developer,Bachelor,1.9,121040.7
Software Engineer,Master,4.0,153714.58
DevOps Engineer,High School,1.7,125145.73
AI Researcher,High School,0.0,133502.93
AI Researcher,Master,2.7,173930.74
AI Researcher,PhD,2.6,175035.41
Data Scientist,Master,0.8,132565.08
ML Engineer,Master,2.8,160224.04
Data Engineer,Bachelor,1.2,131808.08
Software Engineer,Bachelor,2.3,137424.56
AI Researcher,High School,3.1,189662.06
ML Engineer,Master,0.5,141213.15
Data Engineer,Master,3.7,159336.5
AI Researcher,High School,2.1,153495.29
Data Engineer,Master,2.3,146602.72
Cloud Architect,Master,4.5,204357.23
DevOps Engineer,PhD,1.5,128269.55
Backend Developer,Bachelor,2.2,122571.26
Software Engineer,Bachelor,2.8,140062.4
ML Engineer,Bachelor,3.5,172547.91
AI Researcher,Bachelor,0.5,137870.31
DevOps Engineer,Master,0.8,111454.37
Data Scientist,PhD,2.2,152451.84
Data Scientist,PhD,0.6,135691.8
Data Scientist,High School,2.6,144978.37
Backend Developer,Bachelor,2.4,119371.54
Data Engineer,High School,3.5,149966.72
Cloud Architect,High School,3.9,187237.16
DevOps Engineer,Master,0.0,108876.3
ML Engineer,Bachelor,3.7,184422.44
AI Researcher,Master,2.6,161497.7
Backend Developer,Master,0.8,121150.26
Data Engineer,Bachelor,1.7,142477.26
Backend Developer,Master,1.5,119055.71
Data Engineer,PhD,2.3,152214.79
AI Researcher,PhD,0.0,151376.38
DevOps Engineer,High School,1.3,118268.72
Software Engineer,High School,4.4,167362.98
DevOps Engineer,Master,0.8,110515.87
Cloud Architect,PhD,0.8,166227.05
DevOps Engineer,Bachelor,0.1,102135.57
Data Scientist,Master,0.8,129548.4
DevOps Engineer,Bachelor,2.9,127361.58
Backend Developer,Bachelor,0.0,98229.59
DevOps Engineer,PhD,3.3,148774.05
Data Scientist,PhD,0.6,139805.53
Data Engineer,High School,2.2,138255.22
ML Engineer,Master,1.8,153581.64
Data Engineer,Master,3.4,155133.79
AI Researcher,Bachelor,1.7,151076.95
DevOps Engineer,High School,2.6,139104.26
AI Researcher,High School,1.0,151247.93
Backend Developer,Master,4.5,141994.03
Software Engineer,PhD,0.0,129124.22
Backend Developer,Bachelor,1.8,120159.11
Backend Developer,Master,3.1,140202.34
AI Researcher,Master,2.1,157214.95
DevOps Engineer,Bachelor,1.1,115646.92
Cloud Architect,Bachelor,1.9,169743.02
DevOps Engineer,PhD,1.8,136656.07
ML Engineer,Bachelor,1.3,154449.5
Data Scientist,Bachelor,1.2,134945.99
AI Researcher,Master,3.4,181535.84
Backend Developer,Master,0.0,105103.41
Software Engineer,Bachelor,4.7,150283.58
Cloud Architect,Bachelor,0.9,147385.53
Data Scientist,Master,1.3,140247.82
Backend Developer,Bachelor,2.6,129356.31
DevOps Engineer,Bachelor,4.2,143657.44
Cloud Architect,Bachelor,4.3,194495.48
Data Scientist,Master,2.9,151550.4
Data Scientist,Master,2.5,146259.8
Cloud Architect,Bachelor,0.4,147963.99
Software Engineer,Master,0.0,118896.32
Data Engineer,Master,1.4,126671.81
AI Researcher,Bachelor,0.8,143219.07
DevOps Engineer,Bachelor,1.3,116352.95
ML Engineer,Master,3.6,173160.44
ML Engineer,High School,2.7,157318.6
DevOps Engineer,Master,4.1,148758.74
AI Researcher,Bachelor,3.0,181730.48
Cloud Architect,PhD,1.3,180828.98
DevOps Engineer,Master,1.8,122361.42
Data Scientist,Bachelor,2.5,138339.0
Cloud Architect,PhD,2.7,194424.74
Backend Developer,Master,0.3,102650.03
Cloud Architect,Master,1.4,160276.47
Software Engineer,High School,3.7,149940.3
Backend Developer,PhD,3.4,146231.76
Data Scientist,Bachelor,1.9,148104.28
ML Engineer,PhD,1.3,154938.74
Backend Developer,High School,3.7,141720.13
Data Engineer,Bachelor,1.8,140069.78
Backend Developer,Master,1.3,118876.32
Backend Developer,Master,2.5,128618.4
Software Engineer,PhD,0.9,121273.57
Software Engineer,Bachelor,3.6,149232.4
Data Engineer,PhD,2.5,159711.99
Software Engineer,Master,2.8,141569.71
Data Scientist,Master,1.7,129881.22
AI Researcher,Bachelor,0.0,131650.64
Backend Developer,High School,3.4,121617.7
Software Engineer,Master,3.1,149329.43
Data Scientist,Bachelor,1.1,132070.79
Data Engineer,Bachelor,0.2,113775.64
ML Engineer,High School,1.1,145093.87
Data Engineer,PhD,4.1,168665.12
AI Researcher,Bachelor,0.9,137707.35
ML Engineer,PhD,2.3,173427.61
Cloud Architect,Bachelor,3.3,186185.76
AI Researcher,Bachelor,2.7,176373.0
DevOps Engineer,Master,2.7,134585.13
Backend Developer,Master,3.1,140429.71
Backend Developer,Bachelor,0.8,109085.58
Data Engineer,PhD,2.8,154535.12
ML Engineer,High School,4.7,192483.95
Data Scientist,PhD,2.4,162256.52
Data Engineer,Master,1.5,143267.53
DevOps Engineer,Bachelor,0.2,107760.6
DevOps Engineer,High School,3.5,135204.04
Backend Developer,Master,0.7,105211.43
Backend Developer,Master,4.6,141688.32
ML Engineer,Master,0.0,131677.86
DevOps Engineer,Bachelor,5.1,161630.45
Cloud Architect,Master,1.0,149419.86
Backend Developer,High School,3.9,140525.06
DevOps Engineer,Bachelor,0.0,107720.12
Data Engineer,Bachelor,1.1,126514.06
Backend Developer,Master,3.2,120377.49
AI Researcher,Master,0.0,139647.74
AI Researcher,Bachelor,3.4,176897.96
DevOps Engineer,Master,0.8,110931.91
Backend Developer,Bachelor,3.0,130126.86
AI Researcher,Master,0.1,131501.21
Backend Developer,Master,2.8,120328.93
Software Engineer,PhD,2.1,140537.5
Data Scientist,Bachelor,2.3,148126.31
Software Engineer,PhD,3.0,163024.04
Backend Developer,Bachelor,2.9,121589.93
Data Scientist,Bachelor,2.7,152276.24
Software Engineer,PhD,1.0,135186.02
Data Scientist,Bachelor,3.4,165315.03
ML Engineer,PhD,3.1,182231.31
Backend Developer,High School,2.2,127101.36
Data Scientist,PhD,2.0,153798.46
Software Engineer,Master,2.8,151272.42
Cloud Architect,Master,0.8,157372.2
AI Researcher,Bachelor,4.0,185574.57
ML Engineer,Bachelor,3.0,171837.99
AI Researcher,PhD,2.2,176946.18
Cloud Architect,Master,0.0,138746.59
Cloud Architect,Bachelor,0.7,148232.98
ML Engineer,High School,1.0,145076.99
Backend Developer,Master,0.0,101409.94
Software Engineer,High School,1.1,127796.53
Cloud Architect,PhD,0.8,164980.26
DevOps Engineer,PhD,3.4,153415.37
Data Engineer,PhD,1.5,144286.0
Software Engineer,Master,2.8,133726.42
Backend Developer,Master,2.0,114961.58
Software Engineer,Bachelor,3.2,142113.95
ML Engineer,PhD,3.7,186326.1
DevOps Engineer,Master,3.5,142787.86
ML Engineer,PhD,3.2,172857.05
Data Engineer,Bachelor,2.0,139070.12
Backend Developer,PhD,3.6,150382.54
Backend Developer,Master,0.0,99737.09
ML Engineer,Master,2.7,168847.1
Data Engineer,Bachelor,3.1,148925.6
Backend Developer,PhD,1.5,127969.41
AI Researcher,Bachelor,1.5,157786.6
Backend Developer,PhD,2.5,128654.68
Data Scientist,Bachelor,2.1,148346.7
Software Engineer,High School,1.3,131016.52
DevOps Engineer,Master,3.7,149133.69
AI Researcher,Bachelor,1.3,149864.44
DevOps Engineer,Bachelor,0.8,113814.35
Data Scientist,Master,0.2,117689.97
Cloud Architect,High School,1.5,166305.58
Backend Developer,Master,0.1,102001.53
Software Engineer,Bachelor,0.3,104745.72
Backend Developer,Bachelor,0.5,107311.22
Cloud Architect,Master,3.1,181158.98
DevOps Engineer,High School,2.4,127741.26
DevOps Engineer,Master,0.0,107863.46
Software Engineer,PhD,0.6,123761.47
DevOps Engineer,High School,0.0,98931.89
Data Scientist,Bachelor,0.5,124243.61
DevOps Engineer,Master,2.0,129204.04
Data Engineer,Bachelor,0.0,103706.57
Backend Developer,Bachelor,0.0,100586.77
Backend Developer,High School,2.9,122046.13
Software Engineer,Master,2.7,142496.5
AI Researcher,PhD,1.7,164231.75
AI Researcher,Bachelor,0.0,131642.17
DevOps Engineer,Master,4.2,141846.84
AI Researcher,PhD,0.1,148222.56
DevOps Engineer,Bachelor,2.3,121343.61
Backend Developer,Bachelor,2.5,118455.86
Data Scientist,Master,2.9,150631.36
Software Engineer,Bachelor,2.0,136385.83
AI Researcher,Master,1.2,147907.91
Data Scientist,Bachelor,0.3,119799.68
Data Scientist,Master,1.1,141143.42
Backend Developer,PhD,2.8,137562.94
Software Engineer,PhD,0.2,117524.84
DevOps Engineer,Bachelor,1.1,114099.49
Software Engineer,Bachelor,0.1,116567.94
ML Engineer,Bachelor,3.1,178856.61
DevOps Engineer,High School,2.2,129511.21
ML Engineer,Bachelor,0.5,124891.1
Data Scientist,Bachelor,0.0,118282.81
Cloud Architect,Bachelor,2.7,175323.43
Data Engineer,Bachelor,1.7,127655.06
ML Engineer,PhD,4.0,199874.4
ML Engineer,Bachelor,1.5,155654.3
Software Engineer,Bachelor,0.0,109712.33
Data Scientist,High School,1.1,140425.99
Software Engineer,Master,1.7,132154.19
Data Scientist,Bachelor,0.3,127420.84
AI Researcher,Master,0.0,133989.74
Backend Developer,PhD,2.0,125814.75
Backend Developer,Bachelor,0.7,112500.08
Data Scientist,Bachelor,2.9,148189.72
Cloud Architect,Bachelor,2.0,169580.51
DevOps Engineer,High School,0.5,111244.38
ML Engineer,Master,1.8,147413.24
AI Researcher,PhD,3.4,191519.69
Software Engineer,Master,0.6,124106.57
ML Engineer,Bachelor,0.0,128035.58
AI Researcher,Master,4.3,194452.03
DevOps Engineer,High School,1.7,125318.33
Data Engineer,PhD,0.3,120143.56
Cloud Architect,Bachelor,0.7,153941.12
DevOps Engineer,Master,3.0,140655.07
Software Engineer,PhD,1.3,131260.13
Backend Developer,Bachelor,2.0,122217.96
Software Engineer,Bachelor,2.8,137405.99
AI Researcher,Master,2.6,166988.56
ML Engineer,High School,1.2,148107.29
DevOps Engineer,High School,4.6,157313.56
AI Researcher,Bachelor,0.0,134408.63
DevOps Engineer,PhD,1.9,133183.5
Software Engineer,Master,0.0,109105.22
Cloud Architect,Bachelor,2.6,177303.2
Data Scientist,PhD,2.9,170846.15
Software Engineer,Master,3.5,148287.66
Cloud Architect,Master,1.7,165933.2
Cloud Architect,PhD,3.2,201879.95
Cloud Architect,Bachelor,5.6,217938.54
Cloud Architect,Bachelor,0.0,143042.52
ML Engineer,Master,2.2,156396.37
Backend Developer,PhD,3.0,138168.48
Data Engineer,Bachelor,2.8,151773.7
AI Researcher,High School,2.7,168596.51
Data Engineer,Bachelor,5.0,177911.07
AI Researcher,Master,3.1,179694.26
Cloud Architect,Bachelor,2.7,175004.33
Data Engineer,Master,1.3,124495.68
Software Engineer,High School,1.7,127722.11
Software Engineer,Bachelor,1.8,128555.74
AI Researcher,Master,4.0,190974.91
Software Engineer,Master,1.3,127357.31
Software Engineer,High School,2.0,131345.08
DevOps Engineer,Bachelor,1.6,124197.44
Backend Developer,PhD,1.3,128186.79
AI Researcher,PhD,2.9,193925.62
AI Researcher,Bachelor,1.6,153378.35
Data Scientist,Bachelor,0.8,124472.14
Data Engineer,Bachelor,3.8,158902.35
AI Researcher,Master,1.7,148851.76
ML Engineer,Bachelor,3.3,161176.81
Data Scientist,Bachelor,3.0,148154.6
DevOps Engineer,High School,1.0,115133.74
Data Scientist,High School,0.8,126994.15
Data Scientist,Bachelor,0.3,120251.64
ML Engineer,High School,2.8,162300.31
DevOps Engineer,PhD,1.7,129180.78
ML Engineer,Master,2.6,163306.73
Backend Developer,Bachelor,0.4,103312.69
Cloud Architect,PhD,4.3,218869.16
Data Engineer,High School,0.0,120131.19
DevOps Engineer,Bachelor,3.6,137110.16
Backend Developer,Bachelor,2.3,117176.45
AI Researcher,High School,1.3,149365.08
AI Researcher,Bachelor,5.4,210464.01
Cloud Architect,Master,1.4,157094.58
Data Engineer,Master,3.7,167110.44
Data Scientist,Master,4.3,163832.31
Data Engineer,PhD,4.5,175786.5
DevOps Engineer,PhD,3.2,142175.99
Data Scientist,PhD,1.1,146917.27
DevOps Engineer,Bachelor,3.0,137957.29
ML Engineer,Master,2.1,156193.0
Backend Developer,PhD,1.5,126777.82
AI Researcher,Master,0.8,147331.88
Data Scientist,Master,3.8,173387.34
Data Engineer,Bachelor,4.1,166140.64
Backend Developer,Bachelor,0.3,103645.02
Data Scientist,Master,1.5,140648.58
Data Scientist,Master,0.7,123726.67
Backend Developer,PhD,2.6,134851.03
Backend Developer,PhD,3.1,154050.15
AI Researcher,PhD,2.6,179663.67
Cloud Architect,High School,0.3,141116.67
DevOps Engineer,Bachelor,4.0,145302.73
Data Engineer,High School,4.1,168288.41
Data Scientist,High School,2.3,144097.8
Data Scientist,PhD,1.7,156172.4
Software Engineer,High School,2.7,133647.73
ML Engineer,Master,0.7,143407.66
Software Engineer,Master,4.1,156210.05
DevOps Engineer,Master,0.5,100043.73
AI Researcher,Bachelor,0.2,147279.6
Data Engineer,Master,2.0,132687.13
AI Researcher,Bachelor,0.0,133179.43
Data Scientist,PhD,1.4,145343.27
Data Scientist,PhD,3.1,167690.6
DevOps Engineer,Master,2.2,134586.16
Backend Developer,Master,0.3,106415.26
AI Researcher,High School,0.4,132526.14
Data Engineer,Master,3.4,154726.4
Backend Developer,PhD,3.0,142218.65
AI Researcher,Master,3.3,180434.98
Cloud Architect,Bachelor,2.3,178738.48
Data Scientist,PhD,5.2,199770.53
Cloud Architect,Bachelor,1.3,154306.25
DevOps Engineer,PhD,4.1,153869.21
Cloud Architect,Bachelor,2.2,168116.77
Backend Developer,PhD,0.5,112953.64
ML Engineer,Master,2.9,162795.54
Software Engineer,Bachelor,0.3,111797.08
Data Engineer,Bachelor,2.5,142880.35
ML Engineer,High School,3.6,172677.43
ML Engineer,Bachelor,0.3,130282.92
Data Scientist,PhD,1.7,154850.87
Cloud Architect,Bachelor,3.2,190707.04
Backend Developer,Bachelor,2.1,119326.97
Data Engineer,PhD,4.3,178545.75
Software Engineer,Bachelor,0.0,108030.43
Backend Developer,Master,3.6,134651.37
DevOps Engineer,Bachelor,2.5,128582.91
Backend Developer,Bachelor,2.8,129369.43
Software Engineer,Bachelor,2.9,145108.66
AI Researcher,Bachelor,1.0,147259.29
Software Engineer,Master,5.1,166287.26
ML Engineer,High School,1.0,144951.55
AI Researcher,Bachelor,1.7,160224.17
Backend Developer,High School,1.8,115512.88
ML Engineer,Master,0.0,130435.65
AI Researcher,Master,3.6,187468.49
ML Engineer,Bachelor,4.3,187244.04
Data Engineer,Bachelor,1.2,132575.09
Cloud Architect,Bachelor,3.0,175743.37
ML Engineer,Bachelor,2.9,173396.78
Software Engineer,PhD,0.0,127516.87
Backend Developer,High School,1.6,110693.82
DevOps Engineer,High School,0.1,106807.76
DevOps Engineer,High School,1.4,124239.9
Backend Developer,PhD,3.0,139953.18
Software Engineer,High School,0.2,116708.81
Data Scientist,Bachelor,3.0,156417.97
DevOps Engineer,Master,4.0,142798.8
Cloud Architect,Bachelor,1.5,160927.45
Backend Developer,Bachelor,0.7,109327.19
DevOps Engineer,Master,0.0,104679.34
ML Engineer,PhD,2.0,170822.3
Cloud Architect,PhD,2.9,200686.49
AI Researcher,Bachelor,0.0,134138.9
Backend Developer,Bachelor,1.4,112236.69
AI Researcher,Bachelor,0.3,136930.63
Data Scientist,Master,0.0,125175.19
Backend Developer,PhD,4.4,162219.4
Data Engineer,Bachelor,2.9,152432.68
DevOps Engineer,Master,0.9,115469.69
ML Engineer,Master,0.8,137227.41
Backend Developer,PhD,1.3,121591.91
Data Scientist,Bachelor,2.8,149378.61
Software Engineer,High School,2.4,141412.12
Data Scientist,Bachelor,3.5,164282.45
AI Researcher,Bachelor,3.3,182546.52
DevOps Engineer,Bachelor,2.8,142038.26
Data Engineer,PhD,4.6,176127.14
Backend Developer,PhD,1.9,127787.08
Data Engineer,Master,2.1,144634.35
Software Engineer,Bachelor,4.7,158966.64
AI Researcher,Bachelor,1.5,160554.31
Data Engineer,PhD,4.3,173565.59
Backend Developer,PhD,4.1,148512.39
ML Engineer,Bachelor,4.4,191119.36
Software Engineer,Bachelor,0.8,116846.94
Data Engineer,High School,3.8,156532.01
AI Researcher,PhD,0.8,155702.07
ML Engineer,PhD,1.9,171311.19
ML Engineer,High School,0.0,133582.39
Data Engineer,High School,2.9,139227.76
AI Researcher,Bachelor,3.7,185248.37
Data Scientist,Bachelor,1.5,131849.92
Backend Developer,Bachelor,2.9,131546.33
Cloud Architect,PhD,3.5,209719.74
Data Scientist,PhD,1.7,146966.6
Data Engineer,High School,1.7,125844.17
AI Researcher,Master,0.0,129424.22
Cloud Architect,PhD,3.2,191111.6
AI Researcher,PhD,2.6,185156.7
Backend Developer,Bachelor,2.7,125394.43
ML Engineer,Master,3.8,183192.76
DevOps Engineer,Master,3.3,138635.59
Cloud Architect,Master,1.7,156584.34
Data Engineer,Bachelor,5.4,179413.21
Cloud Architect,Bachelor,4.7,199835.4
Backend Developer,PhD,2.3,145854.73
Backend Developer,PhD,3.2,148481.38
Data Scientist,Master,0.0,124547.01
ML Engineer,Bachelor,1.9,157321.28
Cloud Architect,Bachelor,3.3,177891.06
Data Scientist,Bachelor,0.0,121455.81
Backend Developer,PhD,1.1,123741.07
DevOps Engineer,Bachelor,2.0,130725.46
Cloud Architect,PhD,3.5,196827.17
Backend Developer,Master,2.8,128688.44
Data Engineer,PhD,0.5,129356.79
ML Engineer,Bachelor,0.0,133404.64
AI Researcher,High School,1.6,157272.86
ML Engineer,Master,0.0,126829.1
Data Engineer,Master,4.9,170873.69
Backend Developer,Bachelor,1.8,112255.74
AI Researcher,Bachelor,1.8,157693.34
Software Engineer,Master,1.4,124559.39
Backend Developer,Master,0.0,102388.36
Cloud Architect,Bachelor,2.3,172785.85
ML Engineer,Master,1.9,145956.41
Backend Developer,Bachelor,0.6,106775.02
Backend Developer,Master,0.0,100902.7
AI Researcher,Bachelor,2.7,172473.06
Cloud Architect,Bachelor,2.1,164059.06
ML Engineer,Bachelor,3.1,173161.18
AI Researcher,PhD,0.7,156454.09
Backend Developer,Master,2.1,125689.24
ML Engineer,Master,0.8,138961.67
Backend Developer,High School,0.7,105877.55
AI Researcher,Bachelor,0.6,144903.55
DevOps Engineer,Bachelor,1.5,122369.96
ML Engineer,Master,1.9,153574.78
Backend Developer,PhD,2.7,144643.9
ML Engineer,PhD,3.5,188939.67
Cloud Architect,Bachelor,2.5,183309.19
AI Researcher,Bachelor,2.7,177434.57
Data Scientist,Master,2.5,146599.32
Software Engineer,Master,1.0,124683.92
Software Engineer,Bachelor,3.1,137630.46
AI Researcher,Master,3.6,183004.83
DevOps Engineer,Bachelor,3.4,143438.19
Data Scientist,Master,1.5,136132.87
ML Engineer,Bachelor,3.1,168178.56
ML Engineer,Master,0.0,142892.97
Data Scientist,Bachelor,2.6,144486.15
DevOps Engineer,Master,2.4,128311.24
DevOps Engineer,PhD,4.3,162740.24
Data Engineer,Bachelor,3.3,150933.16
ML Engineer,Bachelor,1.9,151371.23
Software Engineer,Bachelor,2.2,127932.7
Cloud Architect,PhD,1.3,178165.78
Data Scientist,Master,0.8,131836.62
ML Engineer,High School,2.9,171211.6
DevOps Engineer,Bachelor,3.2,145805.82
Cloud Architect,PhD,0.3,162298.02
Backend Developer,Bachelor,1.1,108962.84
Data Engineer,Master,2.2,147211.71
Backend Developer,Master,0.8,107769.1
Data Scientist,PhD,2.6,167149.41
Data Engineer,Bachelor,1.6,132256.39
Software Engineer,Bachelor,1.8,120807.51
Software Engineer,Master,1.1,122325.37
Data Engineer,Master,3.9,162978.48
DevOps Engineer,Bachelor,2.1,119607.94
DevOps Engineer,Master,3.8,148393.0
Data Engineer,PhD,2.8,166476.46
ML Engineer,PhD,1.3,155758.04
ML Engineer,High School,2.7,161115.04
Data Scientist,Bachelor,0.7,126750.52
ML Engineer,PhD,4.4,197665.59
Cloud Architect,PhD,0.0,162945.81
Data Engineer,High School,3.2,155697.02
Data Scientist,High School,1.9,142933.9
Cloud Architect,Master,2.8,182316.41
Cloud Architect,Bachelor,2.8,174332.86
Backend Developer,Master,1.2,108718.43
Data Scientist,Bachelor,3.9,170164.04
Software Engineer,Bachelor,2.0,123991.75
DevOps Engineer,Bachelor,3.2,137185.46
Data Engineer,High School,0.7,113922.34
Data Scientist,Bachelor,0.0,122638.82
Data Engineer,Master,3.3,153000.88
Software Engineer,Master,3.2,146858.61
AI Researcher,Bachelor,2.1,165122.02
Software Engineer,Master,1.8,117889.33
Cloud Architect,High School,2.2,169492.92
ML Engineer,PhD,1.0,150067.06
AI Researcher,PhD,0.8,156384.37
DevOps Engineer,Master,0.7,124343.7
DevOps Engineer,Master,3.6,151033.18
Cloud Architect,Master,1.7,150054.52
AI Researcher,Master,1.4,154721.15
Backend Developer,Bachelor,0.0,103322.76
Data Engineer,Master,3.4,148052.07
Cloud Architect,Master,1.6,163376.27
ML Engineer,PhD,1.3,158193.51
Data Scientist,PhD,1.2,143315.13
Backend Developer,Bachelor,2.9,127626.13
Data Engineer,PhD,2.1,152103.26
DevOps Engineer,Bachelor,3.0,143380.05
Data Engineer,Bachelor,1.9,138239.0
Software Engineer,Bachelor,2.9,144178.81
Backend Developer,High School,3.1,130328.22
Backend Developer,Bachelor,3.8,143179.12
Data Scientist,High School,3.1,163004.24
AI Researcher,High School,0.0,138707.58
Backend Developer,PhD,0.9,111568.61
AI Researcher,High School,2.2,169955.3
Data Scientist,Master,3.4,163219.26
DevOps Engineer,Bachelor,1.8,134993.39
Data Scientist,Master,2.5,145241.7
DevOps Engineer,Bachelor,0.0,103081.8
ML Engineer,Bachelor,0.6,137985.02
Data Engineer,PhD,3.4,170132.76
DevOps Engineer,PhD,1.2,127662.15
Cloud Architect,Master,0.4,139167.17
Data Scientist,Master,3.5,162842.73
AI Researcher,High School,1.8,162715.14
Backend Developer,Bachelor,2.7,127489.85
ML Engineer,Bachelor,0.0,134705.67
Data Scientist,High School,3.2,168788.13
Data Scientist,PhD,0.3,136953.6
Software Engineer,Master,2.5,130389.94
Software Engineer,Bachelor,0.4,109947.24
Backend Developer,PhD,2.4,141379.75
DevOps Engineer,High School,1.0,120208.32
ML Engineer,Bachelor,4.0,181267.9
Cloud Architect,Master,3.6,196162.93
Software Engineer,PhD,0.4,122203.9
Data Scientist,High School,2.9,153766.74
Software Engineer,Bachelor,1.4,130425.09
Software Engineer,PhD,1.4,133848.47
Data Engineer,Master,0.7,133251.72
Data Engineer,Bachelor,0.8,120324.44
DevOps Engineer,Bachelor,3.4,136838.31
DevOps Engineer,Bachelor,2.8,128685.75
DevOps Engineer,Bachelor,3.7,153509.66
Cloud Architect,Bachelor,3.1,182433.25
AI Researcher,Bachelor,0.0,125526.31
AI Researcher,Bachelor,3.1,182617.46
Data Scientist,PhD,4.3,177067.43
Data Engineer,Bachelor,1.3,123324.1
Data Scientist,Master,1.4,130433.69
AI Researcher,PhD,2.1,173902.39
Data Scientist,Bachelor,0.7,121767.52
Cloud Architect,Bachelor,0.8,146293.56
Software Engineer,Bachelor,3.3,141082.09
ML Engineer,High School,1.9,154047.18
Data Engineer,Master,0.7,119723.37
ML Engineer,Master,1.7,141459.34
ML Engineer,Bachelor,1.7,153600.89
AI Researcher,PhD,0.5,151736.14
Data Scientist,Bachelor,4.0,163263.71
Software Engineer,Bachelor,2.8,135963.83
ML Engineer,Bachelor,1.4,150127.24
Cloud Architect,PhD,2.8,199466.94
Backend Developer,Master,1.3,115642.14
Data Scientist,Bachelor,4.1,165938.72
DevOps Engineer,Bachelor,2.4,134037.02
AI Researcher,Bachelor,2.0,169569.74
DevOps Engineer,PhD,1.0,114395.28
DevOps Engineer,PhD,0.6,126221.19
Data Engineer,Bachelor,5.4,178819.94
DevOps Engineer,Master,5.0,156832.05
Data Engineer,Master,2.9,138613.36
Data Scientist,PhD,5.0,190360.81
ML Engineer,Master,1.5,150314.5
AI Researcher,Bachelor,1.4,150565.4
Software Engineer,Master,0.9,122529.83
Backend Developer,PhD,1.4,130678.09
Cloud Architect,Master,5.0,199591.51
Backend Developer,PhD,5.4,156938.78
Software Engineer,Bachelor,5.0,160987.13
Data Engineer,PhD,2.9,158799.69
Software Engineer,Master,2.4,133229.34
Software Engineer,PhD,0.0,123299.48
Data Engineer,Bachelor,0.6,117185.38
Backend Developer,PhD,1.4,120336.06
Data Engineer,Bachelor,0.9,132852.4
DevOps Engineer,Bachelor,0.0,110747.63
Backend Developer,Master,0.0,105853.0
ML Engineer,PhD,2.9,170325.4
ML Engineer,Bachelor,0.3,129348.99
Backend Developer,Bachelor,2.8,131293.09
Data Scientist,Master,2.3,140027.2
DevOps Engineer,Bachelor,0.0,100381.22
AI Researcher,Master,0.8,143056.05
Cloud Architect,PhD,4.3,209918.83
ML Engineer,Master,1.2,141761.15
Software Engineer,Master,3.0,150112.79
DevOps Engineer,PhD,1.2,127002.52
Data Engineer,Master,2.5,141661.18
Backend Developer,Master,5.1,148870.55
ML Engineer,Bachelor,2.0,157370.1
Data Engineer,Bachelor,1.6,128454.62
AI Researcher,Master,2.5,170233.68
DevOps Engineer,Bachelor,1.3,126213.55
AI Researcher,High School,4.1,193282.3
Data Engineer,Bachelor,1.9,132439.63
ML Engineer,Bachelor,3.1,177139.58
Software Engineer,Bachelor,1.3,124911.12
Software Engineer,PhD,1.9,150397.35
Cloud Architect,Bachelor,1.0,157509.63
Backend Developer,High School,0.0,96431.82
AI Researcher,Bachelor,1.1,141188.31
Cloud Architect,Bachelor,1.3,157273.8
ML Engineer,Bachelor,0.0,119978.26
DevOps Engineer,Master,0.2,102079.72
Cloud Architect,High School,0.9,153897.63
Software Engineer,Master,1.5,125901.55
AI Researcher,Master,1.4,157890.27
Data Scientist,Bachelor,0.7,129334.55
AI Researcher,Bachelor,1.2,151987.49
Software Engineer,PhD,3.8,158248.59
Data Scientist,Master,3.1,160038.44
Backend Developer,High School,0.3,104686.06
DevOps Engineer,Bachelor,1.8,119085.87
Data Scientist,PhD,2.6,164217.23
DevOps Engineer,Bachelor,0.0,105499.14
ML Engineer,Master,0.6,132044.8
AI Researcher,Bachelor,4.2,191341.29
Cloud Architect,PhD,2.1,183389.87
Data Engineer,High School,1.8,137495.06
DevOps Engineer,High School,1.0,115822.42
AI Researcher,Bachelor,3.5,179956.7
Software Engineer,Master,3.0,141850.53
Backend Developer,Bachelor,3.4,132028.75
ML Engineer,Bachelor,1.1,143918.04
ML Engineer,PhD,2.7,180475.37
Data Scientist,PhD,1.8,152442.06
Cloud Architect,Bachelor,3.5,193271.31
DevOps Engineer,High School,1.6,120148.22
Software Engineer,Bachelor,3.2,148788.38
Data Scientist,Bachelor,1.3,141319.16
Data Engineer,Bachelor,0.0,110576.63
Backend Developer,PhD,4.3,144298.6
AI Researcher,Master,1.2,145713.06
Cloud Architect,Master,2.8,173112.12
Backend Developer,PhD,1.2,116624.55
Data Scientist,PhD,5.5,197376.6
Cloud Architect,PhD,1.4,170106.14
Cloud Architect,Master,2.4,173943.75
DevOps Engineer,Bachelor,3.2,130676.32
Data Engineer,Bachelor,0.0,116488.41
DevOps Engineer,Bachelor,1.5,112804.68
Software Engineer,High School,0.9,125198.33
AI Researcher,Bachelor,3.6,186483.14
Data Engineer,Bachelor,2.7,145359.03
AI Researcher,PhD,0.7,155599.82
Cloud Architect,High School,4.1,196070.25
Software Engineer,Bachelor,0.1,114819.86
Data Engineer,Master,2.1,134872.76
AI Researcher,Master,0.5,153999.47
ML Engineer,Bachelor,0.8,153906.97
Data Engineer,PhD,2.6,152587.18
Cloud Architect,High School,0.1,134277.7
Data Engineer,Bachelor,1.7,134059.18
Data Engineer,High School,0.7,119311.41
ML Engineer,PhD,1.9,172434.49
DevOps Engineer,Bachelor,1.1,121102.87
ML Engineer,Bachelor,2.8,168989.17
ML Engineer,PhD,3.6,190663.48
Software Engineer,PhD,0.0,126231.3
Backend Developer,Bachelor,0.7,107276.98
Backend Developer,PhD,1.7,124611.74
Backend Developer,Bachelor,0.0,105436.63
Cloud Architect,Bachelor,0.9,150478.87
Data Engineer,High School,2.2,138923.62
AI Researcher,Master,0.5,146503.84
Software Engineer,Bachelor,2.9,147516.97
AI Researcher,PhD,4.1,200558.48
DevOps Engineer,Master,5.7,163886.36
DevOps Engineer,Bachelor,2.0,122047.01
AI Researcher,PhD,0.0,151890.52
Cloud Architect,High School,2.4,165605.19
Software Engineer,Bachelor,0.9,123137.1
Cloud Architect,Master,2.3,179506.35
AI Researcher,PhD,2.5,179144.94
Backend Developer,Bachelor,1.7,121947.33
Data Engineer,PhD,3.3,166002.06
Cloud Architect,PhD,2.7,200025.85
Software Engineer,Bachelor,3.4,142038.5
AI Researcher,Bachelor,1.3,154599.5
Backend Developer,PhD,1.8,124617.33
Backend Developer,Master,0.6,107837.87
AI Researcher,High School,2.9,179752.07
AI Researcher,Bachelor,1.4,154276.8
Data Scientist,Master,4.4,180443.49
Backend Developer,Bachelor,2.7,134301.39
Cloud Architect,Master,2.0,178847.73
Backend Developer,Bachelor,4.0,141149.24
Cloud Architect,Master,2.8,180212.55
AI Researcher,Master,2.2,161207.69
Data Scientist,Bachelor,2.8,158777.73
DevOps Engineer,PhD,3.6,156766.76
Data Engineer,Master,3.2,141795.58
Software Engineer,Master,4.1,153213.75
ML Engineer,Bachelor,2.7,165314.86
Backend Developer,Bachelor,0.0,103008.11
ML Engineer,Bachelor,1.3,145021.59
DevOps Engineer,Bachelor,0.0,103637.53
Data Scientist,Bachelor,2.2,144827.43
Backend Developer,PhD,2.8,134753.24
Backend Developer,Bachelor,3.4,139716.86
Data Scientist,Master,2.8,151622.64
AI Researcher,Bachelor,2.8,166606.98
DevOps Engineer,Master,1.9,118706.38
DevOps Engineer,PhD,3.9,151708.9
ML Engineer,High School,1.4,150956.63
Cloud Architect,Bachelor,2.6,169576.99
Cloud Architect,PhD,0.0,152578.79
Cloud Architect,Master,4.1,198424.66
Software Engineer,Bachelor,3.6,153833.01
Software Engineer,High School,0.0,114956.46
Backend Developer,Bachelor,0.5,105240.5
DevOps Engineer,Bachelor,4.8,151730.73
Data Engineer,Bachelor,3.9,165797.57
Backend Developer,Bachelor,0.8,107173.16
Data Scientist,High School,2.3,145412.2
AI Researcher,Master,3.5,176861.59
Data Scientist,Master,2.4,152598.44
Backend Developer,PhD,2.7,134236.33
Backend Developer,Bachelor,5.0,155192.13
ML Engineer,High School,3.8,172582.27
DevOps Engineer,Master,3.1,143243.11
Data Engineer,Bachelor,0.3,119155.76
Data Scientist,High School,0.9,126175.58
Software Engineer,Master,2.6,138367.86
Cloud Architect,Master,3.1,189575.16
Data Scientist,Bachelor,3.8,170284.98
Backend Developer,Bachelor,1.4,108071.92
Backend Developer,Master,1.9,119531.17
Software Engineer,PhD,1.7,130767.8
DevOps Engineer,High School,0.2,109388.73
Data Engineer,Master,4.5,160966.28
Cloud Architect,PhD,0.0,149837.75
ML Engineer,Master,2.1,149909.95
Data Engineer,Bachelor,2.6,142722.4
ML Engineer,Master,1.4,148623.01
DevOps Engineer,Master,2.1,129430.1
Data Engineer,Bachelor,3.6,159031.75
Backend Developer,Bachelor,3.1,130521.64
AI Researcher,Bachelor,6.2,218905.23
Cloud Architect,Bachelor,3.1,175716.17
AI Researcher,Bachelor,2.0,159616.79
Cloud Architect,High School,0.8,139856.45
Cloud Architect,PhD,0.0,145918.68
Data Engineer,PhD,3.3,167341.23
Cloud Architect,Master,5.0,208710.94
Software Engineer,Master,1.9,134089.76
Software Engineer,PhD,3.6,156212.08
Data Scientist,Bachelor,1.9,144020.63
DevOps Engineer,High School,1.4,120046.5
ML Engineer,Bachelor,3.1,165871.99
Backend Developer,Bachelor,1.2,112618.17
Backend Developer,Bachelor,4.1,150347.22
Cloud Architect,PhD,3.0,200488.25
Cloud Architect,Bachelor,3.2,195287.96
ML Engineer,PhD,0.0,141642.1
AI Researcher,High School,4.0,181367.63
ML Engineer,Bachelor,0.0,129703.64
AI Researcher,PhD,0.6,150647.66
ML Engineer,Bachelor,2.8,168144.97
Data Engineer,PhD,3.6,173114.22
Data Engineer,PhD,1.9,155671.78
Data Scientist,High School,3.3,170392.95
Software Engineer,PhD,1.7,130548.42
Backend Developer,Bachelor,1.1,116517.71
Cloud Architect,High School,2.4,171803.22
DevOps Engineer,Master,0.0,95450.59
DevOps Engineer,Bachelor,2.3,131589.83
DevOps Engineer,Master,2.7,125341.6
DevOps Engineer,Master,1.7,132508.38
ML Engineer,Bachelor,2.0,139386.27
Backend Developer,Bachelor,0.0,94697.77
AI Researcher,Bachelor,3.5,180619.55
ML Engineer,Master,2.8,170290.79
DevOps Engineer,Master,2.7,135589.61
Software Engineer,Bachelor,2.2,128940.11
Data Scientist,Master,2.3,155374.77
AI Researcher,Master,2.1,164074.57
Cloud Architect,Bachelor,0.5,143691.29
Software Engineer,Bachelor,0.0,104958.19
AI Researcher,Master,2.9,179271.57
DevOps Engineer,Bachelor,3.9,136224.77
Backend Developer,Bachelor,0.6,102723.66
Data Engineer,PhD,2.0,151393.28
Backend Developer,Master,0.3,91043.66
Software Engineer,High School,2.1,135171.17
Backend Developer,Master,2.1,120613.83
Software Engineer,Bachelor,0.5,118115.26
DevOps Engineer,Master,5.2,161764.58
Data Engineer,Master,3.7,158466.3
Software Engineer,Bachelor,2.1,130839.4
Cloud Architect,PhD,2.8,189999.35
DevOps Engineer,PhD,1.7,131188.7
Data Engineer,Master,2.2,143607.47
ML Engineer,Master,1.2,151799.46
Backend Developer,Master,2.9,130579.23
DevOps Engineer,Bachelor,0.0,100148.13
ML Engineer,Master,1.5,144891.4
Data Engineer,Master,3.2,157648.82
Data Scientist,Bachelor,1.9,123537.4
ML Engineer,Master,2.2,164650.51
Data Engineer,Master,3.9,157247.59
Data Engineer,PhD,2.3,155111.64
Data Scientist,Bachelor,1.5,144629.42
DevOps Engineer,Bachelor,1.7,126562.95
ML Engineer,PhD,1.4,156945.2
Data Scientist,PhD,2.8,165632.74
Data Engineer,Bachelor,3.3,150055.99
Backend Developer,Bachelor,3.4,127701.15
Software Engineer,Bachelor,1.8,132449.87
Data Scientist,High School,0.2,125266.15
Software Engineer,High School,2.6,142823.1
Software Engineer,Bachelor,1.2,122338.39
ML Engineer,Master,2.7,162502.98
DevOps Engineer,Bachelor,2.9,131720.67
Data Engineer,Bachelor,0.9,116040.88
ML Engineer,PhD,0.6,153433.21
Software Engineer,Bachelor,4.4,167213.95
ML Engineer,Master,0.2,145607.62
Backend Developer,PhD,3.1,142676.54
AI Researcher,Bachelor,2.4,165271.59
Data Scientist,Bachelor,3.8,174263.81
ML Engineer,Bachelor,0.6,139994.81
Backend Developer,Master,2.5,118320.06
ML Engineer,Bachelor,0.0,137314.03
Data Engineer,PhD,2.8,161273.99
Data Scientist,PhD,3.3,182760.07
DevOps Engineer,Bachelor,5.0,162382.59
Data Scientist,Master,0.8,133817.68
Data Scientist,PhD,4.4,185412.75
Cloud Architect,Master,0.3,140696.35
Software Engineer,Bachelor,2.5,135649.61
Cloud Architect,PhD,1.2,165314.73
Data Scientist,Master,4.5,179350.79
Backend Developer,Master,2.1,116320.9
AI Researcher,Bachelor,0.1,129878.33
AI Researcher,Bachelor,2.7,171084.67
ML Engineer,PhD,0.1,136035.04
Backend Developer,Master,0.9,109869.82
ML Engineer,Bachelor,1.0,151353.53
Software Engineer,Master,0.9,113945.38
Data Engineer,Bachelor,2.1,134062.13
DevOps Engineer,Master,0.0,103270.21
Data Scientist,PhD,2.0,152746.17
Cloud Architect,Bachelor,0.0,134679.97
AI Researcher,Bachelor,3.6,178075.21
Data Engineer,Master,0.3,122724.51
AI Researcher,Master,4.2,187662.67
Backend Developer,PhD,2.8,133694.63
AI Researcher,PhD,1.9,161428.75
Data Scientist,Master,1.0,130142.4
Software Engineer,PhD,4.1,162136.9
Software Engineer,Master,2.8,144219.45
Data Scientist,Bachelor,0.0,134358.01
Cloud Architect,Bachelor,0.0,142139.88
Data Scientist,Bachelor,4.6,164481.82
AI Researcher,Master,1.9,158146.95
Data Engineer,Bachelor,0.3,114449.28
AI Researcher,Bachelor,0.6,146442.92
Data Scientist,Bachelor,1.5,136666.04
Data Engineer,Master,3.0,145709.82
Data Engineer,Master,1.1,120484.2
Data Engineer,Bachelor,2.2,141498.37
Cloud Architect,Master,3.0,179073.67
ML Engineer,Bachelor,2.8,167398.97
Software Engineer,PhD,3.4,153294.76
ML Engineer,PhD,1.8,158004.5
Backend Developer,Bachelor,0.0,101626.95
Backend Developer,PhD,2.7,141978.8
ML Engineer,Master,2.1,155337.56
Data Scientist,High School,1.5,141909.48
Data Engineer,PhD,3.2,165993.29
ML Engineer,Bachelor,0.4,141581.47
ML Engineer,PhD,3.1,194940.06
DevOps Engineer,PhD,3.7,157283.21
Backend Developer,Bachelor,1.2,110583.4
Data Scientist,Bachelor,2.4,158689.51
DevOps Engineer,PhD,0.0,127603.03
Backend Developer,High School,2.7,125124.69
Data Scientist,Bachelor,1.3,141251.36
Software Engineer,Master,5.1,166268.2
Data Scientist,Bachelor,3.4,172614.61
Data Engineer,Master,1.3,127436.68
Backend Developer,Bachelor,0.1,94615.09
Backend Developer,PhD,0.2,112108.05
AI Researcher,Master,2.5,165336.75
Data Scientist,Bachelor,1.6,146917.85
Cloud Architect,Bachelor,2.4,175434.14
ML Engineer,Master,1.3,151635.64
Backend Developer,Master,1.1,114711.23
Backend Developer,Master,3.9,140858.71
ML Engineer,Master,2.0,163520.93
Data Engineer,PhD,3.5,177034.26
AI Researcher,Bachelor,0.2,138594.13
Software Engineer,PhD,0.8,132097.96
ML Engineer,PhD,3.8,185783.86
ML Engineer,High School,0.0,123359.06
AI Researcher,Master,2.9,179992.05
ML Engineer,Master,0.9,135230.59
AI Researcher,High School,0.4,140079.1
ML Engineer,Master,2.4,169193.95
Backend Developer,Bachelor,0.8,107629.52
AI Researcher,High School,1.9,162936.09
AI Researcher,Master,0.9,141794.32
DevOps Engineer,Master,3.0,131701.1
Data Scientist,PhD,3.1,171997.37
Data Engineer,Bachelor,0.0,119151.43
Data Engineer,Bachelor,3.2,148814.23
Data Scientist,High School,2.5,144404.29
Data Engineer,Bachelor,3.1,146603.5
DevOps Engineer,Bachelor,3.6,149575.25
ML Engineer,PhD,2.9,177958.09
Data Scientist,Master,1.3,132317.24
DevOps Engineer,Bachelor,3.5,151441.37
AI Researcher,Master,1.4,155185.95
Data Scientist,PhD,3.1,165700.0
Backend Developer,High School,0.8,96582.68
DevOps Engineer,High School,0.6,112902.52
Data Scientist,PhD,2.0,159686.39
AI Researcher,Master,3.9,187646.76
Data Scientist,High School,0.5,124295.69
ML Engineer,Bachelor,0.0,130453.7
Data Engineer,Master,5.9,179492.24
Software Engineer,Master,1.0,124036.27
DevOps Engineer,PhD,2.7,139425.04
Software Engineer,Master,4.6,169151.89
ML Engineer,Master,3.3,176114.38
ML Engineer,Bachelor,3.7,185961.38
Software Engineer,PhD,1.6,139139.29
Cloud Architect,PhD,0.9,154753.76
Backend Developer,PhD,0.1,112532.7
Data Engineer,Bachelor,2.2,139602.19
Backend Developer,Master,0.0,105864.46
Software Engineer,Bachelor,3.2,143877.99
ML Engineer,Master,3.4,175887.91
Data Engineer,High School,3.2,146267.17
DevOps Engineer,Master,3.4,137771.23
Cloud Architect,Bachelor,2.7,165725.54
Data Engineer,Bachelor,1.7,130686.6
DevOps Engineer,High School,3.8,147160.43
Backend Developer,Master,3.2,127494.41
Software Engineer,Master,2.8,139494.73
Cloud Architect,PhD,1.7,179154.15
Software Engineer,Bachelor,5.0,171927.81
Backend Developer,High School,0.7,109399.85
ML Engineer,Bachelor,2.7,157945.1
Cloud Architect,Bachelor,0.5,147127.56
ML Engineer,High School,3.8,182255.51
Backend Developer,Master,2.4,118619.17
Data Engineer,Bachelor,0.7,122358.53
AI Researcher,High School,3.2,174297.58
AI Researcher,Master,0.5,139786.67
Software Engineer,Master,2.2,141565.15
Backend Developer,Master,2.2,119880.08
Data Engineer,Master,1.6,135414.68
Backend Developer,PhD,0.0,102917.88
ML Engineer,Master,3.6,178870.65
Data Engineer,Master,1.3,123690.61
Software Engineer,High School,1.0,116456.53
Backend Developer,Bachelor,0.8,103201.23
Backend Developer,Master,3.4,120772.48
DevOps Engineer,Master,2.3,125984.99
DevOps Engineer,Master,0.9,112815.67
Data Engineer,PhD,0.8,131067.88
Backend Developer,Bachelor,1.4,117954.18
Data Engineer,Master,0.9,134679.39
Data Scientist,Master,1.4,138115.79
ML Engineer,Master,1.2,148321.92
Data Scientist,Bachelor,1.8,151576.85
Backend Developer,Master,0.0,98997.97
Data Scientist,PhD,2.4,158671.17
Software Engineer,Bachelor,5.3,170916.53
DevOps Engineer,High School,0.7,116019.54
AI Researcher,Bachelor,1.9,172797.24
Data Engineer,Master,3.6,157728.97
ML Engineer,Bachelor,1.7,157165.74
AI Researcher,PhD,0.0,146634.92
Cloud Architect,Bachelor,1.8,171404.01
AI Researcher,PhD,2.8,180564.38
Software Engineer,Bachelor,2.7,146048.61
Data Scientist,Master,2.6,140341.71
Data Engineer,High School,1.3,137175.53
Cloud Architect,Bachelor,3.6,189083.73
Cloud Architect,Master,2.0,169277.09
Cloud Architect,Master,2.0,156654.89
DevOps Engineer,PhD,3.4,148167.12
Backend Developer,PhD,1.9,124351.8
Data Scientist,Master,4.1,163021.32
Data Scientist,Master,1.8,140683.73
Data Engineer,Master,2.4,148777.0
Software Engineer,Master,3.5,156071.82
AI Researcher,Bachelor,3.0,186722.64
Data Engineer,PhD,3.5,172523.55
Software Engineer,Master,2.1,132238.87
Cloud Architect,Bachelor,2.7,176930.09
Cloud Architect,Master,1.7,168619.3
Backend Developer,Master,3.2,139154.18
Backend Developer,Master,2.0,123549.95
Software Engineer,Bachelor,3.1,140698.64
AI Researcher,High School,3.1,177463.25
ML Engineer,High School,3.9,184835.51
Backend Developer,High School,2.3,127308.6
ML Engineer,Master,2.3,155537.52
AI Researcher,High School,0.4,145261.13
Software Engineer,Master,0.0,115396.51
Software Engineer,Master,0.9,127506.11
ML Engineer,High School,1.4,136929.25
AI Researcher,PhD,2.8,185965.99
Cloud Architect,Bachelor,2.6,173871.06
DevOps Engineer,Bachelor,5.7,161455.6
Data Engineer,Bachelor,0.9,126171.35
AI Researcher,PhD,3.6,194636.31
Backend Developer,Master,3.4,136129.61
AI Researcher,Master,1.0,151609.75
ML Engineer,PhD,2.5,178294.7
AI Researcher,PhD,0.0,146819.21
AI Researcher,Bachelor,2.5,164576.75
Software Engineer,High School,0.4,115939.82
ML Engineer,High School,1.9,157520.74
DevOps Engineer,High School,2.1,130087.33
AI Researcher,Master,0.5,140868.79
ML Engineer,PhD,2.4,169056.07
Backend Developer,Bachelor,2.8,129053.78
Cloud Architect,Master,3.1,179970.2
Software Engineer,Master,0.1,107366.77
Software Engineer,Master,2.3,136331.53
Data Engineer,PhD,1.4,146298.61
Data Scientist,Master,1.1,134833.26
ML Engineer,Bachelor,3.3,169917.42
Software Engineer,Master,4.0,160041.02
Software Engineer,Bachelor,4.1,152613.85
Data Scientist,Master,1.4,137840.15
Backend Developer,Bachelor,1.7,112874.52
Backend Developer,Master,0.8,112111.6
AI Researcher,PhD,0.7,149029.82
Software Engineer,PhD,0.0,122556.0
Software Engineer,Bachelor,0.1,107834.8
Software Engineer,Master,3.2,142240.12
Software Engineer,Bachelor,0.2,107362.35
ML Engineer,Master,5.3,209575.73
ML Engineer,Bachelor,0.0,133808.98
Backend Developer,PhD,3.4,134288.82
Backend Developer,High School,2.0,122016.95
Software Engineer,PhD,2.9,151241.97
ML Engineer,Master,3.0,168884.35
DevOps Engineer,PhD,1.4,132715.82
AI Researcher,PhD,1.8,169516.3
AI Researcher,Master,0.3,142283.55
Software Engineer,Master,0.2,112361.31
ML Engineer,Bachelor,3.2,175310.27
ML Engineer,PhD,1.9,171127.07
Software Engineer,PhD,2.7,158421.11
ML Engineer,Bachelor,3.4,169535.89
Data Engineer,Bachelor,2.0,136652.4
Cloud Architect,Bachelor,2.9,172328.62
Data Scientist,Bachelor,2.2,136452.0
DevOps Engineer,PhD,2.9,141833.51
ML Engineer,Master,4.2,183853.42
Backend Developer,Bachelor,2.7,123670.19
ML Engineer,Master,0.0,121693.7
ML Engineer,Bachelor,0.3,139590.03
Data Engineer,Bachelor,5.6,166542.09
Software Engineer,Master,2.1,139385.7
ML Engineer,Bachelor,5.2,188714.47
Data Scientist,Bachelor,2.4,152508.44
DevOps Engineer,High School,1.0,109573.2
Cloud Architect,PhD,0.0,158005.48
Data Scientist,PhD,2.2,158396.27
Cloud Architect,Master,2.8,175701.69
Data Scientist,PhD,0.6,137356.6
Cloud Architect,Master,2.5,173008.22
ML Engineer,PhD,5.2,211740.04
Data Engineer,PhD,2.0,153022.7
Data Engineer,Bachelor,1.2,128984.55
Data Engineer,PhD,1.9,152428.48
DevOps Engineer,Master,3.1,128117.78
Backend Developer,Bachelor,2.5,121358.4
DevOps Engineer,Bachelor,2.8,123352.55
Data Engineer,High School,3.4,142673.25
Data Scientist,Bachelor,2.7,147560.49
Backend Developer,Bachelor,3.1,132481.59
Data Scientist,High School,3.9,162151.98
Data Engineer,Master,1.0,127544.1
Software Engineer,Master,2.0,123313.31
Software Engineer,Bachelor,1.4,122143.56
AI Researcher,Master,3.4,178744.16
Data Scientist,Bachelor,0.5,125354.15
Software Engineer,High School,2.0,130118.83
Data Engineer,Bachelor,2.6,152420.76
Cloud Architect,PhD,1.3,172933.87
Backend Developer,PhD,1.5,121029.55
Software Engineer,Bachelor,2.7,138114.46
Software Engineer,Bachelor,0.9,119798.3
Backend Developer,Master,0.3,99010.02
Software Engineer,PhD,2.9,149879.94
Backend Developer,Bachelor,4.3,152678.53
Data Scientist,Bachelor,0.3,113724.97
Cloud Architect,Bachelor,2.8,184550.8
DevOps Engineer,PhD,2.9,146913.09
Data Scientist,PhD,1.9,161164.59
Software Engineer,Bachelor,0.0,109418.74
DevOps Engineer,Master,1.6,117402.65
ML Engineer,Master,3.7,180856.77
AI Researcher,Bachelor,0.5,137684.18
ML Engineer,Master,1.5,154555.44
AI Researcher,Bachelor,0.4,142099.58
Backend Developer,Master,0.0,96816.96
AI Researcher,Bachelor,1.7,159754.04
Data Scientist,PhD,0.0,132156.2
Data Scientist,PhD,0.7,134204.66
AI Researcher,Master,2.4,168354.31
Data Scientist,High School,1.2,146490.56
Software Engineer,Bachelor,3.2,140477.81
Cloud Architect,Master,0.6,148303.47
DevOps Engineer,Bachelor,1.2,116221.62
Data Scientist,Bachelor,3.6,166178.91
Backend Developer,Master,1.6,126121.91
Data Engineer,Master,4.9,169016.59
Cloud Architect,Bachelor,4.1,205293.94
Backend Developer,Bachelor,3.0,121078.25
Cloud Architect,Bachelor,0.0,142288.88
AI Researcher,PhD,4.1,203702.03
Data Scientist,Master,3.6,169300.13
Data Engineer,PhD,0.8,136926.45
ML Engineer,Bachelor,0.0,125393.76
Data Scientist,Bachelor,0.0,119404.94
Backend Developer,Master,2.0,123528.9
Data Engineer,Bachelor,2.1,134007.21
DevOps Engineer,Master,4.1,144849.49
ML Engineer,Bachelor,0.9,139816.53
DevOps Engineer,PhD,0.7,124961.58
ML Engineer,High School,4.5,178004.28
Data Scientist,Bachelor,3.6,158024.78
Data Scientist,Bachelor,1.1,132477.48
ML Engineer,Master,1.4,139602.71
Software Engineer,PhD,0.2,120914.22
AI Researcher,Bachelor,1.6,155269.23
Cloud Architect,Bachelor,1.5,158059.77
Data Engineer,Bachelor,0.3,115302.17
Cloud Architect,Master,1.3,158972.03
Data Scientist,Bachelor,2.8,150957.44
Cloud Architect,Bachelor,4.9,213885.9
ML Engineer,PhD,1.7,170168.29
Software Engineer,Master,3.8,155978.43
Backend Developer,Bachelor,2.5,126740.67
Cloud Architect,Master,2.2,170958.16
DevOps Engineer,Bachelor,1.6,126355.85
ML Engineer,Bachelor,0.2,135605.59
Cloud Architect,High School,2.6,174060.77
Cloud Architect,Bachelor,6.0,223353.96
Cloud Architect,Master,1.5,160131.24
DevOps Engineer,Master,0.7,116494.59
DevOps Engineer,Bachelor,0.1,117920.38
ML Engineer,Master,3.5,171956.81
Cloud Architect,Master,0.0,143223.0
AI Researcher,Bachelor,2.0,169225.23
Cloud Architect,PhD,2.9,193433.22
Data Engineer,Bachelor,0.0,122308.86
Data Scientist,Master,2.9,161096.01
AI Researcher,Bachelor,1.9,161298.28
Data Engineer,Bachelor,3.1,151724.09
Backend Developer,Bachelor,1.2,103338.52
ML Engineer,High School,1.1,151609.14
Cloud Architect,Bachelor,4.0,188775.8
Software Engineer,High School,3.7,151081.26
ML Engineer,Bachelor,0.0,133200.0
AI Researcher,Master,1.6,145965.08
Software Engineer,Master,4.7,166440.17
ML Engineer,Master,1.2,153606.2
DevOps Engineer,Master,1.7,115785.62
Software Engineer,High School,2.4,130505.93
Backend Developer,PhD,2.6,133651.81
Data Engineer,PhD,2.7,161841.04
AI Researcher,PhD,1.8,166950.51
DevOps Engineer,Master,4.4,159288.78
Software Engineer,Master,1.5,124770.24
Data Engineer,Bachelor,0.7,126559.92
AI Researcher,Bachelor,4.4,197322.02
AI Researcher,PhD,1.9,181164.18
DevOps Engineer,Bachelor,3.5,142840.7
Software Engineer,High School,3.1,145037.72
Software Engineer,PhD,0.6,130204.67
Software Engineer,Bachelor,1.2,124578.02
DevOps Engineer,Bachelor,1.5,124406.69
ML Engineer,PhD,0.0,146523.22
DevOps Engineer,Master,2.8,127600.09
Backend Developer,PhD,3.1,137500.88
DevOps Engineer,High School,2.7,127527.31
Software Engineer,Master,1.1,118580.98
Cloud Architect,Bachelor,1.6,157805.03
Cloud Architect,Bachelor,1.4,162216.77
Cloud Architect,Master,2.2,167623.05
Backend Developer,Master,3.1,137223.14
ML Engineer,PhD,3.6,193291.08
Software Engineer,Bachelor,0.8,112527.32
Data Engineer,High School,3.7,157590.38
Data Engineer,Master,3.9,170985.14
Backend Developer,Master,3.6,135323.69
Software Engineer,Bachelor,2.6,134507.85
Backend Developer,Bachelor,3.2,125498.73
Software Engineer,Master,4.6,156709.72
ML Engineer,Master,1.7,154434.34
AI Researcher,PhD,1.2,157571.65
Data Scientist,Bachelor,3.5,158678.33
AI Researcher,Bachelor,0.4,143892.06
AI Researcher,Bachelor,4.7,206597.06
Cloud Architect,High School,2.0,159096.68
DevOps Engineer,Bachelor,0.7,104637.6
Data Engineer,Master,1.3,130489.79
AI Researcher,Master,3.7,181092.28
Software Engineer,Bachelor,0.0,112746.51
DevOps Engineer,High School,3.6,143431.36
Backend Developer,Master,3.4,133727.79
Software Engineer,Bachelor,0.0,104574.38
ML Engineer,High School,2.7,171369.8
Data Engineer,Master,1.3,137158.55
ML Engineer,Bachelor,2.4,157593.51
Data Engineer,Bachelor,2.2,140716.39
Data Engineer,PhD,2.0,155337.09
Data Scientist,PhD,3.2,167336.49
Data Scientist,Master,0.0,121016.44
ML Engineer,Master,1.4,142962.17
Software Engineer,Bachelor,1.7,125257.45
Data Scientist,High School,1.4,144023.99
Backend Developer,Master,1.9,117301.37
AI Researcher,Bachelor,2.0,161981.18
Data Scientist,PhD,2.4,159733.12
Backend Developer,Master,3.6,133066.24
Backend Developer,PhD,0.9,122670.07
DevOps Engineer,PhD,3.6,148389.72
Cloud Architect,Master,2.7,184009.52
Data Engineer,Master,3.1,148662.14
AI Researcher,PhD,0.0,143580.35
Software Engineer,Bachelor,0.9,121461.85
Backend Developer,Master,0.0,104068.71
Backend Developer,Master,0.8,105090.18
AI Researcher,PhD,2.1,187119.77
Data Engineer,Master,0.6,127117.97
Data Scientist,High School,1.8,139228.48
Cloud Architect,Bachelor,0.2,141399.89
Data Engineer,Bachelor,3.3,148466.57
Cloud Architect,Master,3.2,184158.8
Software Engineer,Bachelor,0.7,119850.39
Cloud Architect,Master,2.0,169461.29
Backend Developer,Master,0.8,106193.46
Backend Developer,Master,3.5,142607.56
DevOps Engineer,Bachelor,1.3,115991.19
Cloud Architect,PhD,1.5,181006.35
ML Engineer,PhD,0.3,145802.15
ML Engineer,High School,3.0,169669.16
Data Scientist,Bachelor,1.6,141766.2
ML Engineer,Master,1.1,143132.97
Backend Developer,Bachelor,0.2,108673.39
Data Engineer,PhD,3.1,160597.66
Data Scientist,Master,3.5,163199.96
AI Researcher,PhD,3.4,191195.04
Backend Developer,Bachelor,6.4,163974.05
Software Engineer,PhD,0.6,129342.94
Cloud Architect,Master,0.9,160323.12
DevOps Engineer,Bachelor,1.5,124636.22
AI Researcher,Bachelor,0.0,138188.96
Data Engineer,PhD,2.6,157525.25
Cloud Architect,Bachelor,3.3,185340.01
AI Researcher,High School,0.4,138176.56
Software Engineer,High School,3.8,148414.45
ML Engineer,Master,0.0,127762.2
Data Engineer,Bachelor,0.5,120110.46
DevOps Engineer,Master,0.0,98260.96
ML Engineer,Master,0.8,136740.72
DevOps Engineer,High School,1.0,112399.9
Data Engineer,PhD,0.4,127860.28
ML Engineer,Bachelor,1.1,140698.16
Cloud Architect,PhD,1.7,175971.79
Data Engineer,Bachelor,1.5,127299.08
DevOps Engineer,Master,1.2,114694.14
ML Engineer,Master,1.4,153652.21
Software Engineer,Bachelor,4.2,160078.49
AI Researcher,Master,4.8,199569.82
ML Engineer,Master,0.3,125763.09
Software Engineer,High School,0.7,115060.18
Data Engineer,Bachelor,1.4,128867.22
Data Scientist,Bachelor,3.1,155819.56
Data Engineer,Master,0.0,119955.78
Data Engineer,High School,2.9,146799.7
ML Engineer,Master,1.1,138085.27
AI Researcher,PhD,1.9,176433.2
Cloud Architect,Master,0.0,137609.2
Software Engineer,Master,3.2,140607.87
Data Engineer,High School,3.4,155773.91
Data Scientist,Master,3.2,162471.97
ML Engineer,Master,1.4,143747.88
ML Engineer,Master,0.0,128672.6
Data Engineer,High School,0.7,123677.23
DevOps Engineer,Master,4.7,156079.73
AI Researcher,Master,1.4,158008.69
ML Engineer,Bachelor,0.4,134009.84
DevOps Engineer,PhD,1.7,129217.53
Backend Developer,Master,2.2,122601.98
Backend Developer,High School,2.4,124994.76
Software Engineer,Master,0.5,110676.76
AI Researcher,Bachelor,4.0,191024.07
Data Scientist,Bachelor,2.1,144740.14
Backend Developer,Master,0.0,102503.35
Software Engineer,Master,1.9,132363.04
Cloud Architect,High School,0.0,138776.05
AI Researcher,Bachelor,0.0,135118.55
DevOps Engineer,Bachelor,4.8,160233.57
Data Engineer,Bachelor,1.9,139664.6
Data Engineer,Bachelor,0.9,120042.18
DevOps Engineer,High School,4.7,151830.44
Data Engineer,Bachelor,1.8,142598.49
DevOps Engineer,Master,2.7,129689.11
ML Engineer,Bachelor,0.0,134927.23
Backend Developer,PhD,2.3,134606.41
Backend Developer,High School,2.2,126559.13
Data Scientist,Bachelor,4.1,164741.06
ML Engineer,Bachelor,0.8,144231.74
Data Scientist,Master,2.3,149539.36
Data Engineer,PhD,1.4,127838.2
Backend Developer,Bachelor,1.1,113355.85
Data Scientist,High School,0.6,127079.9
Data Scientist,Bachelor,1.9,150016.86
DevOps Engineer,PhD,0.6,122012.53
Backend Developer,Master,1.2,105423.6
Cloud Architect,High School,1.8,159973.25
Data Scientist,Bachelor,1.0,132164.67
AI Researcher,PhD,2.8,185598.87
Data Scientist,High School,1.3,135845.16
Software Engineer,High School,3.7,151238.46
Backend Developer,Master,1.8,121240.21
Data Scientist,Master,1.9,135348.65
Software Engineer,Bachelor,0.9,118875.47
Data Scientist,PhD,0.8,142394.35
Data Scientist,Master,1.3,139854.36
Backend Developer,PhD,2.2,131614.79
Data Scientist,PhD,0.0,138257.93
Software Engineer,High School,1.1,118503.37
Data Engineer,PhD,0.0,134202.93
Cloud Architect,Bachelor,2.4,175093.11
AI Researcher,Bachelor,2.3,164423.75
DevOps Engineer,Bachelor,0.0,103677.03
ML Engineer,Bachelor,0.0,129415.07
Cloud Architect,Master,1.4,144502.67
Backend Developer,Bachelor,0.0,96035.63
DevOps Engineer,Bachelor,3.3,135246.79
AI Researcher,PhD,0.8,164959.53
Data Scientist,High School,1.4,135792.37
ML Engineer,PhD,2.1,173494.0
ML Engineer,Master,1.9,157791.87
Data Engineer,Bachelor,0.5,120489.04
Software Engineer,PhD,1.1,137953.15
Data Engineer,PhD,0.0,128737.51
AI Researcher,Bachelor,2.6,163610.4
AI Researcher,Master,3.7,177725.92
Software Engineer,Master,0.0,104890.03
Cloud Architect,Master,1.4,164083.17
Data Engineer,Master,3.4,151236.5
DevOps Engineer,PhD,3.2,159711.5
Data Engineer,Master,4.3,169053.96
Software Engineer,Master,1.1,118255.1
Software Engineer,Bachelor,2.0,122375.7
AI Researcher,PhD,0.9,160723.86
Data Scientist,PhD,2.8,169311.03
Backend Developer,Bachelor,4.5,152033.8
Data Scientist,Master,0.2,134988.68
Software Engineer,Master,4.5,158257.98
Data Scientist,Bachelor,2.6,151986.54
Cloud Architect,Master,1.8,163271.58
Data Engineer,PhD,0.3,141525.92
ML Engineer,Bachelor,4.8,192778.26
AI Researcher,Bachelor,2.4,166114.8
Software Engineer,Master,1.6,136590.24
DevOps Engineer,Master,1.2,109009.74
ML Engineer,High School,0.0,128399.75
Software Engineer,High School,1.0,122338.72
Cloud Architect,Bachelor,0.7,145761.14
Cloud Architect,Master,3.5,184502.07
Cloud Architect,Bachelor,1.8,162537.55
ML Engineer,Master,0.0,127750.74
ML Engineer,Bachelor,2.5,155142.92
Cloud Architect,PhD,2.7,189216.19
ML Engineer,Bachelor,3.9,181106.09
Software Engineer,Bachelor,3.9,151536.44
AI Researcher,PhD,0.0,149647.09
AI Researcher,Bachelor,1.8,159889.56
Cloud Architect,Master,1.6,161606.36
Cloud Architect,PhD,0.2,151090.55
Backend Developer,Bachelor,3.1,127797.67
Data Scientist,Master,1.1,127552.76
Software Engineer,Bachelor,3.6,144341.32
Software Engineer,Master,2.2,141818.04
Backend Developer,PhD,2.1,127416.89
AI Researcher,PhD,2.2,182570.45
ML Engineer,Master,2.2,165839.58
DevOps Engineer,Bachelor,0.6,119650.41
DevOps Engineer,Master,2.7,124674.17
Cloud Architect,Master,2.1,159700.96
Data Engineer,Master,1.7,134981.21
DevOps Engineer,Bachelor,0.9,119272.86
Data Engineer,Bachelor,1.7,130175.16
ML Engineer,PhD,2.2,175355.74
Cloud Architect,High School,1.9,182917.48
Data Scientist,Bachelor,1.5,135621.62
ML Engineer,PhD,0.3,147691.01
DevOps Engineer,Bachelor,3.8,140434.39
Backend Developer,High School,1.4,114401.38
Software Engineer,Bachelor,1.9,133450.29
AI Researcher,Bachelor,1.8,161288.36
Backend Developer,High School,0.9,103256.8
Cloud Architect,Master,0.7,146254.23
DevOps Engineer,Master,1.4,120524.57
Backend Developer,PhD,1.2,121285.63
DevOps Engineer,PhD,2.8,131552.19
Software Engineer,High School,0.5,123332.45
Backend Developer,High School,0.0,98377.14
Backend Developer,High School,6.3,163499.85
Data Engineer,Master,5.0,167961.48
Data Engineer,Master,2.6,150598.94
Data Engineer,Bachelor,1.6,139800.21
DevOps Engineer,Bachelor,0.8,118226.05
AI Researcher,Master,0.2,134633.42
Backend Developer,Master,3.0,128379.65
ML Engineer,Bachelor,2.6,167983.57
Cloud Architect,Bachelor,2.6,171428.1
DevOps Engineer,Bachelor,3.5,145264.09
Data Scientist,Bachelor,5.4,181471.94
Backend Developer,Bachelor,2.8,127539.41
AI Researcher,Bachelor,5.2,206547.18
Backend Developer,Master,2.1,127742.93
ML Engineer,PhD,3.5,188129.75
Cloud Architect,Master,5.3,207322.13
Data Scientist,Master,5.7,191231.25
Software Engineer,Bachelor,0.0,105725.87
Cloud Architect,Bachelor,0.8,155901.79
ML Engineer,Bachelor,0.5,141038.23
Data Scientist,Bachelor,0.0,117948.96
AI Researcher,Bachelor,3.5,182309.13
Data Scientist,Master,2.6,155561.52
Data Engineer,Bachelor,2.6,147418.69
ML Engineer,Bachelor,3.3,168330.51
Cloud Architect,Bachelor,1.7,161891.07
AI Researcher,PhD,2.8,193084.82
ML Engineer,Master,2.2,151211.13
Data Scientist,Bachelor,3.1,159586.12
Data Scientist,PhD,2.2,148853.1
DevOps Engineer,Bachelor,3.3,132460.9
AI Researcher,Bachelor,0.0,140576.38
Software Engineer,PhD,0.4,132612.74
ML Engineer,Master,2.3,156385.69
Data Scientist,PhD,1.4,152390.78
DevOps Engineer,Bachelor,0.1,118517.56
DevOps Engineer,Bachelor,2.3,124074.85
AI Researcher,Bachelor,1.5,154024.76
AI Researcher,Bachelor,0.0,134161.55
Data Engineer,Master,3.8,159802.52
Data Scientist,Bachelor,0.3,124803.76
Data Scientist,Bachelor,3.4,154601.52
Data Engineer,Master,1.3,125719.39
ML Engineer,Bachelor,1.9,152960.31
Software Engineer,Bachelor,2.4,139926.2
Cloud Architect,PhD,2.3,173786.65
Data Scientist,Bachelor,5.5,176983.32
ML Engineer,Bachelor,2.2,163717.33
Data Scientist,Bachelor,3.8,166110.05
Cloud Architect,Master,1.1,155398.45
ML Engineer,PhD,3.0,183719.8
ML Engineer,Bachelor,2.6,158137.11
DevOps Engineer,Bachelor,2.6,131309.22
Software Engineer,Bachelor,0.0,113832.31
Cloud Architect,PhD,1.4,181653.61
Backend Developer,Bachelor,0.0,100618.19
DevOps Engineer,Bachelor,1.3,114999.75
DevOps Engineer,Master,2.2,126822.33
Backend Developer,Bachelor,2.0,116868.65
Backend Developer,Bachelor,3.8,139719.38
ML Engineer,Bachelor,0.4,130689.6
Backend Developer,Bachelor,2.7,135197.93
Data Scientist,Master,2.3,151089.26
Software Engineer,High School,3.1,132921.54
Data Scientist,Master,2.3,152657.44
Software Engineer,Master,2.2,136167.87
AI Researcher,Bachelor,1.7,166680.58
Data Engineer,Bachelor,0.1,121239.29
Data Engineer,Master,2.6,138750.62
Data Engineer,Bachelor,2.6,147569.18
Cloud Architect,PhD,4.6,218937.96
AI Researcher,PhD,3.3,200604.13
Backend Developer,Bachelor,2.4,117976.49
Backend Developer,Master,0.0,103813.46
Data Engineer,Bachelor,3.6,153153.92
Cloud Architect,Bachelor,0.0,147242.27
Software Engineer,Bachelor,0.0,106520.28
Cloud Architect,Master,2.5,179532.52
Software Engineer,Bachelor,3.2,139841.96
Data Engineer,Bachelor,0.3,116845.69
ML Engineer,Master,0.7,134548.2
Software Engineer,Bachelor,0.5,108943.94
Data Scientist,Bachelor,1.7,135553.75
AI Researcher,High School,3.1,178479.51
Backend Developer,Bachelor,2.1,127065.24
AI Researcher,High School,1.9,161163.84
Backend Developer,Master,0.0,101629.02
Data Scientist,PhD,2.8,167403.01
DevOps Engineer,Bachelor,2.8,130906.54
Backend Developer,Bachelor,3.8,133130.26
Software Engineer,Master,0.0,109323.17
Software Engineer,Bachelor,3.5,157576.55
AI Researcher,Master,2.4,163377.1
AI Researcher,Bachelor,1.9,155563.6
Data Scientist,Master,3.8,166487.92
Cloud Architect,Bachelor,2.6,172150.37
Data Engineer,Master,2.0,142764.46
AI Researcher,Bachelor,2.1,164702.71
Software Engineer,High School,2.5,142308.42
Backend Developer,Bachelor,0.3,109615.47
Data Engineer,Bachelor,1.4,132702.95
DevOps Engineer,PhD,1.4,132378.96
ML Engineer,Bachelor,0.7,135265.93
ML Engineer,Master,1.1,144739.25
AI Researcher,Bachelor,3.4,181926.65
Data Engineer,PhD,0.4,128940.61
AI Researcher,Bachelor,3.6,180333.36
Backend Developer,PhD,1.5,107728.43
Cloud Architect,Bachelor,3.8,198720.37
Software Engineer,PhD,4.7,166452.74
Software Engineer,Master,2.6,134798.05
AI Researcher,PhD,0.7,171474.48
Software Engineer,High School,0.0,104022.69
Backend Developer,Master,0.0,98872.21
Data Engineer,Bachelor,0.0,114306.37
Software Engineer,High School,1.8,129871.16
Data Engineer,Master,0.0,126266.54
Data Scientist,Bachelor,2.4,141969.1
Software Engineer,Bachelor,2.8,139989.41
Backend Developer,Master,1.9,112674.97
Software Engineer,PhD,3.1,165559.71
Data Engineer,Bachelor,2.4,138709.19
Data Scientist,Bachelor,1.6,135872.17
AI Researcher,Bachelor,4.4,200977.53
DevOps Engineer,PhD,2.5,139827.85
ML Engineer,Master,1.2,149215.02
Data Scientist,High School,5.5,173587.82
Backend Developer,PhD,2.1,124926.31
ML Engineer,Master,1.8,155253.84
AI Researcher,Master,1.1,143372.27
Software Engineer,Bachelor,0.0,113014.9
Data Engineer,Master,0.5,122681.92
Software Engineer,Master,5.7,172128.69
DevOps Engineer,Bachelor,2.8,134823.67
Software Engineer,Bachelor,2.5,138641.24
Cloud Architect,PhD,3.9,204134.0
Software Engineer,Bachelor,0.1,112758.53
Data Scientist,Bachelor,3.8,166355.66
ML Engineer,Bachelor,2.8,169451.59
Cloud Architect,Bachelor,2.4,171826.85
Data Scientist,Bachelor,1.5,134345.41
Data Engineer,Bachelor,2.8,147427.38
ML Engineer,Bachelor,3.3,167237.92
Cloud Architect,Bachelor,2.0,171654.13
Cloud Architect,Bachelor,1.3,159445.14
Data Scientist,PhD,1.4,149757.92
ML Engineer,Bachelor,2.1,148655.85
Cloud Architect,Master,1.6,161945.58
Software Engineer,Bachelor,2.5,144782.14
Cloud Architect,PhD,1.9,185992.74
Data Scientist,Master,0.1,115130.87
Data Engineer,Master,6.3,176646.38
ML Engineer,PhD,2.2,168657.17
Cloud Architect,PhD,2.6,183139.49
Data Scientist,High School,0.0,123966.33
Software Engineer,High School,0.0,110115.64
Cloud Architect,Bachelor,1.2,155744.06
AI Researcher,Bachelor,1.3,152525.1
Data Engineer,Master,3.0,151779.45
AI Researcher,PhD,1.9,167342.67
Data Engineer,Master,1.1,131252.86
Data Scientist,High School,1.4,139280.59
Backend Developer,Bachelor,1.1,108500.56
Data Scientist,PhD,0.5,135181.73
AI Researcher,Bachelor,4.1,193199.77
Software Engineer,Master,2.4,140983.53
Data Engineer,High School,2.2,140531.66
ML Engineer,Bachelor,0.6,137012.85
Backend Developer,Bachelor,2.1,124105.1
AI Researcher,Bachelor,2.2,167803.46
Data Scientist,Bachelor,2.5,145423.28
Data Scientist,Bachelor,0.3,117810.63
Data Scientist,PhD,2.4,160411.01
Cloud Architect,Master,0.8,145913.36
Backend Developer,High School,1.5,121873.73
Software Engineer,Master,0.0,109392.12
Data Engineer,Bachelor,1.1,132943.23
ML Engineer,PhD,3.9,188377.44
AI Researcher,Master,2.3,168391.84
Cloud Architect,Master,1.5,161993.54
Data Engineer,Bachelor,3.2,155440.99
AI Researcher,Master,0.2,131132.27
AI Researcher,Master,5.2,203601.95
Cloud Architect,PhD,2.1,185955.35
AI Researcher,Master,0.0,132314.18
Software Engineer,High School,2.6,142942.32
AI Researcher,Bachelor,2.9,180528.03
Backend Developer,Master,1.6,121301.57
Data Engineer,Bachelor,4.2,173127.81
ML Engineer,High School,1.2,148022.19
Data Engineer,Master,1.0,128485.91
Software Engineer,High School,0.9,120147.91
AI Researcher,Master,2.6,166004.75
Cloud Architect,PhD,3.0,189459.12
DevOps Engineer,Bachelor,0.7,113024.43
Cloud Architect,Master,1.9,165687.76
DevOps Engineer,Master,0.0,108335.06
DevOps Engineer,Master,0.7,108448.36
ML Engineer,Master,1.2,150912.41
DevOps Engineer,Bachelor,0.1,107407.16
Data Scientist,Bachelor,2.3,146229.36
Cloud Architect,High School,0.0,141901.29
Data Scientist,Master,2.8,152933.31
Data Scientist,Bachelor,0.0,118478.68
Data Engineer,Bachelor,3.7,158016.59
ML Engineer,Master,2.9,165928.47
Cloud Architect,Master,3.6,193136.3
Data Engineer,Bachelor,0.2,116637.41
Cloud Architect,Bachelor,4.2,192160.27
Cloud Architect,Bachelor,0.2,129209.14
ML Engineer,Bachelor,3.1,171875.74
ML Engineer,Bachelor,0.4,141517.82
ML Engineer,High School,3.4,181763.26
DevOps Engineer,Master,0.8,116413.65
DevOps Engineer,High School,2.8,129217.49
Backend Developer,Bachelor,1.2,109451.17
AI Researcher,Bachelor,0.5,144426.69
AI Researcher,High School,2.1,165758.74
ML Engineer,High School,0.2,134361.69
Backend Developer,Master,3.6,131369.42
Data Engineer,Bachelor,1.6,136415.5
ML Engineer,Bachelor,5.4,199951.6
Backend Developer,Master,2.4,120977.67
ML Engineer,Bachelor,1.3,150206.15
Backend Developer,PhD,2.0,133732.46
AI Researcher,Bachelor,2.0,160856.83
AI Researcher,Bachelor,2.0,165345.12
Software Engineer,Bachelor,0.3,111841.48
DevOps Engineer,Bachelor,1.7,124549.77
Backend Developer,Bachelor,3.5,135922.89
Data Scientist,PhD,0.0,134722.86
Data Scientist,High School,1.5,139263.68
Backend Developer,Bachelor,1.1,101693.88
Backend Developer,Master,0.9,109968.73
Cloud Architect,Bachelor,1.6,165297.08
Backend Developer,High School,0.8,106105.27
Backend Developer,Bachelor,2.8,121071.46
Cloud Architect,High School,4.0,199713.83
DevOps Engineer,PhD,1.5,134407.9
Data Scientist,Bachelor,2.7,148666.39
ML Engineer,High School,2.9,165652.62
Backend Developer,Master,1.7,123255.14
Data Engineer,PhD,5.1,193474.05
ML Engineer,PhD,1.3,157092.7
Cloud Architect,PhD,1.4,177370.43
Software Engineer,Bachelor,0.0,119313.56
Backend Developer,PhD,2.3,134758.46
Software Engineer,PhD,3.3,158211.71
DevOps Engineer,Bachelor,0.2,104292.78
DevOps Engineer,PhD,0.9,118899.33
AI Researcher,Bachelor,4.5,193684.4
Backend Developer,High School,1.9,123492.84
DevOps Engineer,Bachelor,1.9,123283.34
DevOps Engineer,Master,2.9,133165.33
Data Engineer,Bachelor,2.1,139410.61
Backend Developer,Bachelor,0.8,106513.29
Backend Developer,Bachelor,0.9,112813.32
Software Engineer,Master,1.2,117395.38
Data Engineer,PhD,2.7,164373.26
AI Researcher,PhD,0.6,160362.23
Cloud Architect,PhD,0.8,166381.52
Data Engineer,Master,0.6,122803.36
Software Engineer,Master,2.1,133034.33
Backend Developer,High School,5.5,148672.43
ML Engineer,Bachelor,2.1,153737.87
Backend Developer,PhD,2.4,138457.76
Cloud Architect,Master,2.6,174405.85
Cloud Architect,Bachelor,1.0,163714.81
AI Researcher,Master,5.4,214593.37
Cloud Architect,PhD,3.4,211727.29
Software Engineer,Bachelor,3.8,150343.88
AI Researcher,Bachelor,2.4,156958.64
ML Engineer,Master,1.8,154660.04
ML Engineer,Bachelor,3.1,166607.1
Data Scientist,Master,1.2,135580.0
Software Engineer,Master,5.6,180313.71
AI Researcher,Master,2.1,162125.77
DevOps Engineer,Master,0.0,109591.06
Data Scientist,Bachelor,0.0,123618.88
AI Researcher,PhD,1.4,164513.43
AI Researcher,PhD,0.1,154183.84
AI Researcher,Bachelor,6.1,213464.75
AI Researcher,Bachelor,3.0,173714.64
DevOps Engineer,High School,4.0,145481.38
Data Scientist,Master,3.3,162290.8
Cloud Architect,Master,1.1,158369.85
ML Engineer,Bachelor,2.5,163253.19
ML Engineer,PhD,0.8,152171.43
Backend Developer,Master,1.0,118883.65
Data Engineer,PhD,0.3,136874.5
Data Scientist,Master,0.1,120486.49
Software Engineer,Bachelor,2.6,139363.76
ML Engineer,Bachelor,2.6,169039.1
Software Engineer,PhD,2.3,144932.02
Software Engineer,Bachelor,3.9,158685.61
AI Researcher,Master,4.0,185490.55
Backend Developer,High School,0.8,106334.91
ML Engineer,Master,2.6,162702.12
Backend Developer,PhD,3.7,141457.99
AI Researcher,Bachelor,1.5,158465.19
ML Engineer,Master,2.6,164389.63
AI Researcher,Master,4.0,191566.83
Data Scientist,Bachelor,2.6,151815.08
ML Engineer,Master,2.2,164433.3
Backend Developer,Bachelor,3.4,130969.09
Cloud Architect,Bachelor,1.3,153264.28
DevOps Engineer,Bachelor,3.2,141613.02
Cloud Architect,PhD,2.4,185146.55
Data Scientist,Master,0.1,121481.76
Backend Developer,PhD,4.0,147228.94
Software Engineer,PhD,0.3,121286.4
Data Scientist,Bachelor,0.0,119857.71
Data Scientist,PhD,2.5,166146.08
Data Scientist,Bachelor,1.1,131314.28
DevOps Engineer,PhD,1.3,130628.16
DevOps Engineer,PhD,2.6,140634.7
Data Engineer,Bachelor,0.0,106562.05
Data Scientist,PhD,5.0,185334.52
DevOps Engineer,PhD,0.7,120043.35
AI Researcher,High School,1.5,157153.38
Cloud Architect,High School,3.2,190773.95
Data Engineer,Master,3.0,144867.53
AI Researcher,Bachelor,2.2,161157.1
Data Engineer,Master,1.9,134575.89
DevOps Engineer,Bachelor,4.7,159581.57
DevOps Engineer,Master,4.0,146076.74
Data Scientist,Bachelor,2.2,142118.51
DevOps Engineer,PhD,2.0,129635.17
Cloud Architect,PhD,1.1,162199.39
AI Researcher,Bachelor,0.0,136979.18
Data Engineer,Bachelor,2.4,143499.35
Data Scientist,PhD,4.7,192349.88
AI Researcher,Bachelor,1.1,147170.17
Cloud Architect,Master,2.4,174998.64
Data Engineer,Master,3.2,152200.43
ML Engineer,Bachelor,5.3,195374.29
AI Researcher,Master,1.6,150148.77
AI Researcher,Master,0.0,130018.71
Software Engineer,High School,1.3,128962.27
DevOps Engineer,High School,0.7,109911.67
Cloud Architect,High School,0.4,143063.77
Cloud Architect,High School,3.2,187695.17
Backend Developer,Master,2.3,134204.46
Data Engineer,Bachelor,1.5,125059.6
Software Engineer,Bachelor,2.4,143621.82
AI Researcher,Bachelor,2.2,168486.68
Data Scientist,Master,0.0,124554.49
AI Researcher,Master,2.7,173751.95
AI Researcher,Bachelor,0.5,148744.54
DevOps Engineer,Master,1.6,121868.49
Backend Developer,Master,0.0,105297.19
AI Researcher,PhD,2.3,178027.77
DevOps Engineer,Bachelor,1.1,115067.62
Data Scientist,Bachelor,1.2,140365.23
Software Engineer,Bachelor,3.5,149929.91
Data Scientist,PhD,4.4,193389.31
Software Engineer,PhD,2.6,151239.14
ML Engineer,Master,1.0,149255.93
Data Engineer,PhD,1.5,144739.14
DevOps Engineer,PhD,3.9,152414.8
Data Engineer,Bachelor,0.0,120443.73
Backend Developer,High School,4.2,145431.75
Software Engineer,Master,2.7,134079.59
AI Researcher,Bachelor,2.4,167104.93
Data Scientist,Bachelor,4.6,174968.98
Cloud Architect,Bachelor,1.3,166947.06
Data Engineer,Master,2.1,145632.41
Backend Developer,PhD,1.8,131386.01
Data Engineer,Bachelor,2.2,139660.88
Data Engineer,High School,0.4,113870.75
Software Engineer,PhD,0.5,129999.65
ML Engineer,Bachelor,2.6,169877.75
ML Engineer,High School,0.5,134368.54
Data Scientist,Master,1.3,135087.34
DevOps Engineer,Master,1.3,107228.82
Software Engineer,Master,4.7,158888.47
Data Scientist,Master,4.4,177771.14
AI Researcher,PhD,0.0,158569.49
DevOps Engineer,Bachelor,4.4,151077.57
Data Engineer,PhD,0.3,132729.45
Data Engineer,Bachelor,4.7,170007.18
DevOps Engineer,Master,4.2,147038.13
Cloud Architect,Bachelor,2.9,174973.08
Software Engineer,Bachelor,3.0,148501.26
Data Engineer,PhD,4.6,179238.11
Backend Developer,Bachelor,2.0,117672.91
DevOps Engineer,PhD,2.8,146373.5
Cloud Architect,Master,5.3,218785.23
ML Engineer,PhD,0.9,155419.18
Backend Developer,PhD,0.1,108171.91
ML Engineer,Master,3.3,176859.41
DevOps Engineer,PhD,3.2,151970.34
AI Researcher,Bachelor,3.5,183813.19
Software Engineer,Master,2.2,129494.82
Cloud Architect,Bachelor,2.3,169401.2
Data Scientist,Master,2.6,147291.76
Data Scientist,Master,3.9,164376.63
ML Engineer,PhD,3.8,191371.8
DevOps Engineer,Bachelor,1.2,117611.04
DevOps Engineer,High School,2.5,126097.15
AI Researcher,High School,3.5,176586.35
Backend Developer,Bachelor,2.4,128709.49
ML Engineer,Master,1.1,142849.08
Software Engineer,PhD,4.8,168691.54
AI Researcher,PhD,5.5,215523.36
Cloud Architect,Bachelor,0.0,141703.97
Software Engineer,Bachelor,2.5,143411.1
ML Engineer,Master,0.3,126418.95
ML Engineer,Bachelor,1.8,157890.58
AI Researcher,Master,2.1,161324.68
Software Engineer,Master,2.5,136954.17
Software Engineer,Bachelor,1.5,129327.91
Data Scientist,PhD,1.7,147959.85
DevOps Engineer,Bachelor,1.9,128765.78
Software Engineer,Bachelor,1.4,123765.43
Data Scientist,PhD,0.0,129462.99
AI Researcher,Master,1.7,161184.01
Software Engineer,Bachelor,3.9,148519.93
DevOps Engineer,High School,0.0,102353.67
AI Researcher,Master,0.1,133062.78
Cloud Architect,PhD,2.7,187935.84
DevOps Engineer,PhD,0.8,127131.32
Backend Developer,Bachelor,1.0,116079.51
Data Scientist,Bachelor,0.6,123445.15
DevOps Engineer,Bachelor,1.0,111992.7
DevOps Engineer,Master,0.0,112928.54
Backend Developer,Master,2.9,125343.77
Backend Developer,PhD,2.4,137870.05
AI Researcher,Master,2.6,168386.01
Cloud Architect,Master,1.8,167671.46
Software Engineer,PhD,4.1,169410.7
Backend Developer,Master,1.5,108040.44
Software Engineer,High School,3.4,143556.83
Data Engineer,High School,2.9,146213.86
DevOps Engineer,High School,1.8,126489.45
Cloud Architect,Bachelor,0.0,127634.53
Data Engineer,High School,4.0,168486.63
Data Scientist,Bachelor,0.0,119382.88
Backend Developer,Master,0.5,104467.64
Data Scientist,Bachelor,5.4,178371.32
AI Researcher,Bachelor,0.5,139795.98
Data Scientist,Bachelor,4.6,171868.58
Data Engineer,Master,3.8,159580.45
Data Engineer,Bachelor,3.5,154244.59
Software Engineer,Bachelor,0.3,114783.15
ML Engineer,Bachelor,2.4,164508.91
AI Researcher,PhD,4.1,208113.86
AI Researcher,PhD,0.3,146029.87
Software Engineer,Bachelor,2.8,147383.4
Data Engineer,Bachelor,3.8,155578.17
Data Engineer,PhD,1.7,147972.67
AI Researcher,Master,1.1,146746.89
AI Researcher,Master,2.9,172247.63
Cloud Architect,PhD,3.9,212252.55
Backend Developer,Bachelor,1.9,123013.29
Software Engineer,Master,3.5,147725.72
Data Engineer,Bachelor,3.2,143633.41
Data Engineer,Master,3.0,152963.8
Backend Developer,Bachelor,3.3,134671.37
Cloud Architect,Master,2.8,173988.96
DevOps Engineer,Bachelor,1.4,117619.55
Software Engineer,PhD,2.4,150869.25
AI Researcher,Bachelor,0.0,136439.82
DevOps Engineer,High School,3.3,133403.48
Backend Developer,PhD,2.6,137432.19
Software Engineer,High School,1.9,136370.14
AI Researcher,Bachelor,1.7,162682.37
Software Engineer,Bachelor,1.9,128317.45
Backend Developer,PhD,2.8,144045.37
Cloud Architect,Bachelor,3.9,205957.32
AI Researcher,Bachelor,3.3,182608.63
Software Engineer,Bachelor,0.1,106620.05
Backend Developer,PhD,0.5,112882.82
ML Engineer,PhD,2.9,178791.25
Cloud Architect,High School,0.9,150541.39
Data Scientist,Bachelor,6.2,195803.23
Data Scientist,PhD,0.7,142960.53
Backend Developer,Bachelor,2.9,129601.46
Data Engineer,Bachelor,1.4,133019.39
Software Engineer,Bachelor,0.0,108867.69
ML Engineer,High School,0.6,142313.09
AI Researcher,High School,1.8,162203.56
Data Engineer,High School,0.4,123247.33
Cloud Architect,Master,0.6,144459.72
Software Engineer,Bachelor,2.4,136374.09
ML Engineer,Bachelor,0.1,132001.5
ML Engineer,Bachelor,1.2,146185.83
AI Researcher,Bachelor,2.6,171717.66
Cloud Architect,Bachelor,1.4,161302.29
Data Scientist,PhD,3.0,168260.84
Software Engineer,Bachelor,0.4,121507.12
DevOps Engineer,High School,6.1,165870.42
Data Scientist,Bachelor,4.5,165467.29
Software Engineer,Bachelor,5.2,170639.34
Software Engineer,Master,0.9,115353.63
Data Engineer,Bachelor,0.6,131782.82
Backend Developer,Master,3.7,127962.87
Backend Developer,Master,2.7,118275.55
AI Researcher,High School,0.7,147200.4
AI Researcher,Bachelor,3.6,188931.25
Software Engineer,Bachelor,1.6,123394.36
Data Scientist,Master,1.6,134991.06
AI Researcher,High School,2.5,168534.97
DevOps Engineer,Bachelor,3.5,143308.81
Data Scientist,Bachelor,1.7,140082.16
ML Engineer,Bachelor,3.3,166283.76
DevOps Engineer,Bachelor,0.6,114613.61
Cloud Architect,PhD,3.5,201040.57
Data Scientist,Master,2.0,141047.54
DevOps Engineer,Bachelor,1.6,121998.73
Data Engineer,Bachelor,1.5,129134.96
Software Engineer,Bachelor,3.3,149097.09
AI Researcher,High School,0.7,153792.44
Data Scientist,Bachelor,2.6,151952.0
DevOps Engineer,Master,0.1,109877.55
Backend Developer,Master,2.0,125394.18
Software Engineer,Master,0.0,111087.71
Cloud Architect,Master,1.4,162286.55
Data Engineer,High School,4.1,160681.54
Software Engineer,Master,2.3,132598.75
DevOps Engineer,Master,1.2,116924.48
Cloud Architect,PhD,0.7,166524.2
AI Researcher,PhD,2.4,168294.69
Backend Developer,High School,0.0,105293.15
Backend Developer,PhD,1.1,128000.35
Cloud Architect,High School,3.0,179405.47
ML Engineer,High School,1.6,162691.9
Data Engineer,High School,1.8,130915.8
Backend Developer,Bachelor,0.0,103479.6
Data Scientist,PhD,1.1,148654.97
DevOps Engineer,PhD,3.3,149693.74
Software Engineer,Bachelor,2.5,137507.83
DevOps Engineer,Bachelor,2.0,120860.01
Cloud Architect,Master,2.7,183522.83
DevOps Engineer,Bachelor,0.5,110270.32
Data Scientist,Bachelor,2.2,151837.98
Backend Developer,PhD,2.6,133423.14
DevOps Engineer,High School,1.5,128411.78
Backend Developer,PhD,1.3,122948.87
Backend Developer,High School,1.4,113192.47
ML Engineer,Bachelor,1.9,151254.53
Backend Developer,Bachelor,0.1,96769.64
Software Engineer,PhD,2.7,146486.03
Software Engineer,PhD,0.3,124498.39
Cloud Architect,Master,0.0,142081.14
Cloud Architect,Master,1.2,151984.33
DevOps Engineer,PhD,4.2,163357.92
DevOps Engineer,Bachelor,0.0,110422.43
Data Scientist,Master,2.0,137588.38
Data Scientist,Master,4.5,175882.19
Software Engineer,PhD,1.6,139487.37
Software Engineer,Master,4.3,163461.94
Data Scientist,PhD,0.0,137906.24
Data Scientist,Master,4.6,181562.6
Cloud Architect,Bachelor,0.3,141010.84
Cloud Architect,Bachelor,1.9,162498.08
Data Engineer,Bachelor,1.4,132421.17
Cloud Architect,High School,1.7,159605.23
Backend Developer,Master,0.7,109749.69
Data Engineer,Bachelor,1.7,131175.52
Data Engineer,PhD,0.8,135907.17
Backend Developer,Bachelor,1.6,116476.22
ML Engineer,Bachelor,2.8,173609.77
Software Engineer,Bachelor,3.4,151376.15
Data Engineer,Bachelor,1.3,130380.06
Software Engineer,Bachelor,3.1,150415.27
Data Engineer,Bachelor,5.4,175797.01
Software Engineer,Bachelor,1.5,121557.28
Cloud Architect,Bachelor,0.4,139162.16
Backend Developer,Bachelor,4.5,135904.65
Data Scientist,Master,0.8,130124.82
ML Engineer,Bachelor,2.5,162371.23
DevOps Engineer,Bachelor,5.8,167561.25
ML Engineer,PhD,0.0,153258.96
Data Engineer,Master,3.8,159900.97
Cloud Architect,Master,2.3,174901.62
Backend Developer,Bachelor,2.3,124034.82
Data Scientist,Bachelor,3.3,158857.97
Cloud Architect,Bachelor,4.5,202143.78
ML Engineer,Bachelor,2.2,164949.99
Cloud Architect,Master,0.0,137442.36
Data Scientist,Master,1.9,143831.66
DevOps Engineer,Master,4.1,147839.17
DevOps Engineer,High School,1.3,120124.94
Software Engineer,Bachelor,2.4,131909.3
Data Scientist,Bachelor,1.6,142550.45
ML Engineer,High School,0.0,137421.34
Backend Developer,Bachelor,1.2,109008.79
Software Engineer,Master,3.6,153693.99
Cloud Architect,PhD,0.0,158752.9
Cloud Architect,Bachelor,3.3,187504.55
AI Researcher,Bachelor,3.0,177172.01
Data Scientist,Master,4.9,173523.23
Cloud Architect,Bachelor,5.2,213370.78
ML Engineer,Master,2.7,160044.92
Cloud Architect,Bachelor,4.5,199664.13
Cloud Architect,PhD,4.8,216675.81
AI Researcher,Master,3.8,186397.65
Backend Developer,Bachelor,2.0,118155.5
Data Engineer,Bachelor,2.1,139819.53
Cloud Architect,Master,2.9,178197.96
Backend Developer,PhD,2.6,138270.89
DevOps Engineer,Bachelor,2.4,122677.33
ML Engineer,PhD,3.3,187924.48
ML Engineer,Master,1.5,145623.91
Cloud Architect,Master,0.0,139091.95
AI Researcher,Bachelor,3.5,173657.19
Data Scientist,PhD,2.2,158053.4
AI Researcher,PhD,1.9,179526.29
Data Scientist,Bachelor,1.1,133206.78
DevOps Engineer,Bachelor,1.7,112623.64
ML Engineer,Master,1.9,156858.45
Data Engineer,High School,0.6,134053.37
AI Researcher,PhD,3.3,192425.48
ML Engineer,Master,1.6,159092.34
Data Engineer,High School,3.3,151466.12
AI Researcher,Master,2.4,161631.06
Cloud Architect,PhD,3.9,219270.24
DevOps Engineer,Master,2.4,128658.97
DevOps Engineer,Master,1.6,118867.17
Software Engineer,Master,1.8,125278.32
Cloud Architect,Master,0.0,136339.01
Software Engineer,Bachelor,1.5,131141.97
Software Engineer,PhD,5.4,184251.42
Data Scientist,Master,1.6,143589.6
ML Engineer,PhD,3.7,196172.93
AI Researcher,Bachelor,1.8,161262.37
AI Researcher,PhD,5.4,222107.61
Cloud Architect,Bachelor,1.8,167424.73
ML Engineer,High School,1.0,147370.22
Software Engineer,Bachelor,4.1,158344.95
DevOps Engineer,PhD,3.7,158221.55
DevOps Engineer,PhD,1.1,120207.3
Software Engineer,Master,0.8,117743.99
Cloud Architect,Master,0.1,140223.49
DevOps Engineer,Bachelor,2.3,137928.77
DevOps Engineer,Bachelor,1.7,117034.86
Data Scientist,Bachelor,2.0,136969.27
Backend Developer,Bachelor,3.1,133733.64
DevOps Engineer,Bachelor,3.4,138179.51
AI Researcher,Bachelor,2.2,167292.99
Data Scientist,Bachelor,0.0,114657.66
Cloud Architect,Master,0.1,141720.29
Data Engineer,Master,2.4,145863.74
Cloud Architect,Master,0.7,143620.08
Data Engineer,PhD,2.8,159382.03
AI Researcher,Bachelor,1.2,156127.71
Data Scientist,Bachelor,0.5,120892.35
AI Researcher,PhD,0.1,139009.59
DevOps Engineer,Bachelor,2.4,130333.13
Data Scientist,PhD,2.0,151040.2
Data Scientist,Bachelor,2.6,159803.78
AI Researcher,Master,4.4,197363.68
Data Engineer,Bachelor,2.7,144003.38
Data Scientist,PhD,4.0,175674.79
Data Scientist,Master,4.4,166271.73
Data Engineer,PhD,2.3,149668.5
DevOps Engineer,Bachelor,0.0,104388.04
DevOps Engineer,Bachelor,2.9,142920.32
ML Engineer,Master,2.6,165219.78
ML Engineer,Master,1.9,144303.73
Backend Developer,Master,0.0,104626.81
ML Engineer,PhD,0.7,155406.15
Data Engineer,Master,2.4,151566.82
ML Engineer,Master,1.8,154225.92
AI Researcher,PhD,0.0,145806.34
Data Engineer,High School,3.4,156740.92
Software Engineer,Bachelor,1.6,123733.09
Software Engineer,Bachelor,3.4,149321.58
Data Scientist,Master,3.3,154457.33
AI Researcher,Bachelor,1.6,157030.65
Cloud Architect,Master,1.4,169918.48
Cloud Architect,High School,1.5,164448.91
Cloud Architect,Bachelor,1.3,157907.14
AI Researcher,Master,3.2,185456.1
Software Engineer,High School,1.3,131548.06
Backend Developer,Bachelor,0.7,105038.44
Cloud Architect,Bachelor,0.0,141146.38
ML Engineer,Bachelor,1.8,151062.58
AI Researcher,PhD,2.8,188359.19
AI Researcher,Bachelor,2.8,171509.51
Data Engineer,Master,1.3,122122.48
DevOps Engineer,Master,2.3,130253.57
Cloud Architect,Master,1.7,159692.86
AI Researcher,PhD,2.9,185064.51
Backend Developer,Bachelor,6.2,159020.08
Backend Developer,PhD,2.4,137753.76
DevOps Engineer,Master,4.2,159094.52
ML Engineer,Bachelor,0.6,137864.08
ML Engineer,PhD,0.8,153808.88
Backend Developer,Bachelor,1.3,116340.98
AI Researcher,Bachelor,0.0,133673.31
Data Engineer,Master,1.1,126241.28
Data Engineer,PhD,2.5,151497.47
Data Scientist,PhD,0.9,139007.85
Backend Developer,Master,0.0,93791.85
ML Engineer,PhD,1.3,162308.58
Data Scientist,Bachelor,1.1,124296.8
ML Engineer,Master,0.2,131235.11
DevOps Engineer,Bachelor,0.9,116027.31
Data Engineer,Bachelor,1.4,143028.77
Data Scientist,PhD,4.4,191113.86
AI Researcher,Master,1.4,161927.1
Software Engineer,Master,1.3,129723.42
Software Engineer,Bachelor,3.7,150227.0
Data Engineer,Master,2.3,138080.29
Software Engineer,Master,3.7,156277.72
AI Researcher,Bachelor,2.7,164655.92
DevOps Engineer,Master,0.9,117436.11
Software Engineer,High School,4.6,156809.43
Software Engineer,PhD,1.2,136082.88
Data Engineer,PhD,3.7,169454.92
Software Engineer,PhD,2.9,148369.39
ML Engineer,Bachelor,1.2,147347.72
Backend Developer,High School,1.5,107779.64
Backend Developer,High School,1.6,113005.25
DevOps Engineer,Bachelor,2.5,132421.42
AI Researcher,Bachelor,0.0,130689.88
Data Engineer,Bachelor,3.1,147865.92
Software Engineer,High School,2.7,142431.14
Software Engineer,High School,2.8,143744.91
Software Engineer,PhD,2.8,154011.71
Data Scientist,PhD,3.2,177366.9
Cloud Architect,Bachelor,1.7,170756.17
Cloud Architect,Bachelor,2.7,181385.24
Software Engineer,PhD,2.4,142053.89
Cloud Architect,Bachelor,0.3,150850.08
Data Scientist,Bachelor,2.0,146651.83
Backend Developer,Master,0.0,101583.9
Data Engineer,Bachelor,1.4,133271.74
Cloud Architect,Master,0.0,130521.11
Cloud Architect,Bachelor,0.6,142734.48
Data Engineer,PhD,2.6,149643.9
Cloud Architect,Bachelor,6.1,232078.0
DevOps Engineer,PhD,1.8,136978.67
ML Engineer,Bachelor,0.6,143420.36
DevOps Engineer,Master,3.6,147091.04
Backend Developer,Bachelor,1.4,116284.07
Software Engineer,PhD,3.2,152884.37
Data Scientist,Bachelor,1.0,133878.98
Backend Developer,Master,0.4,101915.05
Backend Developer,High School,0.0,96754.42
DevOps Engineer,Bachelor,1.6,125310.55
ML Engineer,Master,3.8,172135.23
AI Researcher,PhD,2.2,180736.32
ML Engineer,Bachelor,4.4,184192.94
ML Engineer,Master,3.1,168853.77
Data Scientist,High School,0.9,126919.3
Software Engineer,PhD,2.8,152941.03
Backend Developer,Bachelor,1.5,116288.51
ML Engineer,Master,2.3,157276.07
Cloud Architect,Master,0.2,148314.28
Cloud Architect,Bachelor,3.4,194114.98
DevOps Engineer,Bachelor,2.2,114400.68
Data Scientist,Bachelor,0.2,133396.16
Cloud Architect,Master,3.7,189014.16
AI Researcher,Master,4.2,197472.48
Backend Developer,Bachelor,0.0,95690.81
Data Engineer,Bachelor,3.7,153041.5
Cloud Architect,Master,0.3,140267.2
Data Scientist,Bachelor,1.0,141027.43
ML Engineer,Bachelor,2.1,156997.21
AI Researcher,Master,1.0,150323.83
Cloud Architect,Bachelor,2.7,185253.93
Backend Developer,PhD,0.5,115019.72
Cloud Architect,High School,3.0,180968.16
AI Researcher,Bachelor,3.1,167870.84
Software Engineer,Master,3.4,158889.83
Software Engineer,PhD,5.6,183877.21
ML Engineer,Master,2.4,148532.26
Data Scientist,Master,1.2,134845.05
Software Engineer,Master,3.3,149003.86
Backend Developer,Bachelor,3.1,143723.84
AI Researcher,Master,0.0,137092.54
AI Researcher,Bachelor,2.0,159903.37
Cloud Architect,PhD,2.7,193572.6
Data Scientist,PhD,4.0,184095.89
ML Engineer,Bachelor,3.7,185338.58
Software Engineer,Bachelor,5.3,170597.37
Data Scientist,PhD,2.2,163439.95
Data Scientist,PhD,2.7,173733.92
ML Engineer,Master,1.4,147048.86
DevOps Engineer,Bachelor,0.1,98887.59
DevOps Engineer,Master,0.9,121792.99
Data Scientist,Bachelor,2.8,153121.75
Data Scientist,Master,0.1,127706.06
Data Scientist,Bachelor,1.7,147187.02
AI Researcher,Bachelor,2.4,172319.02
Software Engineer,Master,4.3,156243.11
Software Engineer,Master,1.2,117487.64
Cloud Architect,High School,0.7,154276.22
ML Engineer,Bachelor,4.0,184070.77
Data Scientist,PhD,3.8,180954.85
Data Scientist,Master,1.5,138218.99
Data Engineer,Bachelor,0.3,123396.2
Data Engineer,Master,3.1,151092.95
Software Engineer,Bachelor,0.0,109594.93
Backend Developer,High School,3.2,134648.68
Cloud Architect,Master,3.2,179789.83
Data Scientist,Master,5.6,186968.36
ML Engineer,Bachelor,0.0,124741.07
Backend Developer,Bachelor,2.5,122223.18
Data Scientist,PhD,4.6,191108.95
Backend Developer,Bachelor,1.7,103537.92
AI Researcher,Bachelor,4.8,187468.73
Data Engineer,Master,3.0,151551.46
ML Engineer,Master,1.3,146569.38
DevOps Engineer,Bachelor,1.1,118208.0
Cloud Architect,Bachelor,3.5,189831.5
Data Engineer,Bachelor,2.4,148341.54
AI Researcher,PhD,1.8,168969.46
DevOps Engineer,Master,2.4,133203.47
DevOps Engineer,Bachelor,3.4,134028.84
Cloud Architect,PhD,3.4,204740.68
Backend Developer,Bachelor,0.0,102296.9
Backend Developer,Bachelor,0.7,103089.06
Backend Developer,Bachelor,4.2,140170.71
AI Researcher,Bachelor,3.4,189417.28
Data Scientist,Bachelor,1.2,136725.74
Cloud Architect,PhD,2.1,175907.31
DevOps Engineer,PhD,0.0,112628.97
Data Scientist,High School,2.4,143572.12
AI Researcher,Bachelor,1.7,162349.53
ML Engineer,High School,3.5,169172.2
Software Engineer,High School,0.4,116345.03
Data Scientist,Bachelor,0.9,120226.03
ML Engineer,Bachelor,2.1,156025.4
Data Engineer,Bachelor,4.5,168764.59
Software Engineer,Master,1.1,127164.7
Data Engineer,Bachelor,1.1,128541.73
Backend Developer,PhD,2.5,135806.86
Backend Developer,PhD,0.8,127014.25
DevOps Engineer,Master,2.8,134116.3
Backend Developer,High School,1.1,104057.72
Cloud Architect,Bachelor,2.0,166999.48
Software Engineer,PhD,5.1,186457.04
AI Researcher,PhD,2.5,185920.17
AI Researcher,Bachelor,0.0,138432.83
Software Engineer,Master,0.8,117494.05
Software Engineer,PhD,4.7,173161.61
Cloud Architect,PhD,1.0,165485.85
Backend Developer,Master,2.2,127072.11
Software Engineer,PhD,2.2,139835.3
AI Researcher,Bachelor,3.4,175299.17
Software Engineer,Bachelor,0.6,114103.9
ML Engineer,Bachelor,1.1,149268.33
Data Scientist,Bachelor,0.9,135764.75
ML Engineer,Master,1.7,152033.64
DevOps Engineer,Bachelor,1.6,126435.33
Software Engineer,Master,1.4,137555.31
Data Engineer,PhD,3.4,174806.99
AI Researcher,PhD,1.7,173469.52
Data Scientist,Bachelor,0.0,114619.05
Data Engineer,Bachelor,0.9,127380.98
Software Engineer,Bachelor,2.4,143014.49
Software Engineer,Master,0.7,118988.74
AI Researcher,Bachelor,5.7,214432.25
Data Scientist,Bachelor,1.3,142734.97
AI Researcher,PhD,2.4,183920.11
Software Engineer,Bachelor,3.5,152583.23
Software Engineer,PhD,2.7,149763.01
Data Engineer,PhD,0.0,132886.09
Data Engineer,Bachelor,0.0,123688.74
Cloud Architect,PhD,3.6,189577.51
Data Engineer,Master,1.3,127416.04
Backend Developer,Master,3.2,134073.39
Software Engineer,Bachelor,1.9,131603.42
DevOps Engineer,Bachelor,1.5,110081.97
ML Engineer,High School,2.6,170894.36
Cloud Architect,Master,2.1,165601.34
Data Engineer,PhD,4.1,181340.27
ML Engineer,Bachelor,0.4,133780.99
Software Engineer,Bachelor,2.5,129829.35
ML Engineer,Bachelor,3.3,172466.32
Cloud Architect,PhD,2.6,186871.83
Backend Developer,PhD,1.6,131644.12
ML Engineer,Master,1.7,158567.98
Data Engineer,PhD,2.5,157118.21
DevOps Engineer,High School,0.0,111080.42
Software Engineer,Bachelor,1.7,124570.64
Data Scientist,High School,0.5,123947.43
Backend Developer,Bachelor,1.3,117484.61
Data Engineer,PhD,0.3,125322.57
ML Engineer,Bachelor,1.3,141937.06
Software Engineer,High School,6.2,174982.62
Software Engineer,Bachelor,0.4,126447.27
AI Researcher,PhD,2.0,175535.52
Data Scientist,Bachelor,3.1,159788.79
Data Scientist,Bachelor,1.2,133372.02
Backend Developer,Master,0.5,108385.32
DevOps Engineer,Bachelor,2.0,116684.97
Cloud Architect,Master,0.8,148451.34
Data Scientist,PhD,1.1,146123.51
DevOps Engineer,Bachelor,1.8,134353.13
Data Scientist,PhD,3.4,176883.96
Backend Developer,Master,4.2,133111.78
DevOps Engineer,Bachelor,2.8,128267.18
ML Engineer,Master,2.2,160684.96
AI Researcher,High School,2.0,155275.24
Software Engineer,High School,3.0,138369.11
Data Scientist,PhD,0.0,125848.36
ML Engineer,PhD,4.5,196222.19
Data Engineer,Bachelor,0.3,124047.34
Software Engineer,PhD,1.9,138950.18
DevOps Engineer,Master,0.8,110228.11
Software Engineer,Master,0.1,114985.18
Data Scientist,Master,2.4,146027.91
Software Engineer,Master,2.7,145476.18
ML Engineer,High School,0.0,129616.25
Data Engineer,Bachelor,0.4,118726.95
Backend Developer,Master,2.0,113867.66
Cloud Architect,PhD,0.5,158063.99
Data Engineer,PhD,2.8,150276.71
Cloud Architect,PhD,0.0,148350.74
ML Engineer,Master,2.3,150427.78
Data Engineer,Master,3.0,153984.16
DevOps Engineer,PhD,3.1,146301.77
Data Scientist,Bachelor,3.0,163940.92
AI Researcher,Master,2.2,158163.7
Data Scientist,PhD,3.6,174694.36
DevOps Engineer,Master,3.1,138158.3
Data Engineer,Bachelor,3.0,162044.43
AI Researcher,Bachelor,2.0,170558.32
Backend Developer,Bachelor,2.0,123386.82
Data Scientist,PhD,1.7,149034.88
ML Engineer,Bachelor,1.8,156244.02
ML Engineer,Master,3.8,175292.73
AI Researcher,Bachelor,2.0,163553.96
Cloud Architect,Bachelor,3.1,180002.67
Backend Developer,PhD,1.3,128938.36
DevOps Engineer,Bachelor,1.9,127909.58
DevOps Engineer,Master,1.8,127750.83
Data Scientist,Master,1.5,141197.33
AI Researcher,PhD,2.3,171865.2
Backend Developer,Master,0.2,106688.68
Cloud Architect,Bachelor,3.2,179872.72
Data Engineer,PhD,4.1,181282.46
AI Researcher,Bachelor,0.0,136243.54
Backend Developer,Bachelor,1.8,117960.14
Backend Developer,Bachelor,1.4,107093.53
Data Engineer,Bachelor,2.1,144508.14
Data Engineer,PhD,3.7,163599.92
DevOps Engineer,Master,4.3,154875.84
ML Engineer,Bachelor,2.0,155727.66
Cloud Architect,Bachelor,1.6,161617.1
Software Engineer,Master,0.0,114345.23
Cloud Architect,High School,1.5,166188.46
Backend Developer,PhD,2.0,139269.62
Data Engineer,High School,0.1,116680.52
ML Engineer,PhD,1.5,162252.99
Backend Developer,Master,2.0,125729.32
AI Researcher,Bachelor,3.1,173868.13
DevOps Engineer,Master,3.6,145379.45
Data Engineer,PhD,0.0,130958.15
Software Engineer,Bachelor,4.0,153805.19
Data Scientist,Bachelor,0.5,124975.04
AI Researcher,Master,2.6,170149.95
Data Engineer,Master,0.4,118214.73
DevOps Engineer,PhD,1.8,127169.48
Data Scientist,Master,3.1,163396.66
AI Researcher,Bachelor,1.2,148330.93
AI Researcher,High School,1.3,156912.07
Data Engineer,Bachelor,3.1,148560.79
DevOps Engineer,PhD,0.0,112242.26
Backend Developer,Bachelor,1.9,120299.16
Data Engineer,Bachelor,0.1,113092.17
ML Engineer,Bachelor,2.9,165727.41
DevOps Engineer,Bachelor,1.7,118854.68
DevOps Engineer,Bachelor,1.9,121617.54
ML Engineer,High School,2.2,162301.68
Data Scientist,Bachelor,2.0,146433.53
Cloud Architect,Master,0.8,147125.4
Software Engineer,PhD,3.9,161586.55
Data Scientist,Bachelor,2.5,144891.94
Data Engineer,High School,0.2,117824.22
Data Engineer,High School,2.9,144213.95
ML Engineer,Master,3.0,172494.27
Software Engineer,PhD,0.0,127465.79
Backend Developer,PhD,1.9,127994.79
Data Scientist,Bachelor,3.9,169284.87
Data Engineer,Bachelor,1.9,133195.44
ML Engineer,Bachelor,0.3,137205.17
Backend Developer,PhD,0.0,113815.03
DevOps Engineer,High School,3.1,136741.57
Backend Developer,Master,2.3,121557.5
AI Researcher,Bachelor,2.4,162591.16
Cloud Architect,Master,0.7,149638.92
Software Engineer,Bachelor,1.5,125849.55
Backend Developer,High School,4.3,149024.3
Data Engineer,Bachelor,4.1,158834.71
Backend Developer,Master,0.9,108561.82
Backend Developer,PhD,0.0,104579.21
Software Engineer,Master,0.0,107653.98
DevOps Engineer,Bachelor,3.3,151169.69
DevOps Engineer,High School,0.2,106250.76
Software Engineer,Master,2.5,139089.34
Data Engineer,PhD,1.8,152214.93
Software Engineer,Bachelor,2.4,131222.92
ML Engineer,Master,2.7,165461.63
Data Engineer,Bachelor,5.5,181945.6
Backend Developer,PhD,3.1,142525.92
Backend Developer,Bachelor,2.8,127443.51
Software Engineer,Bachelor,1.1,120745.69
AI Researcher,PhD,2.9,187642.82
AI Researcher,Master,1.3,143539.0
AI Researcher,Bachelor,1.1,150200.74
Cloud Architect,Master,0.0,140650.22
ML Engineer,Master,0.0,135833.58
Cloud Architect,Bachelor,0.2,139934.76
AI Researcher,Master,1.0,147924.82
ML Engineer,PhD,0.6,149067.28
Backend Developer,Master,0.0,98877.18
Backend Developer,Master,0.5,110386.94
Data Engineer,PhD,0.1,126675.91
DevOps Engineer,Bachelor,0.0,93494.06
Cloud Architect,Bachelor,2.3,168993.19
Cloud Architect,PhD,1.7,178521.16
Data Engineer,Master,3.0,158722.56
DevOps Engineer,Master,1.0,110341.3
AI Researcher,High School,0.0,140163.19
ML Engineer,High School,1.3,152662.3
AI Researcher,Master,4.5,199291.55
DevOps Engineer,Bachelor,0.4,109916.85
Software Engineer,Bachelor,5.1,162556.06
Software Engineer,Master,1.5,130747.12
DevOps Engineer,Bachelor,2.9,144616.71
Software Engineer,Master,5.3,165666.89
AI Researcher,Bachelor,1.1,157911.19
DevOps Engineer,High School,2.7,133093.43
Data Scientist,Master,3.3,152150.7
Backend Developer,Bachelor,0.0,102109.07
Data Engineer,Master,1.3,130444.66
ML Engineer,High School,0.6,137377.39
Cloud Architect,Master,3.1,184675.13
Data Scientist,Bachelor,4.7,173469.7
AI Researcher,PhD,2.3,185681.17
AI Researcher,Bachelor,0.9,138134.54
Software Engineer,Bachelor,1.6,133603.34
DevOps Engineer,Master,1.4,127203.64
Cloud Architect,PhD,0.9,170453.0
Backend Developer,Master,2.2,122751.89
Software Engineer,PhD,4.2,166980.07
ML Engineer,Master,2.8,159724.52
ML Engineer,PhD,0.8,148083.86
Backend Developer,Master,2.9,123308.31
Data Scientist,Bachelor,1.3,136608.92
ML Engineer,Bachelor,0.0,131036.0
Software Engineer,Bachelor,0.6,122693.66
Software Engineer,PhD,0.0,117233.38
Backend Developer,Master,2.5,125139.83
AI Researcher,Bachelor,2.8,174260.32
Backend Developer,High School,3.0,130347.25
ML Engineer,PhD,0.0,140275.43
AI Researcher,Master,1.3,157358.75
ML Engineer,Bachelor,1.9,149404.97
Data Scientist,Bachelor,2.0,145978.32
DevOps Engineer,Bachelor,0.4,108286.5
Data Engineer,Master,2.0,141963.96
Data Engineer,Bachelor,0.1,116832.4
ML Engineer,PhD,2.0,172755.2
ML Engineer,Master,1.5,158632.01
AI Researcher,Bachelor,2.4,165830.61
DevOps Engineer,PhD,1.6,128577.48
Software Engineer,PhD,3.4,154417.04
ML Engineer,Bachelor,5.5,194810.55
Cloud Architect,Bachelor,1.2,152479.36
ML Engineer,Master,3.0,173755.22
Data Engineer,High School,3.4,159164.24
Data Scientist,Master,3.0,157070.07
ML Engineer,Bachelor,1.2,141593.19
Data Engineer,Bachelor,1.4,127711.19
Cloud Architect,Master,0.0,147172.97
Backend Developer,Bachelor,1.8,110030.58
Data Engineer,PhD,2.3,148565.22
Data Engineer,Master,0.0,118185.12
DevOps Engineer,Master,2.3,127500.5
ML Engineer,Master,3.4,177862.11
ML Engineer,Bachelor,3.0,169096.19
Data Engineer,Bachelor,1.6,137516.07
AI Researcher,Bachelor,3.5,183804.68
DevOps Engineer,Master,0.0,106025.36
Backend Developer,Bachelor,1.1,111293.04
DevOps Engineer,High School,0.0,103295.41
Data Scientist,High School,3.2,157169.31
DevOps Engineer,High School,2.3,126412.11
Software Engineer,Bachelor,2.1,124031.05
Cloud Architect,Master,3.4,194307.26
ML Engineer,Bachelor,2.6,164289.52
AI Researcher,Bachelor,2.9,166549.12
Backend Developer,Bachelor,0.0,106577.51
AI Researcher,Bachelor,4.4,182182.95
Backend Developer,Master,3.2,133284.34
AI Researcher,Master,4.9,196682.1
Data Engineer,Master,0.0,112639.61
Cloud Architect,Bachelor,2.8,179963.5
Backend Developer,Bachelor,4.9,142650.29
DevOps Engineer,Bachelor,3.2,150239.63
Cloud Architect,High School,0.3,137529.06
DevOps Engineer,Bachelor,0.9,110317.67
ML Engineer,PhD,3.5,194680.2
Data Scientist,Bachelor,0.0,126098.85
AI Researcher,Master,6.8,227118.04
Data Scientist,PhD,3.4,169749.55
Backend Developer,Master,0.0,100102.68
Software Engineer,PhD,2.6,150284.56
Backend Developer,PhD,3.4,149047.38
Data Engineer,Bachelor,2.8,143098.66
Data Scientist,Master,2.2,141605.4
Software Engineer,Bachelor,1.7,131024.65
Data Engineer,Bachelor,2.3,142977.81
Backend Developer,High School,1.7,112572.81
ML Engineer,Master,5.1,190302.17
DevOps Engineer,Master,2.6,129967.81
DevOps Engineer,Bachelor,3.2,128676.14
AI Researcher,Bachelor,2.3,172865.2
Cloud Architect,PhD,0.0,154755.64
Data Engineer,Bachelor,0.9,129260.85
Backend Developer,PhD,0.0,102736.91
AI Researcher,Master,4.3,197741.79
Software Engineer,Master,1.9,125193.66
AI Researcher,Master,0.6,147691.24
Data Engineer,Bachelor,0.4,119805.03
ML Engineer,PhD,1.1,155490.66
ML Engineer,Bachelor,2.8,167610.27
AI Researcher,High School,2.1,165139.13
Backend Developer,Master,1.8,115171.27
DevOps Engineer,Master,5.1,157885.2
Backend Developer,High School,2.2,118212.54
Data Engineer,High School,0.6,123982.72
ML Engineer,High School,4.3,188810.37
Data Engineer,PhD,1.9,151883.58
Software Engineer,Master,4.0,150074.41
Data Scientist,PhD,2.1,150581.49
AI Researcher,Bachelor,0.0,134989.32
DevOps Engineer,Bachelor,4.6,156515.55
Data Engineer,Bachelor,2.3,137049.48
Data Engineer,Master,0.0,119109.39
Backend Developer,PhD,2.2,138741.17
ML Engineer,High School,4.7,185140.64
Data Scientist,Bachelor,3.1,152521.77
Data Engineer,PhD,1.0,138333.31
AI Researcher,Master,2.0,157319.58
Software Engineer,Master,1.9,134615.93
Cloud Architect,Master,2.8,180003.09
Cloud Architect,Bachelor,2.1,175275.11
Data Engineer,Master,0.9,127225.3
Cloud Architect,PhD,1.5,179170.33
ML Engineer,PhD,2.3,166473.08
Backend Developer,PhD,5.9,173092.94
Software Engineer,Bachelor,0.0,99837.75
Backend Developer,Bachelor,0.3,116743.6
ML Engineer,PhD,1.5,158333.69
AI Researcher,Master,1.2,151918.78
Data Engineer,High School,2.7,144320.42
DevOps Engineer,Bachelor,2.6,126228.65
Data Scientist,Master,2.0,135300.71
Data Engineer,Bachelor,5.3,172681.21
AI Researcher,Master,5.2,209836.66
Data Scientist,Master,4.5,179632.35
ML Engineer,Bachelor,4.0,175423.46
AI Researcher,Master,2.5,172008.66
Cloud Architect,PhD,4.0,210132.55
Software Engineer,PhD,0.3,127328.53
DevOps Engineer,Bachelor,1.8,126870.76
Cloud Architect,High School,1.4,158690.04
Cloud Architect,Master,1.6,172081.67
Software Engineer,Bachelor,2.0,126117.59
Software Engineer,Bachelor,0.3,112225.85
Data Scientist,Bachelor,2.9,148833.42
ML Engineer,Bachelor,3.5,182586.07
DevOps Engineer,Bachelor,1.1,115066.25
Backend Developer,Master,1.0,105245.26
ML Engineer,High School,2.1,162775.69
Backend Developer,PhD,3.5,151710.97
AI Researcher,Bachelor,1.3,149865.07
Software Engineer,Bachelor,0.0,116568.02
DevOps Engineer,High School,0.8,116440.05
AI Researcher,Bachelor,1.9,158193.79
Data Scientist,Bachelor,0.7,131626.92
AI Researcher,Bachelor,1.2,157715.15
Software Engineer,Master,0.6,110280.36
Software Engineer,PhD,2.4,142961.52
Data Scientist,PhD,1.2,142729.84
AI Researcher,Bachelor,4.6,194130.87
Cloud Architect,Master,2.5,175312.29
DevOps Engineer,Master,3.9,161721.47
Data Scientist,High School,0.0,125502.15
Data Engineer,Bachelor,3.1,160692.41
Data Scientist,Bachelor,1.6,137384.27
AI Researcher,Bachelor,1.6,151048.62
Software Engineer,PhD,3.9,161782.37
ML Engineer,PhD,0.1,150285.2
Backend Developer,Master,1.2,108711.59
Data Engineer,PhD,1.7,159502.1
Software Engineer,High School,2.4,139567.65
Cloud Architect,Bachelor,0.2,142670.76
Software Engineer,Master,2.1,130636.83
Backend Developer,PhD,1.4,129717.95
Data Engineer,Master,1.9,129866.14
Cloud Architect,Master,1.0,157330.9
ML Engineer,Bachelor,1.9,150655.3
Data Engineer,Bachelor,4.6,167155.75
AI Researcher,Bachelor,0.6,148328.33
Backend Developer,Bachelor,3.5,130568.11
ML Engineer,Bachelor,0.5,146771.42
ML Engineer,Bachelor,2.3,157675.95
ML Engineer,High School,0.7,138795.29
ML Engineer,Master,2.4,153745.25
AI Researcher,Master,3.9,200585.51
Data Scientist,Master,2.6,150555.65
ML Engineer,Bachelor,0.2,133808.39
Backend Developer,Bachelor,5.0,146558.03
ML Engineer,Master,0.0,133108.96
Cloud Architect,Master,0.9,149929.0
Backend Developer,PhD,0.0,106540.09
Backend Developer,Bachelor,1.1,111634.38
DevOps Engineer,High School,0.5,110241.69
ML Engineer,PhD,1.9,163812.73
Software Engineer,PhD,1.3,133700.37
AI Researcher,Bachelor,2.5,165703.76
Software Engineer,PhD,3.0,157050.45
Data Engineer,High School,1.7,129487.76
Software Engineer,Bachelor,2.9,147696.61
AI Researcher,Bachelor,0.0,134534.97
Software Engineer,High School,1.6,132710.28
Data Engineer,PhD,3.0,157902.86
AI Researcher,Bachelor,1.5,152926.91
Cloud Architect,PhD,2.7,189708.33
DevOps Engineer,Master,2.2,127355.99
Software Engineer,PhD,1.9,142955.43
Software Engineer,PhD,4.3,171471.11
Data Engineer,PhD,3.7,167336.52
Data Scientist,Bachelor,3.3,163630.6
AI Researcher,Bachelor,0.3,147550.15
Software Engineer,Bachelor,3.6,144208.19
Data Engineer,Master,0.9,124007.88
Data Scientist,PhD,1.4,147116.65
ML Engineer,Master,0.4,128727.76
Software Engineer,Bachelor,0.7,124870.39
Backend Developer,High School,2.1,111962.43
DevOps Engineer,Bachelor,1.8,124114.85
ML Engineer,PhD,0.5,146314.72
Software Engineer,Master,1.2,128287.27
Cloud Architect,PhD,3.3,193851.42
Data Scientist,Master,1.5,132613.05
Data Scientist,Bachelor,0.0,120081.4
Software Engineer,Bachelor,1.3,125000.24
AI Researcher,Master,3.7,197656.44
Cloud Architect,Bachelor,1.9,163570.7
Backend Developer,Bachelor,4.3,146462.16
DevOps Engineer,Master,0.7,110701.15
Backend Developer,Bachelor,0.0,96747.28
Software Engineer,Bachelor,0.0,120549.61
DevOps Engineer,PhD,0.0,111610.62
DevOps Engineer,Bachelor,1.2,123344.97
Data Scientist,PhD,0.8,147104.52
Backend Developer,Bachelor,0.1,103891.6
DevOps Engineer,Master,3.0,139836.06
Data Scientist,High School,1.5,137680.35
Software Engineer,Bachelor,0.6,115595.31
Data Scientist,Master,2.9,159514.89
DevOps Engineer,Bachelor,1.0,114127.66
Cloud Architect,High School,1.8,155017.52
DevOps Engineer,PhD,2.4,139716.4
DevOps Engineer,Bachelor,2.7,136140.64
Cloud Architect,Bachelor,2.2,176785.46
ML Engineer,Bachelor,0.0,126149.47
Data Scientist,Bachelor,2.4,147784.02
Data Engineer,Master,2.1,138963.66
Data Scientist,Bachelor,1.4,133588.3
Cloud Architect,PhD,2.5,191829.72
ML Engineer,Bachelor,1.1,146803.12
DevOps Engineer,Master,3.8,143943.35
Data Engineer,Bachelor,1.0,123151.72
ML Engineer,PhD,2.6,172350.18
Data Scientist,Master,1.9,137537.49
ML Engineer,PhD,0.5,142865.19
DevOps Engineer,Bachelor,2.4,128821.89
AI Researcher,Bachelor,3.0,175722.51
AI Researcher,Bachelor,2.7,165831.41
Software Engineer,PhD,2.4,149095.64
Cloud Architect,Bachelor,1.5,161722.14
Data Scientist,Master,0.0,115076.96
Cloud Architect,PhD,2.1,182471.65
Cloud Architect,Bachelor,3.2,183119.0
Software Engineer,PhD,0.0,119005.16
Software Engineer,High School,0.0,112410.8
Backend Developer,Bachelor,1.4,119594.85
ML Engineer,High School,0.1,132897.13
DevOps Engineer,High School,3.3,132705.83
Data Scientist,Bachelor,0.0,119038.66
Cloud Architect,Master,1.7,166035.08
DevOps Engineer,Master,0.7,108275.1
Data Scientist,PhD,1.8,152912.77
ML Engineer,Master,2.0,162024.08
AI Researcher,Master,3.5,179456.58
Data Scientist,Master,2.4,153459.86
DevOps Engineer,PhD,1.9,148883.5
Backend Developer,Master,2.0,117107.53
ML Engineer,Bachelor,1.3,149718.65
DevOps Engineer,Master,0.0,112201.82
AI Researcher,Master,2.1,166831.56
Cloud Architect,Bachelor,1.0,154924.89
AI Researcher,PhD,3.9,200646.43
Software Engineer,PhD,4.0,156202.18
Software Engineer,Master,0.7,117634.17
Backend Developer,High School,6.6,161911.83
Software Engineer,Bachelor,3.3,148814.1
Data Scientist,PhD,4.8,193958.95
Software Engineer,Bachelor,0.0,114582.89
DevOps Engineer,Master,4.6,154461.82
Cloud Architect,Master,0.0,136190.91
Data Scientist,Bachelor,5.2,186644.47
Data Scientist,Bachelor,0.1,116927.76
AI Researcher,Master,2.9,167114.78
DevOps Engineer,Master,0.9,115216.36
Software Engineer,Master,2.6,143649.79
Data Scientist,Master,2.1,145645.59
ML Engineer,PhD,1.5,163258.22
Backend Developer,PhD,1.4,134337.88
AI Researcher,Bachelor,2.6,167410.35
AI Researcher,Bachelor,2.6,169675.35
AI Researcher,Master,5.3,205051.39
Backend Developer,Bachelor,2.7,129193.11
AI Researcher,Bachelor,2.7,169201.21
DevOps Engineer,Bachelor,1.2,111965.55
AI Researcher,High School,2.7,165037.16
Data Scientist,Master,2.9,157961.41
Cloud Architect,Master,0.1,138584.91
Data Engineer,Master,1.3,128256.59
Data Scientist,Bachelor,0.0,121513.37
Cloud Architect,Master,2.5,177289.3
Software Engineer,Bachelor,3.3,139513.19
AI Researcher,Bachelor,4.3,193515.76
Backend Developer,Bachelor,1.4,111627.99
AI Researcher,PhD,3.8,192406.42
AI Researcher,Bachelor,4.2,189823.93
Backend Developer,Bachelor,3.9,140172.02
AI Researcher,High School,0.3,132362.62
Data Scientist,Bachelor,2.4,148950.84
Data Engineer,PhD,0.8,133820.63
Cloud Architect,Master,0.9,155018.31
Data Engineer,PhD,1.6,154903.89
Data Scientist,Master,0.1,125040.79
Backend Developer,Master,0.6,108585.18
AI Researcher,Master,3.2,184788.48
DevOps Engineer,Bachelor,1.6,116859.28
Cloud Architect,PhD,2.2,189856.84
DevOps Engineer,Master,1.7,119815.18
Data Engineer,Bachelor,2.3,137863.01
Cloud Architect,Bachelor,4.1,210463.58
Software Engineer,Bachelor,2.2,142763.42
ML Engineer,Bachelor,2.7,165443.75
AI Researcher,Bachelor,0.0,129685.06
Data Engineer,Bachelor,1.9,127465.46
Data Scientist,PhD,1.7,152315.44
Backend Developer,PhD,3.6,150204.61
ML Engineer,High School,2.8,161462.95
DevOps Engineer,Bachelor,4.1,153825.55
Data Engineer,High School,2.2,136291.65
Cloud Architect,High School,0.0,145254.85
AI Researcher,Bachelor,5.1,200282.28
Cloud Architect,High School,1.6,163776.25
AI Researcher,Bachelor,0.9,142401.55
Cloud Architect,High School,2.4,173039.43
DevOps Engineer,Bachelor,3.8,139231.36
Cloud Architect,Master,0.5,149160.39
DevOps Engineer,Bachelor,0.8,128199.78
Cloud Architect,Bachelor,0.8,158753.47
Data Scientist,PhD,2.7,161351.36
Cloud Architect,PhD,1.7,182013.55
Backend Developer,High School,1.1,105589.4
Data Scientist,Master,5.4,188001.34
Cloud Architect,High School,2.6,177567.14
ML Engineer,Bachelor,0.8,137254.89
DevOps Engineer,PhD,1.8,124878.95
Data Scientist,Master,3.1,163180.16
Backend Developer,High School,1.7,114691.23
Data Scientist,High School,0.0,128194.03
DevOps Engineer,Bachelor,2.7,137941.32
AI Researcher,Master,2.9,161013.85
AI Researcher,PhD,3.9,198758.7
DevOps Engineer,Bachelor,0.0,97699.96
Software Engineer,Master,1.3,127407.21
DevOps Engineer,High School,6.3,166970.35
Backend Developer,High School,2.3,118570.9
Software Engineer,High School,0.0,112240.84
DevOps Engineer,Master,1.6,122867.98
Data Scientist,Bachelor,0.7,123790.04
Cloud Architect,Master,0.9,162438.84
ML Engineer,PhD,1.7,169999.38
Data Engineer,Bachelor,2.4,147687.6
ML Engineer,Master,2.6,166042.88
Data Engineer,Master,1.4,130001.59
Backend Developer,Bachelor,3.0,134572.58
Cloud Architect,Master,0.7,147672.5
Software Engineer,Master,2.2,128856.72
Software Engineer,Bachelor,0.0,104503.32
Data Engineer,Bachelor,0.3,117233.92
Cloud Architect,PhD,2.9,195161.29
Data Scientist,High School,3.0,158545.54
Cloud Architect,Bachelor,1.0,154454.22
Software Engineer,Master,2.7,140568.89
ML Engineer,Master,1.8,147968.4
Data Scientist,Master,2.9,165155.96
AI Researcher,Bachelor,0.0,140152.43
DevOps Engineer,Master,1.8,130874.85
Data Engineer,Master,1.4,126845.41
AI Researcher,Bachelor,5.3,204528.38
Data Engineer,Master,0.0,121595.23
DevOps Engineer,Master,0.7,113503.35
Data Engineer,Master,1.9,141968.06
ML Engineer,Bachelor,3.4,171861.59
Backend Developer,Bachelor,0.9,110298.12
Data Scientist,High School,2.6,156226.4
Data Scientist,High School,1.1,130142.97
Cloud Architect,Master,0.1,144461.65
Software Engineer,PhD,1.1,138852.38
Data Engineer,Master,5.7,168805.37
DevOps Engineer,Master,4.0,156146.35
Backend Developer,High School,0.7,103698.12
Software Engineer,Bachelor,0.7,111983.44
DevOps Engineer,High School,0.9,115768.77
DevOps Engineer,Master,0.8,102631.94
Data Engineer,Master,2.6,147560.71
Software Engineer,Bachelor,2.7,148816.83
Data Scientist,Master,2.1,135927.22
AI Researcher,High School,1.6,148553.03
DevOps Engineer,PhD,0.6,119571.73
AI Researcher,Bachelor,1.2,147828.59
Backend Developer,Bachelor,1.1,120458.58
Cloud Architect,Master,1.8,177009.61
Data Engineer,High School,2.9,143840.55
Software Engineer,PhD,1.9,142738.77
Data Engineer,Bachelor,2.8,149862.85
Cloud Architect,High School,1.1,155659.93
AI Researcher,Bachelor,3.0,175598.64
Software Engineer,Bachelor,3.1,140196.68
Software Engineer,Master,1.5,127450.76
Backend Developer,PhD,2.7,132069.7
Data Scientist,Master,4.4,167761.68
Cloud Architect,Bachelor,1.2,157481.71
DevOps Engineer,Master,0.3,108965.59
Software Engineer,Bachelor,1.5,125172.52
AI Researcher,Bachelor,1.4,154131.4
AI Researcher,High School,3.4,169342.69
DevOps Engineer,Master,0.0,106604.96
AI Researcher,Bachelor,3.4,184953.27
Data Engineer,Bachelor,1.5,124937.69
Backend Developer,Bachelor,1.9,122657.47
Data Engineer,Bachelor,2.1,136249.88
Data Engineer,PhD,1.2,139245.27
Cloud Architect,Bachelor,1.6,164919.61
Data Scientist,PhD,2.5,158977.31
Data Engineer,Bachelor,0.9,127666.48
AI Researcher,Master,0.4,138195.43
DevOps Engineer,PhD,0.6,119435.51
ML Engineer,High School,3.5,189447.87
Data Scientist,Bachelor,1.1,129928.21
DevOps Engineer,PhD,1.2,120100.73
Data Scientist,Bachelor,1.9,149727.89
Data Scientist,High School,3.6,156916.63
DevOps Engineer,Bachelor,2.4,134428.98
AI Researcher,PhD,5.0,217899.87
Data Scientist,Bachelor,0.5,129627.03
AI Researcher,High School,2.3,164681.44
Data Scientist,Master,3.0,163855.4
Cloud Architect,Bachelor,2.7,173336.79
Software Engineer,Bachelor,4.8,164117.55
DevOps Engineer,PhD,0.0,110400.4
Software Engineer,Bachelor,1.0,116908.41
Data Engineer,Bachelor,3.4,153032.88
Backend Developer,Master,0.0,101001.78
AI Researcher,Master,0.4,148050.42
DevOps Engineer,Bachelor,3.3,134927.67
Data Scientist,PhD,2.7,165023.99
DevOps Engineer,Master,0.1,97510.3
Cloud Architect,High School,0.4,150169.67
Data Scientist,Master,0.0,117743.02
ML Engineer,Master,2.2,151493.37
ML Engineer,Master,0.0,128145.04
Backend Developer,Master,0.4,111238.6
Cloud Architect,High School,2.6,185241.6
Cloud Architect,PhD,1.0,169413.41
AI Researcher,Bachelor,2.3,161692.56
Data Scientist,Master,1.5,137327.9
Backend Developer,Master,2.1,117950.42
Data Engineer,Bachelor,3.0,149803.61
Software Engineer,Master,2.0,125270.35
Software Engineer,Bachelor,2.9,138290.26
Backend Developer,Bachelor,2.3,123784.59
Cloud Architect,Bachelor,2.2,172742.42
Data Engineer,Master,0.0,120266.12
AI Researcher,Bachelor,0.3,142742.77
AI Researcher,Master,0.0,133187.91
Data Engineer,PhD,2.6,156261.02
Data Engineer,Bachelor,2.1,143016.24
DevOps Engineer,PhD,1.0,128041.26
Software Engineer,PhD,0.0,123393.9
Backend Developer,Master,2.6,133200.65
Backend Developer,Bachelor,5.3,150963.52
AI Researcher,High School,1.1,156441.71
DevOps Engineer,Bachelor,1.8,128419.88
Cloud Architect,Master,1.7,162694.61
AI Researcher,PhD,3.8,196078.76
ML Engineer,Master,0.0,125006.35
ML Engineer,Bachelor,0.0,128696.99
ML Engineer,Bachelor,2.0,160185.63
Data Scientist,Master,1.5,134384.98
Data Engineer,Bachelor,2.0,144587.2
AI Researcher,Master,0.0,124500.16
Data Engineer,Master,1.5,129639.28
Backend Developer,PhD,1.8,120625.79
Data Engineer,High School,2.9,140640.63
Cloud Architect,PhD,3.9,213333.38
Cloud Architect,Bachelor,1.0,153603.9
Software Engineer,PhD,1.9,131392.29
DevOps Engineer,Bachelor,0.3,103074.55
DevOps Engineer,Master,3.5,147971.55
Backend Developer,Bachelor,3.0,127932.39
Data Engineer,PhD,0.9,134701.04
DevOps Engineer,Bachelor,5.6,166660.43
ML Engineer,Bachelor,2.1,162235.72
ML Engineer,Bachelor,2.3,159525.51
ML Engineer,Bachelor,2.0,155186.95
DevOps Engineer,Master,2.5,125812.27
ML Engineer,Master,1.7,153624.76
ML Engineer,Bachelor,0.9,134749.16
AI Researcher,PhD,0.7,156689.41
ML Engineer,Bachelor,1.2,142163.24
Data Engineer,PhD,2.1,145675.25
ML Engineer,Bachelor,2.5,161089.38
Data Scientist,Bachelor,0.5,124436.76
DevOps Engineer,Bachelor,1.2,126449.91
Data Scientist,Master,2.5,149329.12
AI Researcher,Bachelor,1.6,146177.47
ML Engineer,Bachelor,2.1,152307.87
DevOps Engineer,PhD,0.7,118190.68
AI Researcher,Bachelor,3.4,179017.4
Backend Developer,Bachelor,4.5,147292.14
Software Engineer,Master,0.8,125366.99
Cloud Architect,Master,0.8,146856.29
Data Scientist,Bachelor,0.7,125400.86
Software Engineer,Master,3.0,141125.71
Backend Developer,High School,4.1,128255.16
Backend Developer,Master,2.8,129769.58
ML Engineer,PhD,3.7,193385.76
ML Engineer,Bachelor,1.2,142908.62
DevOps Engineer,Master,0.8,109407.71
DevOps Engineer,Master,2.7,139983.95
AI Researcher,Bachelor,1.7,153527.94
ML Engineer,High School,4.1,190970.54
Software Engineer,Bachelor,0.0,102013.89
Data Engineer,Bachelor,3.7,164197.36
ML Engineer,Master,0.5,139213.77
AI Researcher,Bachelor,3.5,177010.89
Cloud Architect,Master,3.9,187961.15
Cloud Architect,PhD,1.1,164846.04
Backend Developer,Master,1.8,122143.54
Backend Developer,Bachelor,1.1,116225.37
Data Scientist,High School,1.6,139158.5
Data Scientist,Bachelor,2.7,158609.38
Data Scientist,Bachelor,0.2,115136.07
DevOps Engineer,Master,2.0,117278.27
Software Engineer,Master,3.4,135641.18
ML Engineer,PhD,0.9,154270.01
AI Researcher,Bachelor,0.7,140299.18
DevOps Engineer,Bachelor,1.1,117337.9
AI Researcher,PhD,2.8,191177.63
Data Scientist,PhD,0.7,141087.46
Data Engineer,Master,0.2,112160.91
Software Engineer,Bachelor,4.3,152471.98
Cloud Architect,Master,0.6,142843.15
Software Engineer,Bachelor,1.1,122484.91
Cloud Architect,High School,0.7,156608.7
Data Engineer,High School,1.9,147525.76
ML Engineer,Bachelor,2.5,164251.25
Data Scientist,Bachelor,1.4,134016.82
Data Engineer,Bachelor,0.8,130288.21
Software Engineer,PhD,1.4,140796.4
DevOps Engineer,Master,1.9,125833.44
AI Researcher,High School,0.9,140539.17
Software Engineer,Master,3.4,142241.24
ML Engineer,PhD,3.1,179737.42
Data Scientist,Master,3.2,159119.18
Cloud Architect,Bachelor,2.6,173600.6
Data Engineer,Master,0.0,123263.99
Data Scientist,Master,4.5,185020.38
Data Scientist,Master,0.5,121328.9
Software Engineer,Master,2.6,138855.74
Backend Developer,High School,0.0,101906.78
DevOps Engineer,High School,2.5,132422.61
DevOps Engineer,High School,2.4,123101.16
Data Engineer,Bachelor,0.0,122387.79
Data Engineer,PhD,2.4,147939.17
Data Engineer,Bachelor,2.4,144546.06
Data Engineer,Master,2.9,152816.53
DevOps Engineer,Bachelor,1.4,122969.59
Cloud Architect,PhD,2.2,179049.27
Backend Developer,Bachelor,1.4,108809.98
AI Researcher,Bachelor,1.4,150321.27
AI Researcher,Bachelor,1.1,148894.42
Data Engineer,PhD,0.2,133269.05
Cloud Architect,High School,4.1,196212.0
ML Engineer,Master,1.8,154899.12
Data Scientist,Bachelor,0.8,128244.19
Data Engineer,Bachelor,0.0,120432.11
Cloud Architect,Bachelor,0.3,142780.9
Backend Developer,PhD,0.0,113810.64
Cloud Architect,High School,3.6,192851.55
Cloud Architect,PhD,4.1,210299.98
AI Researcher,PhD,1.3,153418.89
AI Researcher,High School,2.9,179475.53
Data Scientist,Bachelor,0.0,122763.73
Software Engineer,High School,3.7,161048.19
Software Engineer,Master,0.3,107317.59
Data Scientist,Bachelor,3.7,167844.06
ML Engineer,Master,3.3,167847.05
Data Scientist,Master,0.8,127972.28
Backend Developer,Bachelor,1.4,111687.02
Data Scientist,Bachelor,0.0,119122.4
ML Engineer,Bachelor,2.4,160851.17
Data Engineer,Master,0.9,114613.74
Backend Developer,Bachelor,2.1,114331.86
Cloud Architect,Bachelor,3.6,187872.58
AI Researcher,PhD,2.9,187894.1
ML Engineer,Bachelor,1.9,155310.95
ML Engineer,High School,1.5,144929.45
ML Engineer,Bachelor,2.3,170133.2
DevOps Engineer,Bachelor,2.8,133251.39
Data Scientist,Master,2.6,149359.34
Software Engineer,Bachelor,1.1,119513.76
AI Researcher,High School,2.4,169575.89
Data Engineer,Bachelor,4.2,171717.64
AI Researcher,Master,2.7,162239.62
Data Engineer,PhD,0.4,131183.74
Backend Developer,Master,0.2,102098.82
ML Engineer,Bachelor,3.4,177130.52
Software Engineer,PhD,3.9,156795.47
Backend Developer,PhD,2.0,130485.54
Software Engineer,Bachelor,0.6,117686.65
Data Scientist,Bachelor,2.7,148966.75
AI Researcher,High School,1.8,155918.74
ML Engineer,PhD,5.1,205445.63
DevOps Engineer,Bachelor,0.3,112839.49
Software Engineer,Bachelor,2.7,131166.52
Backend Developer,Bachelor,0.0,103745.97
ML Engineer,Bachelor,3.3,172063.43
Data Engineer,PhD,0.0,124146.35
Cloud Architect,High School,1.5,153380.68
ML Engineer,Bachelor,1.6,148489.83
Backend Developer,Bachelor,3.5,134308.3
Software Engineer,Master,1.4,129961.65
Cloud Architect,Master,2.4,170365.81
Data Scientist,PhD,2.7,167995.79
Software Engineer,PhD,0.0,116059.82
Data Scientist,High School,0.9,124754.18
AI Researcher,PhD,1.6,170806.41
DevOps Engineer,Master,3.6,142503.82
DevOps Engineer,Master,0.6,118642.25
Data Scientist,PhD,0.8,147788.52
AI Researcher,Bachelor,3.7,190522.21
ML Engineer,Bachelor,0.9,143683.34
AI Researcher,Bachelor,1.3,139827.85
Data Scientist,Master,3.0,161046.28
Backend Developer,Bachelor,3.5,129965.85
Data Engineer,Master,1.1,141909.9
AI Researcher,PhD,0.8,152436.76
Data Scientist,Master,1.2,132123.75
DevOps Engineer,High School,1.4,123086.99
AI Researcher,Bachelor,0.0,135524.92
Data Scientist,Bachelor,3.3,163987.1
Software Engineer,Bachelor,1.7,130840.91
DevOps Engineer,Master,0.0,103820.45
ML Engineer,Master,1.6,161130.28
Cloud Architect,PhD,0.9,179188.49
Software Engineer,Bachelor,2.1,142602.66
DevOps Engineer,High School,1.8,128977.08
Backend Developer,High School,3.2,130006.0
DevOps Engineer,Bachelor,1.8,127567.97
DevOps Engineer,Bachelor,2.0,122540.75
Data Engineer,Master,1.0,131190.4
Software Engineer,High School,1.0,108831.86
ML Engineer,Bachelor,0.5,132100.9
Backend Developer,PhD,1.4,127045.66
Data Engineer,Bachelor,0.7,132451.27
ML Engineer,High School,2.2,156539.85
AI Researcher,Bachelor,0.5,136673.82
Backend Developer,Master,0.2,110380.73
ML Engineer,Bachelor,1.6,148144.11
AI Researcher,Master,3.5,179833.78
Backend Developer,Bachelor,0.0,100363.76
AI Researcher,Bachelor,2.7,168296.96
ML Engineer,PhD,0.1,149202.13
ML Engineer,Bachelor,3.4,178380.33
Data Scientist,Master,0.0,123094.19
Cloud Architect,PhD,2.3,185610.01
Software Engineer,High School,1.8,134367.33
AI Researcher,PhD,1.2,162370.56
AI Researcher,PhD,4.1,199306.3
Software Engineer,Bachelor,2.0,123330.47
Cloud Architect,Master,0.7,154505.63
Data Scientist,Bachelor,0.0,108541.43
ML Engineer,PhD,3.2,180968.46
Backend Developer,Bachelor,0.0,97998.36
Software Engineer,Master,0.0,109685.65
Data Scientist,Bachelor,0.6,127464.32
AI Researcher,Master,1.8,156081.2
Software Engineer,Bachelor,0.1,112521.92
AI Researcher,Bachelor,3.1,174944.58
Backend Developer,PhD,3.7,152036.74
ML Engineer,Bachelor,1.7,159008.14
DevOps Engineer,Master,2.7,145482.08
Data Engineer,PhD,2.0,141263.94
Cloud Architect,PhD,0.4,161104.38
Data Scientist,Master,0.8,132726.01
Data Scientist,Bachelor,3.4,162236.1
Data Scientist,Master,0.9,133449.61
Software Engineer,Bachelor,4.0,147428.68
ML Engineer,Bachelor,2.3,156397.47
Software Engineer,PhD,2.7,147610.75
AI Researcher,PhD,1.9,170318.09
Backend Developer,Bachelor,1.6,118377.26
Cloud Architect,Bachelor,0.0,131607.5
Cloud Architect,High School,1.4,161444.3
Data Engineer,PhD,1.8,141196.08
Backend Developer,PhD,0.6,106090.15
ML Engineer,Bachelor,0.9,147353.03
Cloud Architect,PhD,1.5,167064.26
Data Scientist,Master,0.3,116817.8
DevOps Engineer,Master,4.9,161668.93
Data Scientist,Bachelor,2.2,147088.35
Backend Developer,Bachelor,0.2,96119.41
AI Researcher,Master,2.6,165812.39
Cloud Architect,Bachelor,0.1,151057.87
Software Engineer,Master,0.3,120339.4
AI Researcher,Bachelor,0.0,133715.25
ML Engineer,Master,1.9,160537.01
Software Engineer,Master,2.6,131595.75
ML Engineer,Master,1.7,155924.23
Data Engineer,PhD,0.7,131864.57
Cloud Architect,Master,2.1,170414.24
Cloud Architect,Bachelor,2.3,169402.6
Software Engineer,Bachelor,2.5,138023.28
AI Researcher,Master,2.0,162727.13
Data Engineer,Bachelor,2.9,146523.75
ML Engineer,Bachelor,1.5,153346.36
Software Engineer,PhD,5.8,183804.72
Data Engineer,Master,0.0,114072.71
Data Scientist,PhD,0.6,139924.25
Cloud Architect,Bachelor,0.0,128305.54
DevOps Engineer,Bachelor,2.5,134953.41
Data Scientist,Master,1.0,123096.51
Data Scientist,High School,3.5,165339.66
AI Researcher,Bachelor,0.0,135622.67
AI Researcher,Master,2.9,175092.38
ML Engineer,Master,2.0,158295.34
Data Engineer,High School,0.0,110593.69
Backend Developer,Bachelor,0.5,103650.09
AI Researcher,Bachelor,0.0,136055.05
AI Researcher,Master,0.5,140768.55
Cloud Architect,Master,0.9,152352.32
AI Researcher,PhD,2.0,174579.44
Software Engineer,Master,2.8,143291.84
DevOps Engineer,Bachelor,0.0,104187.65
ML Engineer,High School,4.4,182828.27
DevOps Engineer,Master,1.1,107545.22
DevOps Engineer,Bachelor,1.2,119923.49
Cloud Architect,Master,0.6,137410.39
Data Scientist,Bachelor,2.5,148118.24
Backend Developer,Bachelor,0.5,105345.32
AI Researcher,PhD,3.2,199182.54
DevOps Engineer,Master,2.4,125035.93
AI Researcher,Master,1.1,149313.09
Software Engineer,Bachelor,0.0,113439.2
AI Researcher,High School,2.3,157246.25
Cloud Architect,Master,2.0,170060.31
Backend Developer,PhD,2.6,136858.85
DevOps Engineer,Bachelor,1.4,118422.83
ML Engineer,Bachelor,0.1,143061.51
AI Researcher,PhD,1.7,165803.19
Backend Developer,PhD,0.0,113822.68
Data Scientist,PhD,2.2,155426.25
Data Engineer,Master,2.4,144293.95
Backend Developer,Master,1.5,119695.39
AI Researcher,Bachelor,0.8,146713.87
Data Scientist,Bachelor,3.8,168339.02
Data Engineer,Bachelor,2.2,137066.85
Backend Developer,Master,0.8,109633.99
Data Engineer,PhD,4.4,171801.37
AI Researcher,Bachelor,0.0,128694.29
Software Engineer,PhD,0.4,126984.88
AI Researcher,PhD,1.0,153970.7
AI Researcher,Bachelor,2.8,175380.35
DevOps Engineer,High School,1.8,130060.7
Backend Developer,Bachelor,0.0,110221.85
Data Scientist,Master,1.0,140719.6
Data Engineer,Bachelor,2.6,147649.33
Data Scientist,Bachelor,2.6,152701.09
ML Engineer,PhD,3.9,199767.1
AI Researcher,PhD,3.6,192110.75
Backend Developer,Master,2.5,124753.28
DevOps Engineer,Bachelor,3.5,142358.05
Backend Developer,Bachelor,0.8,112070.23
DevOps Engineer,Master,2.4,130962.31
DevOps Engineer,Bachelor,2.7,126207.42
Backend Developer,PhD,1.8,125755.78
Data Engineer,Bachelor,1.2,126180.36
Cloud Architect,Master,4.5,200996.38
Data Scientist,Bachelor,2.2,143639.0
Data Scientist,Bachelor,0.0,123595.43
Data Engineer,Master,3.5,160297.71
Data Engineer,PhD,2.7,152234.44
DevOps Engineer,Bachelor,0.9,114820.83
DevOps Engineer,Bachelor,0.2,107461.47
Data Engineer,Master,2.7,142096.76
Data Engineer,PhD,2.6,159741.18
ML Engineer,Bachelor,3.2,165570.57
Software Engineer,Master,1.7,131464.58
DevOps Engineer,Bachelor,1.6,114802.39
AI Researcher,Master,4.3,187441.33
Backend Developer,Bachelor,5.1,145729.31
Software Engineer,PhD,1.8,139139.16
ML Engineer,PhD,3.4,182781.21
ML Engineer,High School,3.4,171287.27
Backend Developer,High School,2.0,111998.44
DevOps Engineer,Bachelor,1.6,125232.99
AI Researcher,High School,0.2,133677.48
AI Researcher,PhD,2.9,193000.38
DevOps Engineer,Bachelor,0.7,108388.61
Cloud Architect,PhD,0.0,154932.98
Data Engineer,Bachelor,3.7,158516.92
ML Engineer,Bachelor,0.4,143490.67
Cloud Architect,Bachelor,2.0,172252.29
ML Engineer,High School,0.8,139812.57
Data Scientist,Bachelor,2.4,152163.31
Cloud Architect,Bachelor,3.8,185151.8
Software Engineer,PhD,2.4,143714.68
ML Engineer,High School,0.6,138039.07
Backend Developer,Bachelor,1.9,119596.06
Data Scientist,Master,2.7,156761.97
ML Engineer,Master,1.8,157866.85
DevOps Engineer,PhD,1.6,133056.37
DevOps Engineer,Master,0.4,109200.51
Cloud Architect,Bachelor,0.0,139815.26
Data Engineer,PhD,1.9,144087.19
Software Engineer,Master,2.7,139468.75
AI Researcher,Master,2.8,171081.07
AI Researcher,Bachelor,0.3,138868.34
Cloud Architect,PhD,1.7,181764.64
Backend Developer,Bachelor,0.0,92309.21
Data Scientist,PhD,2.3,155230.89
Backend Developer,Master,0.0,107029.05
Backend Developer,Bachelor,1.9,118115.28
DevOps Engineer,Bachelor,0.6,106586.08
Data Engineer,Bachelor,0.5,131897.03
Cloud Architect,Bachelor,4.5,209903.77
Data Scientist,PhD,3.2,172906.42
Cloud Architect,PhD,4.5,224035.79
ML Engineer,Bachelor,3.3,173157.55
AI Researcher,PhD,1.9,168824.07
Software Engineer,Master,0.0,102078.0
Backend Developer,Master,1.1,112357.78
Data Engineer,Master,0.2,116179.81
Data Engineer,Master,0.0,113698.26
ML Engineer,Master,3.4,177394.37
AI Researcher,Bachelor,0.5,136982.21
Cloud Architect,PhD,0.7,155353.23
Data Engineer,Bachelor,4.1,159329.82
Data Engineer,Bachelor,4.3,162749.76
Software Engineer,Bachelor,3.8,157525.38
Software Engineer,Master,3.0,146371.12
Cloud Architect,Master,1.0,162178.6
Cloud Architect,PhD,2.2,183578.35
ML Engineer,Bachelor,0.0,135693.14
ML Engineer,PhD,3.1,187048.67
Data Scientist,Bachelor,1.0,125711.23
Software Engineer,PhD,2.7,152687.84
Data Scientist,Master,2.0,147934.36
ML Engineer,Master,0.9,145404.54
DevOps Engineer,Bachelor,0.0,104062.25
Software Engineer,Master,0.9,112951.06
Cloud Architect,Master,5.5,222864.51
Software Engineer,Master,2.1,129735.59
Data Scientist,Master,2.1,143882.97
DevOps Engineer,Master,2.7,136083.44
Backend Developer,Master,2.8,136370.21
ML Engineer,Bachelor,3.1,171271.17
Data Scientist,PhD,4.1,174065.86
ML Engineer,PhD,4.6,201416.77
DevOps Engineer,Bachelor,3.8,137460.73
Backend Developer,Bachelor,0.0,104385.81
Software Engineer,Bachelor,3.2,146661.61
Data Engineer,Bachelor,2.7,143856.84
Software Engineer,Bachelor,1.4,125299.31
Software Engineer,Bachelor,2.0,124380.41
Data Scientist,PhD,1.8,151122.52
DevOps Engineer,PhD,0.5,121279.09
Data Engineer,PhD,1.6,148888.73
Data Engineer,Bachelor,3.1,151357.41
Software Engineer,Master,2.0,134230.03
AI Researcher,PhD,1.2,164519.7
Data Scientist,High School,2.7,153831.69
ML Engineer,Bachelor,2.0,157076.04
Data Scientist,Master,4.1,163259.45
ML Engineer,Bachelor,1.5,152000.12
Data Engineer,Bachelor,2.1,141403.88
Data Scientist,Master,5.8,187278.22
Software Engineer,Master,4.0,153047.39
ML Engineer,Master,2.3,159220.4
Data Engineer,Master,2.1,138350.65
Cloud Architect,Master,3.9,188040.77
Software Engineer,Master,0.5,116916.4
DevOps Engineer,PhD,0.6,114560.81
Data Engineer,Bachelor,0.0,115169.06
Software Engineer,Master,0.0,101962.95
ML Engineer,High School,0.9,144115.3
ML Engineer,PhD,5.3,211412.0
Cloud Architect,Master,1.4,163698.16
Data Scientist,High School,4.1,163808.37
Backend Developer,Bachelor,3.2,136410.4
DevOps Engineer,Bachelor,3.6,143819.4
Cloud Architect,Master,3.8,198862.54
Data Engineer,PhD,0.9,136920.86
Backend Developer,Bachelor,1.1,111768.36
Software Engineer,Master,4.4,158718.87
DevOps Engineer,Bachelor,2.0,123341.73
Cloud Architect,Master,1.0,155808.46
Cloud Architect,Bachelor,2.1,170847.29
Data Scientist,Bachelor,1.2,129792.93
AI Researcher,Bachelor,2.1,163258.24
Software Engineer,Bachelor,1.7,138294.26
AI Researcher,Bachelor,2.7,163622.6
Cloud Architect,PhD,2.3,186053.96
Data Engineer,Master,2.8,145754.31
Software Engineer,Bachelor,0.0,118018.76
DevOps Engineer,Master,0.0,100008.47
Cloud Architect,Bachelor,1.3,157822.15
Cloud Architect,Master,3.4,191492.77
Data Scientist,Bachelor,0.3,121285.08
Data Engineer,Bachelor,1.7,133442.38
DevOps Engineer,PhD,3.3,146508.3
Data Scientist,PhD,3.4,175024.25
Cloud Architect,Bachelor,2.7,184863.7
ML Engineer,Bachelor,3.2,170702.71
Software Engineer,Master,0.5,116688.38
Data Engineer,High School,0.0,103834.18
Software Engineer,Master,2.0,132009.37
DevOps Engineer,Bachelor,0.6,110977.29
ML Engineer,PhD,0.4,150057.56
DevOps Engineer,Bachelor,0.0,102541.46
ML Engineer,Bachelor,2.8,167606.17
Backend Developer,Master,2.6,119795.91
AI Researcher,Master,1.9,168351.6
Data Scientist,Bachelor,3.8,161651.37
Software Engineer,Bachelor,1.7,125374.03
DevOps Engineer,Bachelor,0.0,94124.07
DevOps Engineer,Master,4.7,150396.38
Data Scientist,Master,0.0,120127.26
Software Engineer,Bachelor,2.2,134037.24
AI Researcher,High School,3.3,178533.18
Data Engineer,PhD,2.3,148337.35
DevOps Engineer,Bachelor,1.9,122967.58
Cloud Architect,Bachelor,4.2,199435.04
Data Engineer,Bachelor,1.1,132994.82
Cloud Architect,Bachelor,0.0,145796.99
AI Researcher,Bachelor,3.0,172176.06
ML Engineer,PhD,2.4,169184.74
Data Scientist,PhD,6.7,218427.61
Software Engineer,Master,2.4,134712.06
ML Engineer,Bachelor,2.7,156530.0
Data Scientist,Master,0.9,131296.64
Data Scientist,PhD,2.0,157822.15
Backend Developer,Master,2.8,129385.35
DevOps Engineer,Bachelor,3.5,142673.09
Data Engineer,Bachelor,0.8,125678.78
Software Engineer,Bachelor,0.3,110196.21
Cloud Architect,Master,0.0,138267.82
ML Engineer,Master,3.9,184888.62
Data Scientist,Master,3.7,161185.66
Software Engineer,Bachelor,2.1,133160.76
Data Engineer,Bachelor,3.7,153803.64
Software Engineer,Master,2.8,143873.93
DevOps Engineer,Master,2.4,129301.06
Software Engineer,Bachelor,3.2,136054.32
Data Scientist,Bachelor,4.6,174922.13
Backend Developer,Master,1.9,123132.25
AI Researcher,Master,3.2,173661.35
Cloud Architect,Bachelor,2.7,180653.18
Data Engineer,PhD,5.5,194588.39
AI Researcher,Master,0.0,130654.61
AI Researcher,Bachelor,0.9,143142.55
AI Researcher,Bachelor,1.2,154228.66
ML Engineer,Bachelor,3.6,172457.08
Cloud Architect,High School,0.3,143539.37
Software Engineer,PhD,1.6,142915.66
Data Engineer,PhD,4.1,168372.92
Cloud Architect,Bachelor,0.0,151000.34
Software Engineer,Master,2.6,135627.99
Data Scientist,High School,1.3,140887.27
Data Scientist,Bachelor,0.0,124315.59
Software Engineer,Bachelor,4.1,154147.89
DevOps Engineer,PhD,3.7,139915.53
Backend Developer,Bachelor,0.0,100592.12
Cloud Architect,Master,1.9,162977.78
Data Scientist,Master,2.9,150885.3
Data Scientist,PhD,0.7,154181.97
ML Engineer,PhD,3.7,191104.34
DevOps Engineer,Master,1.1,119686.28
ML Engineer,Bachelor,0.0,131945.81
Cloud Architect,Bachelor,3.2,186244.46
Software Engineer,High School,5.3,167193.47
AI Researcher,PhD,2.5,179457.42
DevOps Engineer,PhD,4.8,155005.39
AI Researcher,Bachelor,3.8,186065.9
Data Engineer,Bachelor,2.7,149772.04
ML Engineer,Bachelor,1.7,152536.42
Data Scientist,Master,0.7,127316.45
Data Scientist,PhD,3.3,170274.42
AI Researcher,Bachelor,2.2,176297.97
Data Engineer,Master,1.7,126861.58
AI Researcher,Bachelor,1.7,157564.01
ML Engineer,Master,2.1,154762.57
ML Engineer,High School,1.1,146649.72
Backend Developer,Bachelor,4.4,142124.3
Software Engineer,Bachelor,1.3,125865.54
Cloud Architect,PhD,1.2,172264.85
Cloud Architect,Bachelor,3.4,170507.76
Data Engineer,Bachelor,3.9,160988.45
Data Scientist,High School,4.4,173852.85
Data Engineer,Master,0.0,112283.68
Data Engineer,Bachelor,1.9,138820.48
Backend Developer,PhD,2.6,130822.21
Cloud Architect,Bachelor,2.8,177011.07
Data Engineer,Bachelor,1.4,134233.55
Data Scientist,Bachelor,0.1,117794.75
DevOps Engineer,PhD,2.2,140808.75
Data Scientist,PhD,1.2,149085.45
ML Engineer,Master,0.5,139324.06
Cloud Architect,Bachelor,2.8,179540.53
Backend Developer,Bachelor,4.5,143357.43
Backend Developer,Bachelor,0.8,111338.76
AI Researcher,Master,1.0,151861.35
Backend Developer,Bachelor,1.5,111883.45
Data Engineer,Master,2.4,143054.64
ML Engineer,Master,2.8,164018.45
Data Engineer,Bachelor,3.4,155215.03
ML Engineer,Bachelor,2.0,151659.52
Backend Developer,Master,0.7,113356.32
Software Engineer,Bachelor,1.7,132567.41
Software Engineer,Bachelor,2.3,142210.33
Data Scientist,PhD,3.9,178069.58
Cloud Architect,Master,0.4,149517.35
Software Engineer,PhD,1.5,129140.02
DevOps Engineer,Master,2.6,134019.39
Backend Developer,Master,3.9,140542.61
DevOps Engineer,Bachelor,0.6,109509.08
Data Engineer,High School,1.1,128507.82
AI Researcher,Bachelor,1.4,159597.55
Data Scientist,Bachelor,2.9,155455.02
Backend Developer,Bachelor,2.1,106052.83
Software Engineer,Bachelor,3.7,157795.19
ML Engineer,Master,0.4,128841.8
Software Engineer,Bachelor,5.0,162332.0
Data Engineer,Bachelor,1.9,132010.3
DevOps Engineer,Master,2.8,138540.29
AI Researcher,Bachelor,5.8,215400.5
DevOps Engineer,Bachelor,0.0,113788.6
Data Engineer,Master,1.6,130270.27
Backend Developer,High School,2.3,127878.55
Backend Developer,PhD,1.0,120022.45
ML Engineer,Bachelor,0.0,124353.75
DevOps Engineer,Master,0.0,104781.64
DevOps Engineer,Master,2.2,123105.45
Software Engineer,Master,1.4,120951.05
DevOps Engineer,Bachelor,3.0,138292.63
Cloud Architect,Master,1.2,159954.86
Cloud Architect,PhD,3.1,198782.15
Backend Developer,Master,1.0,104181.58
Backend Developer,Master,3.5,134740.76
ML Engineer,PhD,3.0,176429.18
ML Engineer,Bachelor,2.8,167249.2
Cloud Architect,PhD,2.6,187585.64
Data Scientist,Master,0.0,111362.13
Data Scientist,Master,4.1,168268.79
DevOps Engineer,Master,0.2,103986.92
Software Engineer,Master,5.0,164759.24
ML Engineer,Master,5.8,207469.43
AI Researcher,Master,2.9,170800.87
Data Scientist,Bachelor,1.6,139601.68
Data Scientist,PhD,1.3,144744.46
Data Engineer,PhD,0.0,118133.09
ML Engineer,Bachelor,2.1,153682.15
ML Engineer,Bachelor,3.5,169920.76
Software Engineer,PhD,0.2,123208.58
AI Researcher,Bachelor,2.9,167901.87
Backend Developer,PhD,2.6,131536.95
Cloud Architect,Master,4.4,201760.38
Data Scientist,Master,2.4,137457.57
Backend Developer,Master,2.0,120892.89
Software Engineer,Master,2.3,128764.32
Software Engineer,High School,1.4,125717.57
Software Engineer,High School,1.1,127213.41
Backend Developer,Master,2.3,122128.95
ML Engineer,PhD,0.0,141003.17
Backend Developer,High School,1.8,116309.41
Data Engineer,PhD,3.5,167474.95
DevOps Engineer,PhD,0.7,119288.29
Software Engineer,PhD,5.2,175054.68
AI Researcher,Master,3.0,169494.62
DevOps Engineer,Bachelor,1.4,121318.71
Data Scientist,Bachelor,1.8,146317.77
Software Engineer,PhD,0.7,125377.6
AI Researcher,PhD,1.0,161230.35
Backend Developer,Bachelor,0.8,100759.24
Cloud Architect,PhD,4.5,219133.82
Software Engineer,Master,2.9,144986.16
DevOps Engineer,Bachelor,1.4,107950.35
Data Scientist,Bachelor,4.5,178928.94
ML Engineer,Master,1.3,148750.59
DevOps Engineer,Master,0.3,107590.23
ML Engineer,PhD,0.5,157237.04
Data Engineer,Bachelor,1.5,140401.15
DevOps Engineer,PhD,2.6,140213.02
Cloud Architect,PhD,1.3,177520.52
ML Engineer,Master,3.9,184216.27
Backend Developer,Master,3.1,131981.25
Backend Developer,Master,3.5,133099.86
AI Researcher,High School,2.9,170747.31
Data Engineer,Bachelor,2.2,141960.28
Data Engineer,Bachelor,1.5,139026.49
DevOps Engineer,Master,3.8,152696.32
Cloud Architect,Bachelor,2.2,169297.59
Software Engineer,Master,2.1,136677.5
Cloud Architect,Bachelor,1.4,160586.18
Cloud Architect,PhD,1.9,174464.46
Data Scientist,Master,2.2,144433.73
ML Engineer,Bachelor,2.8,165704.74
AI Researcher,High School,2.8,169964.97
Backend Developer,Master,1.0,113832.65
ML Engineer,Bachelor,0.1,124785.97
Backend Developer,Master,3.9,134055.78
AI Researcher,Master,5.8,223736.62
AI Researcher,Bachelor,1.4,145081.45
Data Engineer,High School,2.5,140287.21
ML Engineer,Bachelor,0.0,131827.71
DevOps Engineer,Bachelor,2.5,133033.81
Backend Developer,Master,2.9,124065.84
Data Scientist,Bachelor,2.1,152223.5
AI Researcher,PhD,1.7,177264.03
DevOps Engineer,Master,4.0,150737.8
Software Engineer,Bachelor,3.9,152533.57
Software Engineer,PhD,2.6,145876.11
Cloud Architect,Master,1.5,165946.85
Data Scientist,Bachelor,1.2,135562.62
Backend Developer,Bachelor,2.6,134175.47
ML Engineer,Bachelor,3.0,169146.79
DevOps Engineer,Bachelor,1.8,118566.91
DevOps Engineer,Master,0.6,113920.9
AI Researcher,Master,3.1,179499.53
ML Engineer,Master,1.2,144699.98
Cloud Architect,Bachelor,1.1,153541.7
Software Engineer,PhD,0.2,119277.09
ML Engineer,Bachelor,0.6,133876.65
Software Engineer,PhD,0.0,127838.45
ML Engineer,Master,0.0,124326.76
AI Researcher,Master,4.1,183397.96
ML Engineer,Bachelor,2.9,175896.98
Data Scientist,Bachelor,2.0,149094.65
DevOps Engineer,Bachelor,0.0,107577.41
Software Engineer,Bachelor,3.7,152613.77
ML Engineer,Master,1.8,147385.41
ML Engineer,PhD,0.0,137117.94
AI Researcher,High School,0.8,142678.95
AI Researcher,High School,2.7,172779.45
ML Engineer,Bachelor,0.3,138067.8
DevOps Engineer,Master,2.2,129219.85
Cloud Architect,Bachelor,1.4,163149.27
Software Engineer,High School,1.0,110192.53
Backend Developer,High School,0.5,115435.46
ML Engineer,High School,0.0,131264.55
Cloud Architect,PhD,2.9,196314.5
Data Engineer,Master,4.5,167771.68
Software Engineer,Master,2.1,129975.71
Cloud Architect,Bachelor,1.2,154160.58
ML Engineer,High School,1.6,149598.11
AI Researcher,Master,2.1,161665.89
Backend Developer,PhD,2.3,131996.54
Software Engineer,Master,2.8,139409.26
Backend Developer,Master,5.0,144381.0
Backend Developer,Bachelor,4.7,145562.61
Software Engineer,PhD,0.0,127107.58
ML Engineer,Bachelor,1.2,141271.45
Software Engineer,PhD,0.5,124742.38
Data Engineer,High School,2.6,152359.14
Cloud Architect,High School,2.6,172193.14
AI Researcher,Bachelor,2.1,167665.81
ML Engineer,Master,3.4,167846.66
Cloud Architect,Bachelor,1.7,159833.32
Software Engineer,High School,1.0,129037.14
Software Engineer,Master,2.9,148803.9
Data Engineer,Master,1.9,134888.98
Backend Developer,Master,0.4,105704.6
Data Engineer,High School,3.0,151166.98
Cloud Architect,Bachelor,0.0,138652.12
Software Engineer,PhD,2.4,144164.46
Data Engineer,Bachelor,2.8,135968.4
Data Scientist,Bachelor,2.4,151675.97
Software Engineer,Master,1.8,129443.22
DevOps Engineer,Bachelor,1.5,120412.41
ML Engineer,Master,2.3,162471.52
DevOps Engineer,Master,1.6,126401.47
AI Researcher,Bachelor,1.7,157152.6
DevOps Engineer,Master,0.1,102228.61
AI Researcher,High School,2.4,178228.33
DevOps Engineer,Master,1.4,128196.0
DevOps Engineer,High School,5.8,164642.35
Backend Developer,Master,1.3,116958.52
Data Scientist,PhD,2.9,164573.5
Cloud Architect,Master,1.1,156502.8
Cloud Architect,Master,4.0,198792.84
AI Researcher,PhD,3.0,185058.98
Data Engineer,Master,0.0,114251.4
Backend Developer,Master,3.0,126346.33
ML Engineer,Master,4.0,179648.83
Data Scientist,Bachelor,0.0,120744.13
AI Researcher,Bachelor,1.2,154322.81
Data Engineer,Bachelor,3.6,156598.51
ML Engineer,Bachelor,3.4,181778.61
AI Researcher,Master,2.2,159069.17
AI Researcher,Master,0.7,138796.86
AI Researcher,Master,1.4,154241.26
Data Engineer,Master,1.9,130724.43
Data Engineer,PhD,1.7,145224.74
Software Engineer,PhD,3.5,159817.13
DevOps Engineer,Master,3.5,135072.78
Backend Developer,Bachelor,1.1,115327.37
Data Engineer,Bachelor,3.1,135707.75
Backend Developer,Master,4.4,142219.09
AI Researcher,Bachelor,2.4,161440.19
Cloud Architect,Bachelor,4.7,208720.6
Data Engineer,Bachelor,2.7,151656.39
Cloud Architect,Bachelor,3.9,195400.26
Software Engineer,PhD,1.0,121144.43
Backend Developer,Bachelor,1.7,120093.79
DevOps Engineer,High School,1.4,117875.79
Data Engineer,Master,3.5,150708.06
Cloud Architect,Bachelor,2.2,162032.32
ML Engineer,Bachelor,2.6,175460.17
Data Engineer,Bachelor,2.7,142526.6
Software Engineer,PhD,0.8,131848.65
Cloud Architect,Bachelor,0.3,150973.33
Cloud Architect,PhD,3.2,196120.42
Data Engineer,Bachelor,4.5,176055.54
ML Engineer,High School,3.9,187264.35
Data Engineer,High School,1.9,131716.55
DevOps Engineer,PhD,1.2,133622.83
DevOps Engineer,Bachelor,0.5,113266.76
AI Researcher,Bachelor,2.7,174319.59
Data Scientist,Bachelor,3.0,150861.19
Software Engineer,PhD,0.0,120265.65
DevOps Engineer,Master,1.5,126501.04
Cloud Architect,Bachelor,2.6,176003.16
ML Engineer,Master,0.1,128179.48
Software Engineer,Bachelor,0.0,108788.13
Software Engineer,PhD,2.8,145665.07
Cloud Architect,High School,4.1,201644.23
DevOps Engineer,Bachelor,3.2,146762.17
ML Engineer,PhD,1.6,163589.37
ML Engineer,Bachelor,5.1,200647.54
ML Engineer,Bachelor,2.0,148296.85
Data Scientist,Bachelor,0.0,124806.12
AI Researcher,Master,1.1,154113.69
Backend Developer,Master,2.7,126902.28
Software Engineer,PhD,1.4,135059.24
Data Engineer,Master,0.8,129299.73
Cloud Architect,Bachelor,0.0,143171.91
Data Scientist,Master,1.9,144777.56
Cloud Architect,Master,3.6,185610.75
Cloud Architect,Master,0.8,156097.63
Software Engineer,PhD,1.4,142868.67
Cloud Architect,High School,4.3,198919.92
Backend Developer,PhD,0.9,118561.49
Data Scientist,High School,0.6,123713.28
Cloud Architect,Bachelor,1.4,155529.61
Cloud Architect,Bachelor,5.3,214545.27
Backend Developer,PhD,4.2,148037.44
Data Engineer,Master,2.8,151164.11
Data Scientist,Master,4.5,170428.8
Data Engineer,Bachelor,0.5,118128.37
ML Engineer,Master,3.6,178618.33
Software Engineer,Master,1.1,119949.13
Backend Developer,Master,1.8,124079.26
DevOps Engineer,Bachelor,2.4,125666.36
ML Engineer,Master,1.9,155257.58
ML Engineer,Master,0.5,145075.22
Cloud Architect,PhD,3.4,196056.91
Software Engineer,PhD,3.5,160623.06
Data Scientist,Bachelor,3.7,163204.24
DevOps Engineer,Bachelor,1.4,119937.29
AI Researcher,Master,3.6,179510.39
DevOps Engineer,PhD,0.9,123089.16
Data Scientist,PhD,1.1,145661.29
DevOps Engineer,High School,1.7,130168.09
Software Engineer,Bachelor,3.4,142697.87
Backend Developer,High School,1.4,111228.28
Backend Developer,High School,2.9,129663.91
DevOps Engineer,Bachelor,3.8,133068.11
Backend Developer,Master,1.0,111140.99
Data Scientist,Master,0.7,126154.13
Data Scientist,Bachelor,4.5,175205.33
Backend Developer,Bachelor,2.6,127423.93
DevOps Engineer,PhD,3.6,146862.7
Cloud Architect,Bachelor,1.5,164521.41
Backend Developer,Bachelor,2.5,125961.81
Data Scientist,Master,2.1,146162.56
AI Researcher,Bachelor,2.0,157563.1
AI Researcher,Bachelor,2.7,173230.78
Software Engineer,Bachelor,3.9,153345.53
Software Engineer,Bachelor,2.4,148420.11
Data Scientist,Bachelor,0.5,122863.03
Backend Developer,Bachelor,2.3,131249.78
Software Engineer,Master,3.7,147442.03
Software Engineer,Master,0.0,108343.49
Data Scientist,PhD,0.7,140934.15
Cloud Architect,Master,0.9,147861.36
ML Engineer,PhD,0.0,154266.46
Software Engineer,High School,3.2,138645.91
Software Engineer,Bachelor,1.8,131491.17
Data Scientist,PhD,2.0,165803.37
AI Researcher,Bachelor,2.7,176139.0
Software Engineer,Bachelor,1.9,132123.94
DevOps Engineer,High School,1.7,124486.84
Software Engineer,Bachelor,1.1,123254.78
Data Scientist,PhD,5.6,205218.97
Cloud Architect,Bachelor,0.6,147200.09
DevOps Engineer,Bachelor,1.6,114311.85
ML Engineer,Bachelor,0.0,137266.39
Data Engineer,Master,1.8,140150.97
AI Researcher,Bachelor,2.2,166746.61
Backend Developer,Master,0.0,96993.72
ML Engineer,Master,2.8,161785.97
Cloud Architect,PhD,3.4,202071.91
Backend Developer,Bachelor,3.3,129802.16
ML Engineer,Master,1.2,144170.53
Data Engineer,Master,2.8,155041.92
Cloud Architect,Bachelor,1.0,155224.82
Backend Developer,High School,0.7,111126.78
DevOps Engineer,Master,4.1,137681.5
Data Engineer,Bachelor,0.7,133966.08
Cloud Architect,PhD,2.9,195288.42
Backend Developer,High School,2.2,124728.37
Backend Developer,Bachelor,0.0,99855.79
Data Engineer,Bachelor,2.7,136422.3
ML Engineer,PhD,3.8,193464.7
ML Engineer,Bachelor,0.0,134754.23
Backend Developer,Bachelor,2.5,126769.82
Software Engineer,Bachelor,3.5,150169.0
ML Engineer,Bachelor,2.2,154077.76
Software Engineer,Bachelor,3.7,141878.32
DevOps Engineer,PhD,1.7,146104.66
Software Engineer,Bachelor,0.0,104280.18
AI Researcher,Bachelor,3.8,188852.88
Data Scientist,Master,1.5,151599.26
Software Engineer,Master,1.8,123935.27
DevOps Engineer,Bachelor,1.2,119312.38
Software Engineer,PhD,0.7,125701.74
ML Engineer,Master,0.6,142466.46
AI Researcher,Bachelor,1.2,162596.24
DevOps Engineer,Master,2.8,130134.54
Backend Developer,High School,1.5,114228.24
Cloud Architect,Master,3.9,193705.91
Software Engineer,Master,1.0,119045.03
ML Engineer,PhD,4.0,200309.36
AI Researcher,Bachelor,1.9,156602.77
Software Engineer,Bachelor,4.2,157856.73
Data Scientist,Master,3.8,162737.72
ML Engineer,Master,0.9,137402.9
Cloud Architect,High School,3.3,186846.91
AI Researcher,PhD,1.1,160249.39
Software Engineer,PhD,1.9,142249.51
Data Engineer,High School,3.5,160777.9
DevOps Engineer,Master,1.0,113017.65
AI Researcher,Bachelor,2.1,160775.44
Software Engineer,PhD,2.9,155794.66
Software Engineer,Bachelor,1.8,125704.69
Software Engineer,PhD,0.0,119388.22
Data Engineer,Bachelor,3.9,157023.89
Data Engineer,Bachelor,3.3,154174.61
ML Engineer,Bachelor,2.6,159616.95
Data Scientist,PhD,1.3,148266.14
AI Researcher,PhD,2.9,183884.36
Backend Developer,Master,1.7,115181.07
Data Scientist,Bachelor,3.9,169145.52
ML Engineer,Bachelor,0.0,137273.41
Software Engineer,PhD,0.1,122749.77
Backend Developer,Bachelor,1.9,124195.41
Data Engineer,Bachelor,0.6,109316.43
Software Engineer,Bachelor,1.5,132426.48
Data Scientist,Master,2.2,139386.38
Data Engineer,PhD,1.8,148139.11
DevOps Engineer,Master,2.0,124909.56
DevOps Engineer,PhD,2.4,138385.07
ML Engineer,PhD,1.5,157097.82
Backend Developer,PhD,3.5,149827.2
Backend Developer,Bachelor,4.6,145826.21
Cloud Architect,Bachelor,1.5,165206.44
Software Engineer,Bachelor,1.8,131970.1
DevOps Engineer,Master,1.8,128858.61
AI Researcher,PhD,2.6,182444.9
Data Engineer,Bachelor,0.7,126705.34
Data Scientist,High School,4.3,172796.27
ML Engineer,High School,1.6,155357.02
DevOps Engineer,PhD,1.1,123550.88
Data Engineer,High School,2.6,134326.43
AI Researcher,PhD,1.9,175396.33
Software Engineer,Master,1.0,118294.55
DevOps Engineer,High School,1.8,121668.01
DevOps Engineer,Bachelor,2.6,128763.47
DevOps Engineer,PhD,2.2,141665.26
Data Engineer,Bachelor,0.0,122695.3
AI Researcher,PhD,0.0,144307.2
Cloud Architect,Master,3.1,174655.91
DevOps Engineer,Bachelor,3.7,148220.66
Data Engineer,Master,3.1,154635.08
Backend Developer,Bachelor,3.8,133451.29
ML Engineer,High School,0.0,132788.83
Data Scientist,Bachelor,0.0,114722.85
DevOps Engineer,Bachelor,2.3,132101.15
Data Scientist,Bachelor,3.0,154382.76
Cloud Architect,Bachelor,3.4,194459.06
Data Scientist,High School,1.9,142791.16
DevOps Engineer,PhD,2.2,148167.11
Data Engineer,Master,1.7,123673.64
Data Engineer,Master,2.3,141323.09
Data Engineer,High School,1.3,119957.07
Data Engineer,High School,1.1,136691.99
Data Scientist,Bachelor,1.8,139856.78
Data Scientist,Bachelor,0.5,126731.87
AI Researcher,Bachelor,1.6,167574.21
Software Engineer,Master,3.1,139213.34
Cloud Architect,PhD,0.5,158292.23
Software Engineer,High School,2.5,123326.39
DevOps Engineer,Master,4.2,143845.69
ML Engineer,Bachelor,1.0,138846.31
ML Engineer,Master,0.0,133107.31
ML Engineer,Master,2.8,163441.71
Cloud Architect,Bachelor,1.2,155838.93
Software Engineer,Bachelor,1.8,135918.5
Backend Developer,PhD,1.0,116490.43
ML Engineer,Master,1.3,144048.64
ML Engineer,Master,0.5,145548.92
ML Engineer,Bachelor,2.1,154569.53
Data Engineer,Bachelor,1.2,129743.38
DevOps Engineer,Bachelor,1.5,124652.07
Cloud Architect,PhD,0.0,153920.33
AI Researcher,Bachelor,1.1,151867.43
DevOps Engineer,Master,1.4,119280.11
AI Researcher,PhD,1.5,171491.85
AI Researcher,Master,1.8,154328.81
Software Engineer,Bachelor,4.4,159214.59
Backend Developer,Bachelor,4.2,145141.64
AI Researcher,Master,2.1,159117.28
DevOps Engineer,High School,4.4,145067.71
DevOps Engineer,Bachelor,0.6,112331.62
Data Scientist,PhD,1.2,140307.12
Data Scientist,Master,1.8,141745.06
AI Researcher,PhD,0.0,143451.63
Data Engineer,PhD,2.4,163785.75
Data Engineer,Bachelor,0.8,122074.67
ML Engineer,PhD,2.2,167459.36
Backend Developer,Master,2.5,134077.52
ML Engineer,Master,5.7,204881.31
Cloud Architect,Bachelor,0.0,139996.91
DevOps Engineer,PhD,1.0,122101.57
Data Scientist,Master,3.8,163958.77
DevOps Engineer,Master,2.1,125057.58
DevOps Engineer,Bachelor,2.4,130466.76
Data Engineer,Bachelor,1.6,131148.78
AI Researcher,PhD,1.7,169718.44
Backend Developer,Master,2.1,120947.28
Data Engineer,Bachelor,1.9,135233.64
Data Engineer,Bachelor,2.3,132678.78
Software Engineer,High School,2.7,131664.46
Software Engineer,Master,0.0,115939.77
DevOps Engineer,Master,1.9,127192.36
DevOps Engineer,Bachelor,0.9,118010.33
Data Engineer,PhD,1.8,142872.93
Data Engineer,Bachelor,2.7,137464.88
Cloud Architect,Bachelor,2.9,176398.75
AI Researcher,PhD,3.3,194858.51
ML Engineer,Bachelor,3.2,165626.87
Data Engineer,PhD,2.7,158402.24
Software Engineer,Master,2.7,142035.57
Cloud Architect,PhD,0.1,160938.94
Cloud Architect,Bachelor,0.3,142120.89
DevOps Engineer,Bachelor,2.4,135695.27
Cloud Architect,Bachelor,4.3,200536.04
ML Engineer,Master,3.0,169511.86
Data Engineer,Bachelor,0.0,111990.62
Cloud Architect,Bachelor,3.1,189623.2
AI Researcher,Bachelor,3.5,192303.58
ML Engineer,Master,1.1,149138.28
Cloud Architect,High School,0.6,147727.03
Data Engineer,Bachelor,0.6,129387.82
Backend Developer,Bachelor,1.9,124611.76
DevOps Engineer,Bachelor,1.9,129985.88
Data Engineer,Bachelor,1.2,129420.24
AI Researcher,High School,2.0,156169.55
Backend Developer,PhD,1.8,127249.64
Data Engineer,Bachelor,1.7,135322.58
DevOps Engineer,Bachelor,2.9,136841.6
Data Engineer,Bachelor,2.0,138847.2
Software Engineer,PhD,1.6,136008.14
Data Engineer,PhD,2.6,154019.74
Data Scientist,Master,0.0,115321.58
Backend Developer,Master,1.6,116334.72
Software Engineer,Master,2.9,147493.13
AI Researcher,Master,1.7,154124.14
Data Scientist,Bachelor,3.4,148973.17
ML Engineer,Bachelor,0.3,132773.81
DevOps Engineer,Bachelor,2.9,132407.86
ML Engineer,High School,1.1,145838.16
Cloud Architect,Bachelor,1.2,152949.2
Data Engineer,Master,1.7,135060.58
AI Researcher,Bachelor,3.0,177157.74
DevOps Engineer,PhD,1.2,130996.13
Data Engineer,Master,5.7,176949.96
ML Engineer,PhD,3.1,183685.31
Data Engineer,PhD,0.6,132528.33
Cloud Architect,PhD,0.0,153887.0
Data Engineer,PhD,0.0,133280.43
ML Engineer,Bachelor,1.1,149297.8
ML Engineer,Master,2.3,158172.38
Cloud Architect,Master,4.2,200437.37
Cloud Architect,Bachelor,2.2,171955.34
ML Engineer,Bachelor,1.6,151292.3
Data Scientist,PhD,2.9,175435.16
Data Engineer,Master,3.6,160353.15
Software Engineer,Bachelor,1.7,138043.3
Cloud Architect,Bachelor,2.4,175545.58
ML Engineer,PhD,5.2,207010.11
Backend Developer,Bachelor,0.6,95846.81
ML Engineer,PhD,4.6,202290.62
ML Engineer,Master,4.0,185844.36
Software Engineer,PhD,0.7,119800.09
Software Engineer,Master,2.3,135637.81
Data Engineer,Bachelor,1.5,133011.96
Backend Developer,Master,1.9,116298.46
Data Engineer,Bachelor,3.4,159081.81
Data Scientist,Bachelor,2.4,145989.73
Backend Developer,Master,1.6,114992.7
Backend Developer,Bachelor,3.8,138911.66
DevOps Engineer,Bachelor,1.0,114897.21
ML Engineer,Bachelor,2.5,171806.19
Backend Developer,Bachelor,0.5,103409.32
Software Engineer,Bachelor,3.4,139919.41
Data Scientist,Master,2.5,144871.36
Data Scientist,Bachelor,2.4,150424.23
AI Researcher,Bachelor,0.6,143371.45
Data Engineer,Bachelor,2.5,137227.23
Data Scientist,Master,2.0,145552.97
AI Researcher,Bachelor,1.4,153155.94
AI Researcher,Bachelor,0.6,148833.83
DevOps Engineer,Bachelor,0.5,104278.88
Software Engineer,Master,0.0,115799.68
ML Engineer,Bachelor,3.0,171576.16
ML Engineer,Bachelor,0.7,138799.55
Data Scientist,Bachelor,4.2,172210.07
DevOps Engineer,PhD,0.9,124612.66
DevOps Engineer,PhD,3.8,159525.93
Software Engineer,Bachelor,0.4,118027.02
Data Engineer,Bachelor,1.7,131601.41
Data Scientist,PhD,2.0,156833.72
Data Engineer,Master,1.2,127623.6
Data Scientist,Master,4.2,171431.92
Software Engineer,PhD,2.0,143897.58
Data Engineer,PhD,0.6,126505.04
Data Scientist,Bachelor,1.9,140986.36
Software Engineer,Master,3.4,140880.37
AI Researcher,PhD,0.9,157998.97
Software Engineer,Bachelor,2.8,143850.08
AI Researcher,Bachelor,2.3,169899.79
Data Scientist,Master,0.1,123753.24
Software Engineer,Master,3.6,152130.48
DevOps Engineer,PhD,4.8,166766.12
Data Engineer,Master,0.5,118405.31
ML Engineer,High School,0.0,126547.73
AI Researcher,High School,2.7,168498.74
DevOps Engineer,Bachelor,3.1,133160.13
Data Scientist,PhD,2.7,157815.92
Data Scientist,PhD,2.1,162933.45
AI Researcher,Bachelor,2.0,166250.6
Data Scientist,High School,2.9,159677.94
Cloud Architect,Master,4.9,207930.67
DevOps Engineer,Master,3.6,150938.35
Data Scientist,PhD,1.9,149326.56
Software Engineer,Bachelor,1.4,128216.48
ML Engineer,Master,2.2,153068.57
ML Engineer,Bachelor,5.0,196825.28
ML Engineer,PhD,0.4,141631.91
DevOps Engineer,PhD,1.5,129233.25
Cloud Architect,Master,2.6,175781.57
Cloud Architect,Bachelor,2.8,177806.55
Software Engineer,PhD,1.1,136506.37
AI Researcher,Master,1.4,146875.15
AI Researcher,Master,0.0,135343.8
Data Scientist,Master,3.0,150105.5
Data Engineer,Master,3.2,147396.32
DevOps Engineer,Bachelor,3.8,131021.67
ML Engineer,Bachelor,2.7,165371.37
Data Engineer,Master,3.4,163759.13
Data Scientist,PhD,2.7,153632.98
Backend Developer,Master,2.2,122084.51
Cloud Architect,Master,3.0,178779.08
Backend Developer,Master,1.7,121370.46
Data Scientist,Bachelor,0.0,116969.4
Cloud Architect,PhD,1.5,173262.73
Cloud Architect,PhD,2.8,191371.7
Cloud Architect,Bachelor,1.5,157578.02
Data Engineer,Master,0.2,109313.74
AI Researcher,Master,0.3,139843.39
Cloud Architect,PhD,1.9,186448.64
Cloud Architect,PhD,2.9,187309.23
ML Engineer,Bachelor,2.3,160374.09
ML Engineer,Master,2.7,154476.83
Software Engineer,Bachelor,1.7,132403.22
AI Researcher,Bachelor,6.2,220469.0
Data Engineer,High School,1.7,126506.01
Data Engineer,Bachelor,1.1,130557.57
Cloud Architect,PhD,1.2,169319.92
Data Scientist,Bachelor,3.7,153445.59
Data Scientist,High School,1.9,137506.09
Data Scientist,PhD,1.3,150863.47
Data Scientist,High School,2.5,150956.05
Backend Developer,Bachelor,1.6,111012.96
Cloud Architect,Master,1.2,166626.88
Cloud Architect,Master,0.9,151385.66
Software Engineer,PhD,1.1,126689.38
ML Engineer,PhD,1.1,155972.91
ML Engineer,PhD,0.7,153470.2
Backend Developer,Bachelor,3.5,119885.64
DevOps Engineer,PhD,2.3,142381.03
ML Engineer,Bachelor,0.8,137474.8
Data Engineer,PhD,0.3,128393.7
Cloud Architect,Master,3.7,187192.56
Data Scientist,Master,0.2,126981.97
Data Scientist,Master,3.7,172075.82
ML Engineer,PhD,3.3,194016.62
Software Engineer,Bachelor,0.0,112467.18
Software Engineer,Bachelor,3.1,140497.46
Data Engineer,Master,4.7,179006.81
Data Scientist,Master,1.5,138586.76
Data Engineer,Master,4.4,160071.25
ML Engineer,PhD,3.7,197935.09
Cloud Architect,PhD,1.8,184098.61
Software Engineer,PhD,3.2,156707.82
Backend Developer,Bachelor,6.5,167952.19
Backend Developer,Bachelor,3.7,140081.07
Backend Developer,PhD,1.6,124196.82
Cloud Architect,PhD,2.5,182291.6
ML Engineer,High School,1.6,155888.65
Backend Developer,PhD,2.1,140665.53
DevOps Engineer,PhD,3.6,148093.01
Data Scientist,Bachelor,2.1,142709.88
ML Engineer,High School,1.0,142136.24
DevOps Engineer,Bachelor,1.5,128250.72
Data Engineer,Bachelor,0.3,129851.79
Backend Developer,Master,3.2,134553.01
Data Scientist,Bachelor,1.3,141618.68
Data Engineer,High School,0.3,126394.92
ML Engineer,Bachelor,2.2,156570.1
Backend Developer,High School,2.6,129003.85
AI Researcher,PhD,2.9,184187.18
ML Engineer,Master,3.0,173635.44
Data Scientist,Master,2.8,147674.73
DevOps Engineer,High School,0.0,105677.66
AI Researcher,Master,3.5,183517.84
ML Engineer,Bachelor,1.8,158388.26
Cloud Architect,Bachelor,2.7,172768.16
Cloud Architect,Master,1.9,161051.93
DevOps Engineer,Master,0.3,106005.89
Data Engineer,Bachelor,2.5,146617.87
Cloud Architect,PhD,4.2,221019.38
Cloud Architect,Bachelor,0.7,144500.2
ML Engineer,PhD,2.2,163567.54
Data Scientist,Master,1.6,139653.11
Data Scientist,High School,2.2,146123.95
DevOps Engineer,Bachelor,0.7,107437.26
Data Scientist,Master,0.0,109662.64
Cloud Architect,Bachelor,5.2,210656.77
Software Engineer,Bachelor,2.0,134011.85
AI Researcher,Bachelor,2.5,161795.26
Data Scientist,Master,1.7,145708.98
Software Engineer,Master,0.5,117653.59
Data Engineer,Bachelor,2.0,129612.58
Cloud Architect,Master,2.6,180027.17
Software Engineer,Master,1.1,120453.9
ML Engineer,High School,0.6,136817.47
DevOps Engineer,Bachelor,0.5,115488.7
Cloud Architect,Bachelor,5.3,210647.04
Cloud Architect,High School,3.7,188898.09
Data Scientist,PhD,4.3,178123.29
Data Scientist,High School,2.1,150839.04
ML Engineer,High School,1.4,156146.82
Software Engineer,PhD,2.6,162980.21
DevOps Engineer,Bachelor,1.5,117257.71
Data Engineer,Bachelor,3.0,143207.82
DevOps Engineer,PhD,2.4,143006.47
Software Engineer,Bachelor,2.2,138362.67
ML Engineer,High School,2.4,168162.28
Data Engineer,Bachelor,2.2,134194.05
Software Engineer,PhD,2.3,157230.82
Cloud Architect,Bachelor,0.1,146254.75
Software Engineer,PhD,2.1,143799.72
DevOps Engineer,High School,2.6,138400.23
Data Engineer,Master,0.3,114775.41
Data Engineer,Bachelor,1.4,129549.54
Cloud Architect,Bachelor,3.7,193773.24
DevOps Engineer,PhD,3.0,142530.8
DevOps Engineer,Master,0.9,103563.4
AI Researcher,Bachelor,1.4,147340.3
Data Engineer,Bachelor,1.5,131115.41
ML Engineer,Bachelor,5.5,187338.42
Data Engineer,Master,4.6,171473.5
Data Engineer,Bachelor,0.5,129229.98
ML Engineer,Bachelor,1.9,166682.74
Data Scientist,Bachelor,0.0,118705.36
Backend Developer,High School,1.7,108474.75
Software Engineer,Bachelor,2.0,140956.69
Backend Developer,High School,0.0,102273.63
DevOps Engineer,Master,2.2,142343.17
AI Researcher,Bachelor,2.4,172600.66
Data Scientist,PhD,1.2,156839.09
Software Engineer,Master,2.3,137587.64
Data Scientist,Bachelor,0.0,115252.1
DevOps Engineer,High School,2.7,128813.92
Software Engineer,Master,1.3,120144.71
ML Engineer,Master,3.7,177102.66
Backend Developer,Bachelor,0.0,92400.38
Data Scientist,Bachelor,2.2,144456.17
Backend Developer,Master,2.4,117208.81
Data Engineer,Bachelor,0.3,119028.06
Software Engineer,Bachelor,1.0,117524.1
AI Researcher,Bachelor,2.1,164593.57
Backend Developer,PhD,2.4,139141.6
DevOps Engineer,PhD,3.1,151742.32
AI Researcher,Bachelor,0.1,136445.01
DevOps Engineer,Bachelor,2.1,136499.43
ML Engineer,Master,2.7,162693.94
DevOps Engineer,Bachelor,2.4,126801.0
Data Scientist,Bachelor,0.0,129560.12
Cloud Architect,Bachelor,1.6,162979.78
ML Engineer,Master,4.1,191073.97
Cloud Architect,PhD,5.4,221548.13
ML Engineer,Bachelor,2.3,159350.16
ML Engineer,Master,2.9,170701.51
Data Engineer,PhD,1.0,126042.43
DevOps Engineer,High School,1.6,115766.74
Data Engineer,Master,2.5,142879.56
Backend Developer,Master,0.0,93693.05
Cloud Architect,Master,3.2,186036.62
Data Scientist,Bachelor,3.0,154417.21
DevOps Engineer,Master,2.4,130129.83
Software Engineer,Bachelor,5.4,168974.53
Backend Developer,PhD,2.7,130660.09
Cloud Architect,High School,1.6,163662.0
Cloud Architect,Bachelor,0.5,155368.98
AI Researcher,Bachelor,4.3,197106.55
ML Engineer,Master,2.0,160384.11
Data Scientist,Bachelor,2.0,143246.38
Software Engineer,Master,3.2,143351.02
Cloud Architect,PhD,0.9,177997.41
Software Engineer,High School,0.5,104215.21
Software Engineer,Master,2.6,138815.48
AI Researcher,Bachelor,5.4,213747.82
Cloud Architect,PhD,0.0,155946.78
AI Researcher,Master,2.4,163128.83
Data Scientist,Bachelor,0.0,119074.92
AI Researcher,Bachelor,2.5,169113.66
Software Engineer,Master,0.8,117390.07
ML Engineer,Master,3.2,167914.19
Software Engineer,PhD,2.7,161163.83
Backend Developer,Bachelor,3.3,143310.76
AI Researcher,High School,1.3,150783.19
AI Researcher,PhD,2.0,175216.59
Data Scientist,Bachelor,1.9,143876.61
Data Scientist,Bachelor,3.0,155317.32
AI Researcher,Bachelor,3.7,179999.38
Backend Developer,Bachelor,3.3,124569.22
Data Engineer,Bachelor,2.1,131344.04
Software Engineer,Master,0.4,110911.44
Software Engineer,PhD,1.7,134400.84
AI Researcher,Master,0.4,139754.62
Software Engineer,Master,2.9,144407.61
Data Engineer,Bachelor,2.7,151255.61
Software Engineer,High School,0.9,119595.81
Data Engineer,Bachelor,1.4,123339.74
Cloud Architect,Bachelor,0.9,147650.0
Data Engineer,Bachelor,0.0,116130.64
Data Engineer,PhD,0.3,128113.08
Data Scientist,PhD,2.1,156897.28
Data Scientist,Master,0.4,129066.79
Backend Developer,PhD,2.8,140524.14
Data Scientist,Bachelor,1.2,128139.59
DevOps Engineer,PhD,0.7,117332.64
ML Engineer,PhD,0.9,153542.61
ML Engineer,Master,0.1,132628.96
Data Engineer,High School,3.8,157310.42
ML Engineer,Bachelor,0.0,123151.38
Backend Developer,Master,2.6,124511.0
ML Engineer,PhD,0.0,152112.1
Cloud Architect,Bachelor,0.8,152246.33
Data Engineer,Bachelor,1.5,131576.35
Data Engineer,Master,0.5,126631.52
Data Engineer,Bachelor,0.9,117051.99
Data Scientist,High School,2.1,146637.93
Backend Developer,Bachelor,1.6,116917.79
Software Engineer,Master,3.9,148347.19
Cloud Architect,Master,1.2,154974.99
Backend Developer,Master,4.5,146815.16
Data Engineer,PhD,0.9,123539.28
Data Scientist,High School,1.7,141385.69
AI Researcher,Master,1.6,153186.5
Software Engineer,Master,0.6,115476.21
Backend Developer,Bachelor,3.4,133510.62
Cloud Architect,Bachelor,1.0,152835.88
Data Engineer,Bachelor,4.1,169340.12
DevOps Engineer,Bachelor,1.3,111802.28
Software Engineer,PhD,1.1,126798.97
Cloud Architect,PhD,0.6,163787.9
Backend Developer,Bachelor,0.0,105573.66
DevOps Engineer,Bachelor,0.1,105467.42
Backend Developer,Bachelor,3.0,140104.86
DevOps Engineer,Bachelor,4.9,155146.29
DevOps Engineer,PhD,1.6,135719.82
Software Engineer,Master,2.1,132857.72
DevOps Engineer,Master,4.3,150845.62
Software Engineer,High School,0.2,110668.73
ML Engineer,Bachelor,3.1,166816.65
Cloud Architect,Master,3.3,190670.17
Backend Developer,Bachelor,2.4,108369.65
AI Researcher,Master,0.0,131099.79
Backend Developer,Bachelor,4.6,144963.11
Data Engineer,Bachelor,5.2,174881.93
Data Engineer,High School,3.1,149361.99
AI Researcher,Bachelor,2.0,158746.07
AI Researcher,PhD,0.7,153718.54
DevOps Engineer,Bachelor,4.2,146188.73
ML Engineer,High School,3.1,172084.51
Software Engineer,Bachelor,3.1,146682.86
Backend Developer,Master,4.3,136343.92
DevOps Engineer,Master,2.5,139890.81
Data Engineer,PhD,1.3,143501.74
Software Engineer,Bachelor,1.7,132044.8
Software Engineer,Bachelor,0.0,118392.61
DevOps Engineer,PhD,3.4,154727.64
DevOps Engineer,Bachelor,1.7,114792.15
DevOps Engineer,PhD,3.4,151239.13
Data Engineer,Master,0.2,121059.14
ML Engineer,Bachelor,1.3,146390.45
AI Researcher,Bachelor,3.0,183977.72
Data Scientist,Bachelor,0.5,133152.98
Software Engineer,Bachelor,0.0,103959.87
Software Engineer,Master,0.5,109198.52
Data Engineer,Master,2.6,142992.59
AI Researcher,Bachelor,2.3,165450.74
Data Scientist,PhD,1.8,146721.93
DevOps Engineer,High School,2.7,134642.46
Software Engineer,Bachelor,1.3,122712.55
Data Engineer,Bachelor,0.0,108483.96
Data Scientist,PhD,0.6,133022.17
ML Engineer,Bachelor,0.7,139947.49
DevOps Engineer,PhD,2.4,140610.42
Data Engineer,Bachelor,1.6,129141.5
Backend Developer,Bachelor,0.3,105564.49
Software Engineer,Bachelor,2.1,139378.63
Software Engineer,PhD,2.8,143907.24
Backend Developer,Master,0.2,103328.86
ML Engineer,Bachelor,2.5,165821.63
DevOps Engineer,Master,2.7,129851.0
Cloud Architect,PhD,2.4,183102.49
ML Engineer,Bachelor,3.6,176015.72
ML Engineer,Bachelor,0.9,146212.86
DevOps Engineer,Bachelor,0.0,105463.24
Data Scientist,Master,0.4,125339.61
Backend Developer,Bachelor,0.9,110157.6
Backend Developer,Master,0.3,102990.36
Software Engineer,Bachelor,2.3,131477.02
Backend Developer,High School,0.9,110751.43
ML Engineer,Bachelor,4.9,204014.59
Backend Developer,Bachelor,2.4,124970.55
Cloud Architect,Master,4.1,193906.99
Cloud Architect,PhD,5.3,225376.45
Data Scientist,Bachelor,2.9,157834.28
DevOps Engineer,Master,2.4,125295.11
ML Engineer,PhD,3.1,188528.5
AI Researcher,Bachelor,4.1,193196.05
AI Researcher,Bachelor,1.4,157855.38
Software Engineer,Master,0.8,114630.91
Software Engineer,Bachelor,1.6,122517.87
ML Engineer,PhD,1.0,149626.32
Cloud Architect,Master,2.5,179807.91
Software Engineer,PhD,3.0,150871.02
AI Researcher,Master,4.2,189293.46
Backend Developer,High School,3.7,130856.84
Backend Developer,Bachelor,1.8,112488.84
Cloud Architect,Master,0.4,144634.09
Data Scientist,Bachelor,0.4,129207.79
ML Engineer,Bachelor,1.6,147096.08
Data Engineer,Bachelor,1.4,123971.81
Cloud Architect,Bachelor,4.0,195553.97
ML Engineer,Master,3.4,173076.89
Data Scientist,High School,0.5,124827.42
Cloud Architect,Bachelor,3.5,184376.64
ML Engineer,Bachelor,3.6,176871.89
Data Scientist,Bachelor,3.6,162700.44
Cloud Architect,High School,2.3,177862.45
Cloud Architect,Master,2.5,168355.04
ML Engineer,Master,3.1,159678.4
Data Engineer,PhD,2.5,161218.52
ML Engineer,Master,2.1,154536.8
Software Engineer,Bachelor,2.1,134979.8
Software Engineer,Bachelor,1.0,126118.49
Software Engineer,Bachelor,1.2,123379.69
AI Researcher,Bachelor,1.0,141217.28
AI Researcher,Master,1.9,163517.2
DevOps Engineer,High School,0.8,112671.68
Backend Developer,Bachelor,3.6,132809.71
Data Scientist,Master,1.4,135932.98
Software Engineer,Master,2.8,140001.36
ML Engineer,Bachelor,2.8,164262.44
Data Engineer,Master,0.6,116679.21
Data Scientist,Master,2.2,151019.91
Cloud Architect,Bachelor,0.0,143314.87
Data Scientist,Master,1.8,138714.16
ML Engineer,Bachelor,4.1,177076.92
AI Researcher,Bachelor,1.8,159998.27
DevOps Engineer,Bachelor,1.4,123132.57
Cloud Architect,PhD,1.0,168664.78
Cloud Architect,Master,1.3,164768.43
DevOps Engineer,High School,2.0,124607.4
Data Engineer,Bachelor,0.0,112997.71
Data Scientist,PhD,2.0,145751.98
Software Engineer,Master,2.3,136498.84
ML Engineer,Bachelor,3.4,173876.03
Software Engineer,Bachelor,0.5,117885.65
Data Engineer,Bachelor,4.2,163359.35
ML Engineer,PhD,0.3,148365.89
Backend Developer,PhD,3.2,147673.52
Data Scientist,PhD,2.1,153022.39
Cloud Architect,Master,2.7,178250.71
AI Researcher,High School,3.1,170846.11
Data Scientist,Bachelor,0.0,117201.17
ML Engineer,Bachelor,1.4,138879.23
Cloud Architect,Master,2.1,166117.53
Data Scientist,Master,0.8,123751.21
Backend Developer,PhD,1.4,112397.47
DevOps Engineer,Master,1.1,115644.39
ML Engineer,Master,1.1,152466.5
ML Engineer,Master,3.2,169336.53
AI Researcher,Bachelor,3.8,195150.44
AI Researcher,Master,1.6,153741.03
DevOps Engineer,Bachelor,4.4,151560.54
Cloud Architect,PhD,3.3,196104.03
Software Engineer,Master,1.9,124205.79
DevOps Engineer,Bachelor,3.2,140160.81
Cloud Architect,Bachelor,3.1,192522.77
Data Scientist,Bachelor,3.5,171484.57
Data Engineer,Bachelor,2.7,146559.66
ML Engineer,Master,0.8,142072.17
Cloud Architect,PhD,3.5,195358.17
Cloud Architect,Bachelor,3.0,176648.97
Data Scientist,Master,0.1,114433.43
Backend Developer,High School,2.5,123150.14
Backend Developer,Master,0.6,110647.08
Cloud Architect,Master,0.1,136148.18
Data Engineer,Bachelor,1.3,132708.81
AI Researcher,Master,1.0,136404.27
Cloud Architect,Bachelor,2.5,178755.58
ML Engineer,Bachelor,2.8,167384.27
Software Engineer,Master,2.7,139560.67
Data Engineer,Bachelor,2.2,143002.83
DevOps Engineer,High School,3.7,138116.81
Data Scientist,Bachelor,0.0,114615.55
ML Engineer,Bachelor,2.4,160178.71
Data Scientist,Master,0.8,129554.24
AI Researcher,Bachelor,1.8,155550.28
Data Engineer,Master,2.2,129597.57
ML Engineer,Master,1.6,145805.8
Data Engineer,Bachelor,1.0,127664.28
Data Engineer,PhD,3.6,170815.56
ML Engineer,PhD,2.6,164518.54
Data Engineer,PhD,1.8,150100.36
Software Engineer,Bachelor,4.0,157383.79
Cloud Architect,Master,0.0,140887.62
Data Engineer,Master,2.3,139537.68
Backend Developer,Bachelor,2.0,110663.56
DevOps Engineer,High School,3.2,144048.75
Data Engineer,Bachelor,2.3,144381.4
Data Engineer,Bachelor,1.6,130738.08
ML Engineer,Bachelor,0.0,127318.93
Software Engineer,Master,1.8,124119.69
Backend Developer,PhD,2.9,140454.93
ML Engineer,Bachelor,0.2,132407.8
Backend Developer,Master,0.0,100337.02
ML Engineer,High School,1.3,151666.29
Cloud Architect,Bachelor,1.7,161539.29
Data Engineer,Bachelor,2.4,140240.64
Data Scientist,Bachelor,1.3,133239.61
Data Scientist,Bachelor,4.0,159196.71
AI Researcher,Bachelor,2.1,165137.55
AI Researcher,Bachelor,2.3,162683.45
Software Engineer,Master,2.0,128081.73
Cloud Architect,Bachelor,0.0,136570.37
DevOps Engineer,Bachelor,4.8,158255.7
Data Scientist,Bachelor,2.3,149674.72
Data Engineer,Bachelor,0.0,121433.88
Software Engineer,Master,0.0,111056.34
Backend Developer,Master,1.8,113129.78
Software Engineer,Bachelor,2.9,143682.22
Data Engineer,Bachelor,0.2,112221.99
Data Scientist,High School,1.3,122620.78
Data Scientist,Bachelor,1.8,133714.21
ML Engineer,Bachelor,1.5,151663.53
AI Researcher,Master,2.5,169615.59
Software Engineer,Master,0.4,116508.73
Cloud Architect,High School,3.4,177847.49
Backend Developer,Master,4.9,142517.29
ML Engineer,Master,2.2,156243.07
Data Scientist,Bachelor,2.3,152280.97
Data Scientist,High School,3.1,159055.58
Data Engineer,Bachelor,1.6,131306.02
Software Engineer,PhD,1.3,131658.18
ML Engineer,High School,3.2,179619.01
Data Scientist,Bachelor,3.1,151944.07
Backend Developer,Master,0.6,97013.59
Data Engineer,Master,2.4,143405.65
Data Scientist,PhD,0.0,136283.07
Data Scientist,Bachelor,4.7,176241.08
Data Engineer,Bachelor,3.4,148065.54
DevOps Engineer,PhD,1.7,139516.35
Data Engineer,PhD,0.3,123535.46
Cloud Architect,PhD,4.5,215211.95
Backend Developer,PhD,4.4,156582.43
ML Engineer,Bachelor,2.6,162609.39
Backend Developer,Master,1.0,111653.25
Backend Developer,Bachelor,0.0,101510.7
ML Engineer,High School,2.2,156235.61
Data Engineer,PhD,1.6,141046.68
AI Researcher,PhD,3.6,199321.17
Backend Developer,Bachelor,2.5,122248.96
Cloud Architect,Bachelor,1.2,158569.3
Cloud Architect,PhD,2.7,190138.61
Data Engineer,High School,0.0,115014.33
Data Engineer,Bachelor,3.4,151314.43
Data Engineer,Master,0.0,114923.1
Software Engineer,High School,3.6,148159.59
ML Engineer,Bachelor,5.0,188916.68
Software Engineer,Bachelor,1.4,120099.62
DevOps Engineer,PhD,4.8,176633.59
DevOps Engineer,Bachelor,1.9,128045.92
Cloud Architect,Bachelor,1.8,163284.33
Data Scientist,Master,3.0,155712.97
ML Engineer,PhD,1.1,152020.71
AI Researcher,Bachelor,1.3,154346.37
Software Engineer,Bachelor,0.0,110214.91
Data Scientist,Bachelor,3.6,159239.02
Cloud Architect,Bachelor,4.4,203417.52
Data Scientist,Bachelor,1.3,135647.89
Cloud Architect,Bachelor,4.7,216241.97
Software Engineer,Master,0.0,109396.61
Software Engineer,High School,3.2,151470.09
Data Scientist,Bachelor,2.1,148806.97
Data Engineer,Master,0.0,115765.55
AI Researcher,Bachelor,0.0,136144.25
ML Engineer,Master,1.2,141943.25
Cloud Architect,Bachelor,0.5,154494.12
AI Researcher,PhD,0.8,146615.8
Backend Developer,Bachelor,1.4,109372.49
Data Scientist,Bachelor,0.0,123995.94
Cloud Architect,PhD,0.5,158612.93
Data Scientist,Master,0.2,120716.6
AI Researcher,Master,3.1,186162.2
DevOps Engineer,Bachelor,2.4,121778.44
Data Engineer,Bachelor,3.0,148521.38
ML Engineer,High School,2.7,170260.57
Data Scientist,PhD,2.6,154015.92
Data Scientist,Master,0.0,125877.92
AI Researcher,PhD,1.1,164023.36
DevOps Engineer,High School,1.6,125081.01
Backend Developer,Bachelor,3.7,138137.59
Backend Developer,PhD,0.7,120145.18
Backend Developer,Bachelor,1.6,120208.63
Data Scientist,Master,2.6,162516.64
ML Engineer,Master,1.8,147887.59
Data Engineer,Master,2.9,143054.04
DevOps Engineer,Bachelor,3.3,128843.45
Data Engineer,Bachelor,1.9,134083.82
ML Engineer,Master,2.9,163050.6
Backend Developer,Bachelor,1.0,114262.69
ML Engineer,Master,3.1,175520.46
DevOps Engineer,Master,0.9,115800.05
Software Engineer,Master,2.1,131093.16
AI Researcher,Bachelor,2.7,164819.47
AI Researcher,Bachelor,1.9,162954.03
Backend Developer,Bachelor,1.9,117197.4
Data Engineer,Bachelor,2.6,153733.33
DevOps Engineer,Master,2.3,127079.38
Data Engineer,Bachelor,4.3,163222.53
DevOps Engineer,Bachelor,1.8,123562.88
Data Engineer,Bachelor,0.5,125217.85
Data Engineer,PhD,4.8,175061.38
DevOps Engineer,Master,3.0,131091.95
Data Scientist,Master,3.6,162931.55
Backend Developer,Bachelor,0.0,89924.29
Backend Developer,Bachelor,3.9,135087.86
AI Researcher,PhD,3.0,190280.28
Data Scientist,Master,0.8,127530.92
Data Engineer,Master,1.8,145565.88
Backend Developer,Master,2.8,133385.22
Cloud Architect,High School,4.1,205333.45
Data Engineer,PhD,0.4,125180.85
Backend Developer,Bachelor,0.0,94581.81
DevOps Engineer,Bachelor,3.4,142817.13
AI Researcher,Bachelor,0.0,132905.62
Backend Developer,Master,3.1,138583.51
Software Engineer,Master,0.0,106179.48
Software Engineer,Bachelor,2.8,139732.53
ML Engineer,Master,2.0,155289.35
Cloud Architect,Bachelor,2.2,170626.63
Data Scientist,PhD,0.9,140256.78
Data Scientist,Bachelor,0.0,120610.61
ML Engineer,Master,0.9,150044.84
Data Engineer,Bachelor,1.8,141893.66
Data Scientist,Bachelor,0.0,112491.91
Backend Developer,High School,3.9,142165.54
Cloud Architect,Bachelor,4.5,200459.25
Data Engineer,PhD,1.4,142097.87
AI Researcher,High School,2.1,163044.64
ML Engineer,Bachelor,2.5,159338.01
Data Engineer,High School,0.0,120778.87
DevOps Engineer,Master,0.2,104214.58
Cloud Architect,Master,2.2,177787.26
AI Researcher,Bachelor,0.2,142540.33
AI Researcher,PhD,2.9,188446.46
Software Engineer,Bachelor,2.4,133018.1
Backend Developer,Bachelor,2.3,116955.19
AI Researcher,Bachelor,1.5,154363.1
DevOps Engineer,PhD,2.1,147585.86
Backend Developer,Bachelor,2.4,113493.42
Cloud Architect,Master,3.5,190857.05
ML Engineer,Bachelor,3.7,179495.1
Data Engineer,Bachelor,1.8,133364.0
Cloud Architect,Bachelor,0.0,135406.29
ML Engineer,High School,2.4,165053.96
ML Engineer,Bachelor,2.3,167136.94
Software Engineer,Bachelor,0.0,109915.06
AI Researcher,Master,2.4,168638.56
Data Scientist,Master,2.0,140066.2
Backend Developer,Master,4.6,151485.47
AI Researcher,Bachelor,4.6,189727.12
Backend Developer,PhD,2.3,132421.97
Data Engineer,PhD,3.3,163635.43
Software Engineer,Bachelor,1.7,128254.74
Cloud Architect,Bachelor,1.5,153239.0
Backend Developer,Bachelor,1.1,106873.4
Backend Developer,Master,3.3,127271.21
Backend Developer,Master,1.7,109836.75
ML Engineer,Bachelor,1.7,154056.43
AI Researcher,High School,2.8,168461.91
Data Scientist,PhD,0.0,137711.05
ML Engineer,PhD,3.1,193063.51
AI Researcher,Bachelor,4.4,199524.76
Software Engineer,Bachelor,1.2,127776.68
Software Engineer,Bachelor,2.7,142088.89
DevOps Engineer,PhD,0.0,119622.14
Data Engineer,Bachelor,3.3,153468.47
Backend Developer,Bachelor,0.0,85707.54
DevOps Engineer,High School,0.5,109002.88
DevOps Engineer,Bachelor,2.9,129650.08
AI Researcher,Bachelor,3.9,183047.82
ML Engineer,High School,1.2,153458.88
DevOps Engineer,PhD,1.4,128576.54
ML Engineer,PhD,1.8,167823.06
Backend Developer,Master,2.6,130036.94
Software Engineer,PhD,0.9,134899.74
DevOps Engineer,Bachelor,0.8,120163.51
AI Researcher,Master,0.1,138111.45
AI Researcher,Bachelor,0.0,128271.89
Data Engineer,Bachelor,0.9,121757.95
AI Researcher,High School,2.4,168631.02
AI Researcher,Bachelor,0.0,133757.83
ML Engineer,High School,0.4,136753.13
Data Scientist,High School,1.8,138968.43
Cloud Architect,Bachelor,2.4,172635.57
AI Researcher,Bachelor,2.3,156389.63
DevOps Engineer,High School,1.7,128572.88
Software Engineer,Master,1.3,133651.43
Software Engineer,Master,2.0,127017.44
Data Scientist,Master,4.6,174780.49
DevOps Engineer,Bachelor,0.7,111506.54
Data Scientist,Bachelor,0.8,120463.33
ML Engineer,Master,0.5,135977.32
Cloud Architect,Master,0.0,137555.29
DevOps Engineer,PhD,2.8,147363.51
Software Engineer,Bachelor,1.3,129781.36
Data Scientist,Bachelor,2.7,161109.95
Backend Developer,Master,2.1,120819.77
Software Engineer,Master,1.5,130179.16
Software Engineer,Bachelor,1.8,135227.56
Backend Developer,Bachelor,2.3,129757.67
Software Engineer,High School,3.1,148800.78
Cloud Architect,Master,3.3,180477.5
Data Scientist,Master,0.6,131207.31
Backend Developer,Master,0.0,98811.24
Software Engineer,Master,2.2,137646.24
Data Scientist,PhD,1.8,151270.32
Backend Developer,PhD,0.0,112657.23
Data Scientist,Bachelor,0.6,124883.53
AI Researcher,Bachelor,3.2,172822.6
Software Engineer,Bachelor,2.4,136789.76
DevOps Engineer,Master,0.9,113301.88
Data Scientist,High School,2.3,141448.16
Cloud Architect,Master,3.7,196732.89
ML Engineer,Master,0.0,128267.04
Data Scientist,Bachelor,1.1,128124.16
DevOps Engineer,PhD,2.1,144719.37
Software Engineer,Bachelor,0.6,113706.03
Software Engineer,Bachelor,1.6,132899.38
Cloud Architect,Bachelor,3.6,185322.07
Data Engineer,Bachelor,0.6,119310.67
Data Scientist,PhD,1.4,144097.93
Software Engineer,Bachelor,1.4,117122.52
Data Scientist,Bachelor,2.2,145222.51
Cloud Architect,High School,4.7,199022.46
AI Researcher,Master,3.0,177184.56
Data Engineer,Bachelor,0.2,114559.94
DevOps Engineer,Bachelor,0.5,112493.04
Backend Developer,PhD,1.7,127183.29
Data Engineer,Master,0.5,111903.52
Backend Developer,Bachelor,2.4,119630.75
Cloud Architect,Master,2.6,177985.24
Data Engineer,Master,4.1,166631.84
Data Scientist,Bachelor,0.0,115738.33
DevOps Engineer,Master,3.8,152028.36
Backend Developer,PhD,0.3,114916.75
Data Scientist,Master,3.8,171505.72
Data Engineer,PhD,1.2,142849.46
AI Researcher,Bachelor,2.4,170876.83
Software Engineer,High School,0.0,112166.39
Backend Developer,Bachelor,2.8,127700.06
ML Engineer,Master,4.6,185899.57
Cloud Architect,Bachelor,1.5,156067.75
ML Engineer,Master,3.5,175372.11
ML Engineer,Master,1.1,147824.6
DevOps Engineer,Master,0.8,115286.99
Data Engineer,PhD,3.5,166173.52
Cloud Architect,Master,3.0,174995.85
Software Engineer,PhD,1.6,137942.5
DevOps Engineer,PhD,4.9,169461.14
Data Scientist,Master,2.7,153489.85
Data Engineer,High School,0.0,111750.39
Data Scientist,Master,2.5,157976.24
Cloud Architect,PhD,5.3,231873.54
DevOps Engineer,Master,1.6,123114.44
Backend Developer,PhD,3.1,143482.13
Backend Developer,High School,1.7,110557.59
Software Engineer,Bachelor,1.4,122275.75
AI Researcher,PhD,3.8,205449.97
Software Engineer,High School,1.0,122853.95
Backend Developer,Master,2.1,122381.75
AI Researcher,PhD,4.8,213571.42
Data Engineer,Bachelor,1.6,138638.44
ML Engineer,Master,1.8,148037.79
Cloud Architect,Master,1.8,161620.93
Data Scientist,High School,1.8,140191.98
Software Engineer,PhD,2.9,156463.15
Backend Developer,Bachelor,1.8,114928.69
DevOps Engineer,Bachelor,2.5,134824.14
Cloud Architect,PhD,0.0,149753.36
Software Engineer,High School,3.2,141669.49
Software Engineer,Master,4.0,157117.59
Data Engineer,High School,3.2,152967.65
Data Engineer,Bachelor,4.9,174366.11
AI Researcher,PhD,0.4,145163.53
DevOps Engineer,Bachelor,3.5,141909.16
DevOps Engineer,Bachelor,2.1,130202.77
DevOps Engineer,Bachelor,0.0,106956.21
Software Engineer,PhD,4.3,170260.76
Data Scientist,Master,1.1,137320.77
ML Engineer,High School,0.0,134768.58
DevOps Engineer,Master,5.4,161811.09
AI Researcher,High School,1.0,149956.87
Software Engineer,Bachelor,0.6,112480.75
Data Engineer,PhD,0.6,130013.04
Cloud Architect,Bachelor,3.0,184913.83
Cloud Architect,Master,2.5,172150.75
Data Engineer,Bachelor,1.0,131710.28
Data Scientist,Bachelor,3.2,164830.46
ML Engineer,High School,0.8,144400.64
Cloud Architect,High School,2.9,182352.9
ML Engineer,Bachelor,1.7,149362.68
AI Researcher,Master,1.4,149730.23
Backend Developer,Bachelor,2.9,125500.34
DevOps Engineer,Bachelor,3.7,148927.71
DevOps Engineer,PhD,3.8,157888.3
Cloud Architect,Master,4.8,207319.76
Data Scientist,Bachelor,1.9,134640.59
Backend Developer,Master,2.6,132231.14
DevOps Engineer,Bachelor,4.4,154666.78
Data Scientist,PhD,3.4,173754.99
AI Researcher,Bachelor,0.0,141793.49
Data Engineer,Master,2.0,134738.31
Data Engineer,Bachelor,4.1,168921.27
Data Scientist,High School,0.3,128152.37
Software Engineer,Master,2.9,138800.79
Backend Developer,PhD,0.1,111095.17
Cloud Architect,Master,1.6,164789.39
Data Scientist,High School,2.7,145642.83
Backend Developer,Master,0.9,107794.51
AI Researcher,Bachelor,1.4,155751.54
DevOps Engineer,Bachelor,2.6,128031.22
Data Scientist,PhD,5.2,193102.67
AI Researcher,Bachelor,3.9,191298.37
AI Researcher,Bachelor,0.0,133842.25
Data Scientist,Master,1.0,118394.35
Cloud Architect,Bachelor,1.4,166200.14
AI Researcher,PhD,0.0,148462.94
DevOps Engineer,Master,1.0,113662.38
DevOps Engineer,Bachelor,2.5,126044.14
ML Engineer,Bachelor,0.9,146300.21
Software Engineer,Bachelor,0.2,111450.58
Backend Developer,Master,1.9,112526.44
Cloud Architect,Bachelor,0.0,146718.68
Software Engineer,Bachelor,2.8,139156.93
Software Engineer,Bachelor,3.3,156917.18
ML Engineer,Bachelor,0.0,132580.97
Software Engineer,Bachelor,3.9,151405.49
AI Researcher,Master,0.0,136092.11
AI Researcher,Bachelor,1.3,147018.17
Cloud Architect,Master,3.3,187504.2
AI Researcher,PhD,0.3,154538.15
Software Engineer,Bachelor,0.7,126089.23
AI Researcher,High School,2.5,180453.35
DevOps Engineer,Bachelor,4.0,144625.8
AI Researcher,Master,3.4,185414.03
Backend Developer,PhD,4.0,147167.34
DevOps Engineer,PhD,4.7,155217.67
Cloud Architect,Master,0.9,146885.77
Backend Developer,Bachelor,1.3,107183.8
Backend Developer,PhD,1.5,128635.4
ML Engineer,Master,0.0,126454.86
Cloud Architect,Bachelor,0.5,148149.49
Data Scientist,Bachelor,3.8,176752.09
Data Engineer,Master,1.8,125176.78
AI Researcher,PhD,2.1,179225.76
Software Engineer,PhD,1.8,146024.42
Software Engineer,PhD,0.5,126382.37
Software Engineer,Master,1.4,130651.12
Data Engineer,High School,1.2,128304.01
DevOps Engineer,Master,1.3,128829.65
Data Engineer,Bachelor,0.0,120837.7
Software Engineer,PhD,3.5,158411.91
Backend Developer,Master,1.6,117032.54
Data Scientist,Bachelor,1.1,137573.06
ML Engineer,Master,1.2,140717.95
DevOps Engineer,PhD,2.4,137025.35
DevOps Engineer,Bachelor,1.3,118300.7
Data Scientist,Master,2.5,151575.03
Data Engineer,Master,2.5,155510.99
Data Engineer,Master,3.6,151023.26
DevOps Engineer,PhD,2.2,139501.78
ML Engineer,Master,0.0,134382.95
DevOps Engineer,Bachelor,3.2,136979.09
Data Scientist,Master,2.3,154757.4
Backend Developer,Master,2.6,128890.37
AI Researcher,Bachelor,0.9,149410.65
Data Engineer,High School,3.0,142538.33
Cloud Architect,PhD,3.2,201012.04
ML Engineer,Bachelor,0.3,134743.26
Software Engineer,Bachelor,1.9,125724.72
Data Engineer,PhD,1.3,145599.55
Backend Developer,Bachelor,2.7,130051.52
Cloud Architect,Master,3.2,188648.04
Software Engineer,Master,3.1,142762.15
AI Researcher,Master,0.0,133145.31
Data Scientist,PhD,3.6,173140.98
ML Engineer,PhD,4.5,208106.87
AI Researcher,Bachelor,3.4,181231.77
Software Engineer,PhD,1.0,131754.01
AI Researcher,PhD,0.6,155533.71
ML Engineer,Master,0.1,130896.57
DevOps Engineer,PhD,1.6,135652.88
AI Researcher,Master,1.2,149653.75
Software Engineer,Master,2.6,132949.12
Data Engineer,Master,1.7,138746.53
Data Scientist,High School,1.7,133635.39
Software Engineer,Bachelor,1.4,125675.56
AI Researcher,Master,2.4,177857.79
ML Engineer,Master,2.7,162208.68
DevOps Engineer,Master,2.5,135034.08
Software Engineer,Master,0.2,108717.84
ML Engineer,PhD,4.2,194241.72
Software Engineer,Master,2.6,138239.86
DevOps Engineer,Bachelor,1.8,123281.09
AI Researcher,PhD,1.0,155875.35
Cloud Architect,Bachelor,2.7,178290.06
Cloud Architect,Bachelor,0.6,143673.04
ML Engineer,Master,2.7,163994.83
Data Scientist,PhD,2.1,150968.8
Cloud Architect,Bachelor,3.6,186097.42
Backend Developer,PhD,0.7,116345.18
Data Engineer,High School,3.1,155159.54
DevOps Engineer,Bachelor,0.4,116279.57
ML Engineer,PhD,1.1,160463.45
Data Engineer,PhD,2.0,149965.3
Data Scientist,Master,0.0,113659.87
ML Engineer,Master,3.6,177811.27
Data Engineer,Master,3.2,150087.92
Data Scientist,High School,2.8,159178.1
AI Researcher,Master,1.1,152536.34
ML Engineer,Master,2.8,156840.14
Data Engineer,Bachelor,3.2,152435.3
DevOps Engineer,Bachelor,2.8,134533.49
Cloud Architect,Bachelor,1.0,155467.24
ML Engineer,PhD,1.9,178655.73
Cloud Architect,Master,2.4,179243.48
DevOps Engineer,Master,2.8,131253.85
DevOps Engineer,Bachelor,2.3,133276.74
Data Scientist,Bachelor,0.6,128971.33
Backend Developer,PhD,0.0,106301.51
Software Engineer,Master,2.1,117919.81
DevOps Engineer,Master,0.5,102636.56
Backend Developer,Bachelor,1.6,113155.16
Software Engineer,PhD,0.0,117922.35
Data Scientist,Bachelor,2.4,148850.73
AI Researcher,Bachelor,3.1,173602.1
Data Engineer,Master,3.7,163527.98
Cloud Architect,Master,3.0,185152.22
Software Engineer,Bachelor,2.4,137380.31
ML Engineer,Bachelor,4.2,182829.63
DevOps Engineer,Bachelor,0.0,108069.72
AI Researcher,Master,0.8,149909.9
DevOps Engineer,Master,2.4,136682.65
Backend Developer,Master,0.3,108724.02
AI Researcher,High School,3.5,190631.51
Data Engineer,PhD,0.9,136712.81
Backend Developer,PhD,1.3,116260.66
ML Engineer,Master,2.8,164759.51
DevOps Engineer,PhD,2.0,133406.76
AI Researcher,Bachelor,2.7,171983.17
ML Engineer,Master,1.6,159013.93
Data Engineer,Master,0.4,124205.94
AI Researcher,PhD,3.6,185196.71
DevOps Engineer,PhD,0.5,117714.5
AI Researcher,PhD,1.2,165032.89
Backend Developer,Bachelor,0.2,97613.25
Data Scientist,PhD,1.4,155637.68
ML Engineer,Bachelor,1.9,156890.02
AI Researcher,PhD,0.1,149000.74
DevOps Engineer,PhD,2.4,141826.43
AI Researcher,Bachelor,1.6,152272.93
DevOps Engineer,Bachelor,0.0,115564.34
Software Engineer,Master,1.8,128966.87
Software Engineer,High School,2.3,135620.72
ML Engineer,PhD,1.8,166313.39
Software Engineer,PhD,0.0,126052.53
DevOps Engineer,Bachelor,0.5,110835.08
Data Scientist,Master,2.4,148818.07
ML Engineer,Master,1.3,142994.48
Cloud Architect,Master,3.6,186325.76
AI Researcher,High School,0.3,145938.23
Software Engineer,High School,4.0,166761.67
Data Engineer,High School,3.1,149543.33
DevOps Engineer,PhD,2.1,128512.44
DevOps Engineer,High School,3.0,136699.68
Software Engineer,High School,2.0,131477.11
Cloud Architect,Bachelor,3.8,185967.4
Data Scientist,Bachelor,3.0,156097.77
Software Engineer,PhD,4.9,187066.2
Cloud Architect,Bachelor,1.6,167428.91
Software Engineer,Bachelor,1.1,122784.29
Data Scientist,Bachelor,0.0,120136.81
Backend Developer,Bachelor,2.3,121144.42
ML Engineer,Master,2.5,161346.3
Data Scientist,High School,1.8,139652.12
Data Scientist,Master,2.4,153548.47
Cloud Architect,Bachelor,1.3,153830.52
ML Engineer,PhD,3.1,180732.0
Data Engineer,High School,1.9,134938.97
Data Engineer,Master,0.4,119880.85
Backend Developer,PhD,1.5,118685.76
Software Engineer,Bachelor,2.8,146345.78
Data Engineer,Master,3.0,151406.6
DevOps Engineer,Bachelor,3.0,139399.21
Cloud Architect,Bachelor,2.2,174573.01
DevOps Engineer,Bachelor,4.4,152308.25
Data Engineer,PhD,3.2,166617.32
Data Engineer,Bachelor,2.9,142787.06
DevOps Engineer,High School,0.6,96756.33
Data Scientist,Bachelor,2.5,147893.17
ML Engineer,Master,2.1,157261.02
Data Engineer,High School,4.3,162822.23
Data Scientist,Bachelor,0.7,119480.61
Data Scientist,Master,3.0,156192.74
Backend Developer,High School,4.0,139315.21
Backend Developer,Bachelor,0.5,107644.45
DevOps Engineer,PhD,1.2,125247.74
Software Engineer,Master,1.7,135307.3
Cloud Architect,Master,3.1,176494.55
DevOps Engineer,Master,0.7,112907.53
Backend Developer,PhD,0.2,118851.82
Data Scientist,Master,0.1,118031.62
ML Engineer,High School,1.4,149191.61
Software Engineer,PhD,2.5,156079.18
Backend Developer,PhD,0.0,111752.4
DevOps Engineer,Bachelor,1.8,117361.41
ML Engineer,PhD,1.0,153714.7
Data Engineer,Master,0.5,121544.4
Data Engineer,Bachelor,2.5,143500.79
Cloud Architect,PhD,1.2,172725.34
DevOps Engineer,High School,1.9,130323.7
Backend Developer,Bachelor,2.6,123966.93
AI Researcher,PhD,0.5,163934.14
AI Researcher,Bachelor,0.5,134519.58
Data Engineer,Master,3.4,156081.49
Data Engineer,PhD,2.5,144417.69
DevOps Engineer,PhD,5.7,172754.97
Software Engineer,High School,1.3,130368.39
AI Researcher,Master,1.1,156370.87
AI Researcher,PhD,0.6,169028.0
Backend Developer,Bachelor,0.7,114539.52
AI Researcher,Master,0.6,136961.16
ML Engineer,Bachelor,2.7,160037.83
DevOps Engineer,Master,3.6,142009.32
Data Engineer,Bachelor,2.3,144926.38
Cloud Architect,PhD,5.4,234982.63
Data Engineer,Master,2.0,142716.89
AI Researcher,Master,2.4,172870.62
Data Engineer,PhD,1.2,134544.23
ML Engineer,Bachelor,0.0,126006.91
Cloud Architect,PhD,2.7,187515.57
Data Engineer,PhD,2.2,157329.55
DevOps Engineer,PhD,2.3,145008.68
Data Engineer,Bachelor,1.8,140970.61
ML Engineer,Bachelor,1.9,153822.89
Data Scientist,Bachelor,1.4,127701.32
Backend Developer,Master,3.8,138906.12
AI Researcher,Master,2.2,162247.99
Data Scientist,Bachelor,1.3,135024.3
Backend Developer,Master,0.4,108141.95
ML Engineer,PhD,1.7,166494.1
DevOps Engineer,Bachelor,3.2,137768.93
ML Engineer,Master,0.4,127557.14
DevOps Engineer,High School,3.0,137331.35
Cloud Architect,Master,3.3,178971.97
ML Engineer,High School,1.4,151723.4
DevOps Engineer,High School,1.1,116235.5
ML Engineer,Bachelor,1.8,156699.68
Data Engineer,PhD,3.3,168242.01
Software Engineer,PhD,2.0,145943.63
Data Engineer,High School,2.2,141343.69
Backend Developer,Master,3.4,135470.57
Software Engineer,PhD,3.3,156205.15
Data Scientist,Master,1.6,135787.35
Data Engineer,Master,0.0,114784.46
ML Engineer,Bachelor,0.6,135117.82
Data Engineer,Master,2.7,155767.39
Backend Developer,PhD,2.4,127893.94
Data Scientist,Bachelor,1.1,128196.5
AI Researcher,Bachelor,2.8,182043.95
ML Engineer,Bachelor,4.3,186950.72
Data Scientist,High School,3.1,157144.43
Data Engineer,Bachelor,0.3,115920.13
Data Scientist,Master,2.8,155270.1
AI Researcher,Bachelor,0.0,136840.7
Data Engineer,Bachelor,0.0,110220.07
AI Researcher,Master,2.6,178389.55
AI Researcher,Master,0.0,142506.19
Software Engineer,PhD,0.0,114699.26
ML Engineer,Master,0.7,146323.27
DevOps Engineer,PhD,2.4,142387.18
DevOps Engineer,PhD,0.6,118151.85
Data Engineer,PhD,5.1,182905.8
Data Engineer,Master,3.2,144819.54
DevOps Engineer,PhD,3.9,159043.37
Data Engineer,Master,1.4,123481.83
Data Engineer,Master,2.9,147052.1
Data Scientist,High School,1.6,143811.61
AI Researcher,PhD,2.4,179739.31
ML Engineer,Bachelor,3.4,169248.6
Backend Developer,Bachelor,2.7,131747.24
AI Researcher,Bachelor,2.1,169376.57
AI Researcher,Master,0.7,154064.63
AI Researcher,Bachelor,0.0,135774.11
Software Engineer,Master,2.7,145951.41
DevOps Engineer,Bachelor,1.0,112472.04
Data Engineer,PhD,0.1,122967.88
Cloud Architect,Master,0.7,153443.2
Data Engineer,High School,0.7,120331.19
ML Engineer,High School,1.4,151594.28
Software Engineer,Bachelor,2.0,138354.19
Backend Developer,Bachelor,2.0,116032.25
Backend Developer,Bachelor,2.4,108556.11
ML Engineer,Master,2.9,163919.15
AI Researcher,Bachelor,0.9,145948.39
Cloud Architect,Master,3.7,196324.63
DevOps Engineer,High School,0.5,103866.54
Cloud Architect,Bachelor,4.8,209370.58
Cloud Architect,Bachelor,1.3,170337.22
Cloud Architect,Master,1.0,164515.22
Data Engineer,PhD,3.5,164701.83
DevOps Engineer,Bachelor,4.7,159521.86
Cloud Architect,Master,1.4,160005.72
Data Scientist,Bachelor,2.0,147825.17
Backend Developer,Master,2.7,138739.88
Data Scientist,Master,1.8,134759.46
Data Scientist,PhD,0.0,139139.69
AI Researcher,Bachelor,2.8,168395.96
Cloud Architect,Bachelor,0.6,151125.19
Data Scientist,Bachelor,1.9,147818.39
Software Engineer,Master,2.9,143040.24
Data Engineer,Master,0.0,111524.16
AI Researcher,Bachelor,4.2,199555.69
Cloud Architect,High School,1.8,167705.93
AI Researcher,Bachelor,2.8,169954.15
ML Engineer,Bachelor,1.5,157858.03
Data Engineer,Master,1.8,136808.01
AI Researcher,Master,3.0,175583.52
Cloud Architect,High School,4.0,191673.24
Software Engineer,Bachelor,1.7,126411.09
Data Scientist,Bachelor,0.0,120075.15
AI Researcher,PhD,1.3,160056.59
AI Researcher,Bachelor,3.8,185152.79
DevOps Engineer,Bachelor,3.4,135925.26
Data Scientist,High School,0.0,118006.06
ML Engineer,Bachelor,0.9,144356.07
Data Scientist,Bachelor,2.4,147506.83
AI Researcher,Bachelor,3.7,175102.01
DevOps Engineer,PhD,0.8,121639.18
Data Engineer,Bachelor,1.0,128656.91
ML Engineer,High School,0.5,139311.3
Data Scientist,High School,1.9,143743.9
AI Researcher,Bachelor,0.0,140240.25
ML Engineer,Master,5.0,194405.21
AI Researcher,High School,4.6,199779.08
Software Engineer,Bachelor,2.4,131690.4
Data Engineer,PhD,1.1,137466.91
DevOps Engineer,Master,0.5,108185.26
Data Engineer,Master,1.5,137326.55
AI Researcher,Master,2.5,166177.65
Software Engineer,High School,2.0,136301.36
ML Engineer,High School,3.9,176489.16
DevOps Engineer,Master,1.5,120938.62
Data Scientist,Bachelor,2.9,150549.47
AI Researcher,Master,0.0,140177.64
Backend Developer,Bachelor,1.7,111186.44
Data Engineer,Master,2.2,141137.37
Data Scientist,Bachelor,1.1,135623.17
Data Scientist,Master,2.4,149435.72
Backend Developer,Master,1.9,120675.86
DevOps Engineer,Master,0.0,108430.46
ML Engineer,Bachelor,1.2,149538.86
ML Engineer,Master,0.2,129877.0
Cloud Architect,Bachelor,3.1,183241.49
Cloud Architect,Bachelor,1.1,157993.52
DevOps Engineer,Master,3.8,140423.79
ML Engineer,Master,1.1,147744.48
AI Researcher,Bachelor,7.4,240844.25
Software Engineer,Master,1.1,118185.01
Backend Developer,Master,1.8,122175.21
Software Engineer,Master,0.0,112503.45
ML Engineer,Bachelor,2.9,158522.57
DevOps Engineer,Master,2.1,124134.89
ML Engineer,Bachelor,5.0,198539.41
Data Scientist,Master,3.8,165139.14
Software Engineer,PhD,1.1,123690.19
Backend Developer,Bachelor,1.9,120849.05
Cloud Architect,Master,1.0,151405.35
Software Engineer,Bachelor,1.0,119453.17
Data Scientist,Bachelor,1.4,131134.68
AI Researcher,Master,2.1,162440.46
DevOps Engineer,Bachelor,1.5,123124.21
ML Engineer,Bachelor,2.5,161623.16
DevOps Engineer,Bachelor,1.4,117472.24
DevOps Engineer,Master,3.5,140033.03
Cloud Architect,Master,1.0,150215.84
Backend Developer,Master,2.1,115003.23
AI Researcher,Master,4.1,175795.66
AI Researcher,High School,0.0,138277.15
Cloud Architect,Bachelor,0.0,140319.86
Cloud Architect,Master,4.9,215769.21
AI Researcher,Bachelor,1.7,160289.21
Cloud Architect,Bachelor,1.9,170566.16
Data Scientist,Bachelor,2.7,147037.55
Data Scientist,High School,1.0,133487.6
Backend Developer,PhD,2.3,131403.82
Cloud Architect,PhD,0.0,150883.09
Software Engineer,Master,1.1,123632.18
Cloud Architect,Master,1.9,176051.44
AI Researcher,Master,2.6,163856.4
Software Engineer,High School,1.3,125291.21
AI Researcher,Bachelor,0.7,153840.45
AI Researcher,PhD,0.4,153235.81
Data Scientist,PhD,2.2,155192.35
Cloud Architect,Master,3.5,185157.93
Data Engineer,PhD,0.7,127133.1
Software Engineer,Bachelor,4.3,161485.52
Backend Developer,PhD,4.6,160670.62
AI Researcher,PhD,3.2,184802.66
ML Engineer,Bachelor,1.8,150010.43
Software Engineer,PhD,3.4,160907.49
Data Scientist,Master,1.6,140455.8
Data Engineer,Master,1.3,128044.37
Data Engineer,PhD,0.0,124887.13
DevOps Engineer,Bachelor,3.4,133960.26
Backend Developer,PhD,2.6,131076.19
Data Scientist,Master,1.0,129445.81
ML Engineer,Master,0.7,138701.9
AI Researcher,PhD,0.5,147671.48
Software Engineer,Bachelor,3.6,137694.3
AI Researcher,Master,0.2,141364.47
Data Engineer,High School,2.4,147524.78
Software Engineer,Master,2.1,128663.09
Data Engineer,High School,2.3,140162.61
Software Engineer,Bachelor,2.4,137048.2
Software Engineer,Master,1.4,126801.99
ML Engineer,Bachelor,2.0,150646.66
DevOps Engineer,Master,2.3,123794.85
Backend Developer,Master,1.6,112025.94
Software Engineer,Master,3.0,149210.78
DevOps Engineer,Master,7.0,188159.81
Cloud Architect,Bachelor,3.7,194355.04
ML Engineer,Master,4.2,178101.29
Data Engineer,PhD,0.9,134158.77
Data Engineer,Master,2.6,152111.33
Software Engineer,Bachelor,1.5,127488.46
Cloud Architect,Bachelor,3.2,187698.92
ML Engineer,PhD,2.5,175489.22
Data Engineer,PhD,0.5,135740.63
AI Researcher,Bachelor,5.7,204069.92
Cloud Architect,Master,2.3,173581.84
Backend Developer,Bachelor,1.3,115049.29
Cloud Architect,Bachelor,0.8,149119.22
Data Scientist,High School,3.5,170177.35
Cloud Architect,Master,3.2,186046.73
DevOps Engineer,Bachelor,0.0,110111.46
Data Scientist,PhD,0.0,126332.44
ML Engineer,High School,1.2,156755.7
ML Engineer,Bachelor,3.3,170996.52
Backend Developer,High School,4.3,138336.67
Data Scientist,Master,2.8,158795.6
Backend Developer,Master,2.8,129276.94
DevOps Engineer,PhD,1.1,126773.94
Software Engineer,Bachelor,3.1,144837.03
AI Researcher,Master,2.5,171346.02
ML Engineer,Master,1.5,152727.64
DevOps Engineer,High School,2.9,124719.79
Data Scientist,Bachelor,3.9,163657.19
Cloud Architect,High School,1.4,160968.43
Cloud Architect,High School,2.2,175016.34
Data Scientist,Bachelor,0.0,126142.47
DevOps Engineer,Master,3.9,156722.39
DevOps Engineer,Master,2.7,131164.31
AI Researcher,Master,3.5,179043.26
ML Engineer,Bachelor,3.5,180802.06
AI Researcher,Master,1.1,147394.05
DevOps Engineer,High School,1.3,122187.72
Cloud Architect,Bachelor,0.6,136019.37
AI Researcher,Master,1.9,161348.53
Cloud Architect,Bachelor,3.7,191192.71
Software Engineer,High School,1.3,131618.51
ML Engineer,Master,1.1,143450.97
DevOps Engineer,PhD,2.4,142916.91
ML Engineer,Bachelor,2.5,157113.65
AI Researcher,Bachelor,1.6,158973.6
ML Engineer,Bachelor,2.7,175469.82
Software Engineer,PhD,2.9,149713.0
Backend Developer,Master,5.7,155125.75
Data Engineer,Bachelor,3.1,153039.03
Data Engineer,Bachelor,0.4,117290.31
Backend Developer,Bachelor,0.9,99300.75
Data Scientist,Master,2.2,155398.14
Data Engineer,High School,0.8,121122.74
Data Scientist,PhD,0.5,144255.55
DevOps Engineer,Bachelor,1.3,117985.53
Data Engineer,Bachelor,2.9,152036.68
DevOps Engineer,PhD,3.2,147474.47
ML Engineer,Bachelor,0.6,143222.38
Software Engineer,Bachelor,1.4,118409.92
Software Engineer,Master,0.5,116166.91
ML Engineer,High School,2.9,169558.86
DevOps Engineer,Bachelor,1.8,115832.29
Data Engineer,Master,2.8,145832.48
Cloud Architect,High School,2.4,174978.63
Data Scientist,Master,2.6,153533.17
Cloud Architect,PhD,2.1,175082.53
Cloud Architect,Master,0.0,140651.18
Data Scientist,Master,0.0,119962.24
Data Engineer,PhD,2.6,160790.26
Backend Developer,Bachelor,2.8,127711.41
Backend Developer,Bachelor,2.1,127856.89
AI Researcher,Master,2.8,177049.13
Data Engineer,Bachelor,4.7,174530.74
Backend Developer,Master,2.4,127908.83
Software Engineer,Master,2.3,137788.51
Cloud Architect,Bachelor,0.3,142043.82
Data Scientist,PhD,1.2,142182.75
Data Scientist,PhD,1.7,146538.74
Data Engineer,Bachelor,2.7,145143.45
Software Engineer,Master,2.7,142985.71
DevOps Engineer,Master,0.8,112340.92
Data Engineer,PhD,1.1,142012.27
ML Engineer,Master,1.4,145704.33
Cloud Architect,Bachelor,2.2,175186.73
ML Engineer,Master,3.6,172737.09
ML Engineer,Bachelor,0.0,124934.58
AI Researcher,Bachelor,3.1,162878.76
Data Engineer,Master,4.1,154952.61
Data Engineer,High School,2.0,140284.63
Software Engineer,Master,2.0,132373.54
DevOps Engineer,Master,0.4,108542.74
DevOps Engineer,PhD,2.8,149200.57
ML Engineer,Bachelor,3.5,188133.87
Software Engineer,PhD,4.4,167005.15
Data Scientist,High School,2.1,144102.55
Data Scientist,PhD,1.3,151447.35
Data Engineer,High School,0.5,124975.33
Cloud Architect,Master,4.2,211619.41
ML Engineer,Bachelor,1.9,147283.38
Software Engineer,Bachelor,1.7,127236.62
DevOps Engineer,Master,0.6,117891.86
Cloud Architect,High School,0.6,147904.36
ML Engineer,Master,0.0,130548.13
Cloud Architect,High School,3.5,186819.11
DevOps Engineer,Bachelor,0.0,118122.2
Cloud Architect,Master,1.6,164374.08
DevOps Engineer,Master,2.4,127721.12
DevOps Engineer,Bachelor,2.3,131354.0
Backend Developer,Bachelor,0.9,111953.17
DevOps Engineer,Bachelor,2.3,139034.91
DevOps Engineer,PhD,4.1,160275.76
DevOps Engineer,PhD,2.1,143110.88
Data Engineer,Master,5.0,173769.73
Software Engineer,Bachelor,0.0,102735.52
Cloud Architect,High School,3.7,185689.5
AI Researcher,PhD,0.0,153054.09
Backend Developer,PhD,2.8,136095.13
Cloud Architect,Master,0.5,148677.79
ML Engineer,Master,2.2,159458.59
Backend Developer,Bachelor,3.0,126971.24
Cloud Architect,Bachelor,1.4,159561.34
Data Engineer,Bachelor,1.7,138489.63
Data Scientist,Bachelor,0.2,127561.22
Data Scientist,Master,2.5,153168.56
Software Engineer,High School,0.0,112761.89
AI Researcher,Master,2.9,177018.5
Software Engineer,Bachelor,2.2,140436.87
Software Engineer,Bachelor,2.1,131082.01
Data Scientist,Bachelor,2.9,155352.3
Cloud Architect,PhD,1.8,186889.11
Data Scientist,Bachelor,2.2,148835.53
Backend Developer,PhD,3.0,140750.43
ML Engineer,Bachelor,0.4,142141.94
Backend Developer,Bachelor,0.7,101700.08
Data Engineer,Master,2.2,134040.42
AI Researcher,Master,0.0,135249.52
Cloud Architect,High School,0.0,141659.7
DevOps Engineer,Bachelor,1.2,120251.37
ML Engineer,Master,4.1,185105.46
DevOps Engineer,PhD,1.3,124613.03
Data Engineer,Bachelor,0.0,114357.17
Data Engineer,Master,0.5,117006.9
Data Scientist,Bachelor,1.0,120661.36
Software Engineer,Master,2.4,141035.04
Cloud Architect,PhD,0.0,151073.28
DevOps Engineer,High School,0.6,101151.25
Software Engineer,Bachelor,0.3,117411.36
Data Scientist,Master,0.0,122909.85
Data Scientist,Bachelor,0.3,120687.16
Software Engineer,High School,4.2,161177.12
ML Engineer,Master,1.5,154228.43
ML Engineer,PhD,0.0,142219.07
Data Engineer,Bachelor,2.1,139240.01
ML Engineer,Master,1.6,139384.0
Backend Developer,High School,4.2,146761.4
DevOps Engineer,High School,1.6,123258.33
AI Researcher,Master,1.2,148126.87
AI Researcher,High School,1.7,169293.73
Backend Developer,PhD,3.7,144640.82
Data Scientist,Master,0.6,122537.95
Backend Developer,Bachelor,2.2,131343.94
Data Engineer,Bachelor,0.4,115750.82
Backend Developer,Master,2.6,131100.08
Data Scientist,Bachelor,0.4,126680.19
Backend Developer,PhD,2.2,135617.9
ML Engineer,Bachelor,4.1,183782.67
DevOps Engineer,Bachelor,2.9,144574.9
Data Engineer,High School,0.0,102038.11
Software Engineer,Bachelor,0.7,120055.98
Data Engineer,Bachelor,1.1,118201.74
Cloud Architect,Master,3.1,187718.1
AI Researcher,Master,3.9,174110.92
Data Engineer,PhD,0.0,120855.69
DevOps Engineer,Bachelor,2.6,130972.55
ML Engineer,High School,2.5,153182.66
ML Engineer,Bachelor,3.0,168361.33
ML Engineer,Bachelor,2.0,149172.6
AI Researcher,PhD,3.8,199829.79
Software Engineer,Bachelor,2.7,142231.08
DevOps Engineer,Master,2.8,130332.48
Backend Developer,High School,3.4,136053.21
Data Scientist,Bachelor,0.6,127554.27
Backend Developer,Bachelor,0.8,101286.17
Data Scientist,Master,0.1,131120.76
Data Scientist,Bachelor,0.8,136125.68
Backend Developer,PhD,2.4,130559.83
Data Scientist,High School,1.8,148117.36
Data Engineer,Master,3.7,153113.88
Backend Developer,Master,3.1,140929.88
Data Scientist,High School,2.4,142322.78
DevOps Engineer,Bachelor,1.8,120939.52
Cloud Architect,Master,6.3,222839.7
Data Scientist,Bachelor,2.4,147386.41
AI Researcher,PhD,0.0,143984.12
Software Engineer,Bachelor,1.9,128297.76
ML Engineer,High School,2.8,175318.96
Data Scientist,Master,2.0,142460.97
Data Scientist,High School,1.7,145081.8
Cloud Architect,PhD,1.6,176530.88
AI Researcher,High School,2.7,168018.94
Data Scientist,High School,3.2,156246.78
ML Engineer,Bachelor,1.9,149400.74
Software Engineer,PhD,2.9,160848.82
Data Engineer,Bachelor,1.8,138418.88
ML Engineer,Bachelor,0.0,141499.91
Data Engineer,PhD,4.4,183033.47
Cloud Architect,Bachelor,0.1,140652.85
Data Engineer,Master,2.5,139204.98
Cloud Architect,Master,0.2,134775.42
Cloud Architect,Master,1.7,154742.44
ML Engineer,PhD,4.1,193845.19
AI Researcher,Master,0.0,129566.04
Software Engineer,Master,4.7,166975.25
DevOps Engineer,Bachelor,4.0,146225.35
Cloud Architect,Master,0.0,131026.59
Software Engineer,Bachelor,4.6,158072.12
Backend Developer,Master,2.4,124420.85
Cloud Architect,Bachelor,1.9,172250.54
ML Engineer,Master,4.4,183586.58
AI Researcher,Bachelor,1.0,149888.1
Backend Developer,Master,2.5,125823.2
Cloud Architect,Bachelor,2.8,175738.99
ML Engineer,High School,0.0,133865.66
Software Engineer,PhD,1.9,130446.04
Data Engineer,PhD,1.6,140337.11
AI Researcher,High School,2.2,165011.42
Cloud Architect,High School,0.0,150556.28
Software Engineer,PhD,0.2,120847.7
AI Researcher,PhD,0.7,160088.67
AI Researcher,PhD,1.7,173830.89
Cloud Architect,Bachelor,0.3,146795.22
ML Engineer,Master,2.4,163520.64
Cloud Architect,Master,1.0,159432.35
Software Engineer,PhD,0.0,117683.35
DevOps Engineer,High School,1.1,114419.72
Software Engineer,Bachelor,2.8,143449.9
Cloud Architect,Bachelor,0.7,145601.5
Data Scientist,PhD,0.0,136815.0
DevOps Engineer,PhD,3.2,150098.96
Software Engineer,Master,4.1,152968.26
AI Researcher,Master,1.1,154444.44
Software Engineer,PhD,1.2,126619.91
DevOps Engineer,High School,1.7,127926.68
Cloud Architect,High School,2.9,181386.14
ML Engineer,Bachelor,3.6,170968.36
ML Engineer,Bachelor,0.7,135850.44
Data Scientist,PhD,0.9,144444.02
Backend Developer,Bachelor,2.9,130209.84
DevOps Engineer,Master,1.2,121972.35
DevOps Engineer,PhD,0.9,127326.22
Software Engineer,Master,1.8,132847.05
Cloud Architect,Bachelor,0.2,131641.76
ML Engineer,Master,0.8,130806.83
Backend Developer,High School,2.4,124702.97
Data Engineer,Bachelor,3.4,148848.75
ML Engineer,PhD,0.5,145976.97
Backend Developer,Bachelor,0.9,103487.48
Data Scientist,Bachelor,0.0,127020.55
AI Researcher,PhD,3.7,201373.26
Data Scientist,High School,2.6,154445.73
ML Engineer,PhD,3.6,183992.68
Cloud Architect,Bachelor,1.7,165131.49
Data Scientist,Master,2.1,139075.49
Data Scientist,Bachelor,0.3,129540.71
Software Engineer,Bachelor,2.0,123570.42
Data Scientist,Bachelor,3.1,151881.34
DevOps Engineer,Bachelor,1.3,124609.6
DevOps Engineer,Bachelor,2.5,136807.17
Software Engineer,Bachelor,2.9,143993.72
AI Researcher,Bachelor,0.9,153211.19
Data Engineer,High School,1.7,130455.36
Cloud Architect,Bachelor,1.4,159845.69
Data Engineer,PhD,0.5,130734.83
Data Engineer,Bachelor,2.5,140758.74
Cloud Architect,Bachelor,2.6,178228.96
DevOps Engineer,Bachelor,2.6,137956.95
Data Engineer,PhD,0.3,135456.02
Data Engineer,High School,2.1,135352.87
DevOps Engineer,Bachelor,0.0,106258.84
ML Engineer,PhD,1.3,164305.3
ML Engineer,Bachelor,1.1,144429.58
ML Engineer,Bachelor,1.2,149154.04
ML Engineer,Master,2.9,171673.16
Data Engineer,Master,3.5,162210.0
AI Researcher,Bachelor,4.8,204390.43
DevOps Engineer,Bachelor,2.0,124864.79
Data Engineer,Bachelor,0.8,120773.11
ML Engineer,PhD,0.8,149485.61
Backend Developer,Bachelor,0.6,103136.48
ML Engineer,Master,0.7,137023.69
Data Engineer,PhD,2.5,162401.81
Data Scientist,Master,3.6,160174.33
ML Engineer,PhD,3.1,171791.25
Software Engineer,Master,0.9,113900.34
ML Engineer,Master,4.0,176972.5
Software Engineer,PhD,0.5,123011.79
AI Researcher,PhD,1.8,172173.71
AI Researcher,Bachelor,2.2,173521.47
Data Engineer,PhD,2.9,168880.55
Data Scientist,Bachelor,2.2,143549.47
Data Engineer,High School,2.6,145188.05
AI Researcher,High School,0.5,138302.24
Data Engineer,High School,1.9,136900.54
ML Engineer,Master,2.0,157159.63
ML Engineer,High School,2.8,169019.54
Data Scientist,High School,3.7,159606.41
Backend Developer,Master,0.0,97045.62
ML Engineer,High School,2.4,167254.82
Cloud Architect,Master,1.0,144670.97
Software Engineer,Master,3.1,145438.8
Data Scientist,Bachelor,3.2,163026.59
Data Scientist,PhD,0.6,140318.49
ML Engineer,Master,3.9,183607.52
DevOps Engineer,PhD,4.9,171457.3
ML Engineer,Bachelor,3.7,176929.39
AI Researcher,Bachelor,0.4,142631.57
AI Researcher,PhD,1.5,172529.95
Backend Developer,PhD,2.2,133442.49
AI Researcher,Bachelor,0.3,132845.0
Backend Developer,High School,0.2,94741.19
Software Engineer,Master,1.3,123120.64
Backend Developer,Bachelor,4.1,138474.54
Cloud Architect,Bachelor,1.7,164021.9
Software Engineer,Master,2.3,134214.26
Software Engineer,Master,1.3,131532.8
Cloud Architect,High School,2.3,174192.47
AI Researcher,Bachelor,3.6,180079.77
Backend Developer,Bachelor,2.5,124039.71
Cloud Architect,Bachelor,0.5,160587.71
ML Engineer,Master,1.6,158209.57
Data Scientist,PhD,2.6,170508.17
Backend Developer,Master,1.2,109907.16
Backend Developer,Bachelor,1.9,108601.08
Software Engineer,Master,3.0,149402.88
DevOps Engineer,Bachelor,1.7,123778.73
Backend Developer,Bachelor,0.1,110406.79
Data Scientist,Bachelor,0.0,115922.87
Backend Developer,Bachelor,2.0,120122.11
Data Scientist,Bachelor,2.9,152609.11
AI Researcher,Bachelor,2.3,169736.24
DevOps Engineer,PhD,0.8,118713.67
DevOps Engineer,Bachelor,2.3,134949.95
Data Engineer,Bachelor,3.9,159158.79
Backend Developer,Bachelor,2.2,121192.6
DevOps Engineer,Bachelor,2.4,132986.15
Cloud Architect,Bachelor,0.8,151123.22
Backend Developer,PhD,2.8,126761.86
Cloud Architect,Master,4.6,199117.27
DevOps Engineer,Master,3.9,140336.44
Software Engineer,Bachelor,3.2,137091.8
Software Engineer,Bachelor,2.0,135682.93
Data Engineer,Bachelor,0.0,116518.11
Cloud Architect,Master,4.0,189862.02
DevOps Engineer,Bachelor,1.3,123131.89
Cloud Architect,Bachelor,3.5,183779.07
Data Scientist,Master,2.8,152613.6
Backend Developer,PhD,2.3,128291.93
Data Scientist,Master,2.5,151391.15
DevOps Engineer,Bachelor,0.9,121694.35
Software Engineer,High School,3.3,147181.5
ML Engineer,Master,4.1,185623.42
Backend Developer,Bachelor,2.9,132219.64
Backend Developer,Master,2.6,133617.42
Data Engineer,Bachelor,2.1,136048.22
Data Scientist,Master,0.4,117807.52
DevOps Engineer,PhD,1.0,135492.96
Data Scientist,Bachelor,0.0,110146.86
ML Engineer,Bachelor,5.4,205104.2
Data Engineer,Bachelor,4.0,164521.81
Data Scientist,PhD,3.0,168747.17
AI Researcher,Master,4.0,187919.04
Cloud Architect,PhD,2.0,177419.97
ML Engineer,Master,2.3,162118.75
Cloud Architect,High School,3.0,188377.33
AI Researcher,Master,0.9,145410.77
Data Scientist,Master,1.9,144324.18
Data Scientist,Bachelor,1.6,147925.65
AI Researcher,PhD,0.3,150373.35
Backend Developer,Bachelor,0.7,101684.48
Data Scientist,Master,2.4,149181.27
Data Scientist,Master,1.3,137149.38
Data Engineer,Master,3.1,151072.63
ML Engineer,PhD,2.2,171820.18
Data Engineer,Bachelor,1.1,127570.86
Backend Developer,PhD,2.6,130183.02
AI Researcher,Master,2.1,164741.75
Software Engineer,Master,3.1,153303.0
Data Engineer,Bachelor,1.1,124976.63
AI Researcher,Master,1.1,153307.3
Backend Developer,Master,0.9,104820.88
Data Scientist,PhD,2.8,166769.66
AI Researcher,Master,1.7,153559.69
Cloud Architect,PhD,1.3,167184.4
ML Engineer,Master,0.9,131997.49
ML Engineer,Bachelor,0.8,144126.55
Data Engineer,PhD,2.6,159694.69
Data Scientist,Bachelor,2.2,151199.56
Cloud Architect,Bachelor,0.0,147141.29
Cloud Architect,Bachelor,0.6,155366.22
AI Researcher,Master,2.0,164955.06
Data Scientist,High School,0.0,119791.09
Data Engineer,Master,0.0,116666.72
Data Engineer,Master,1.9,131539.59
Data Engineer,Bachelor,3.7,156867.12
AI Researcher,Bachelor,3.4,174454.62
AI Researcher,Bachelor,2.8,164285.39
Software Engineer,Bachelor,0.8,118214.63
DevOps Engineer,Master,2.4,129038.83
DevOps Engineer,Bachelor,2.7,139154.26
ML Engineer,PhD,2.6,178894.54
Cloud Architect,Master,0.8,146843.33
Cloud Architect,Master,2.0,170026.48
ML Engineer,Bachelor,0.0,131424.44
Data Scientist,Bachelor,0.2,125327.38
DevOps Engineer,Bachelor,2.8,132426.75
AI Researcher,Master,2.2,164530.57
AI Researcher,Bachelor,5.3,202219.99
Data Scientist,Bachelor,2.8,153555.93
Data Scientist,Master,4.6,177771.91
Data Engineer,PhD,2.2,151947.1
Data Engineer,PhD,4.7,172165.28
Software Engineer,Bachelor,4.5,150133.02
Cloud Architect,Bachelor,1.1,147494.16
ML Engineer,Master,2.2,154726.62
AI Researcher,Master,0.7,144447.02
Data Engineer,Master,2.9,153482.86
Cloud Architect,High School,5.0,204794.41
AI Researcher,PhD,2.9,188558.93
Backend Developer,High School,1.8,109994.96
Backend Developer,Bachelor,0.8,112758.71
AI Researcher,PhD,0.3,150053.59
Software Engineer,Master,0.0,113288.07
Software Engineer,Master,2.1,131528.83
ML Engineer,PhD,1.6,166205.2
Cloud Architect,Master,0.0,147899.6
Data Scientist,Bachelor,3.7,161293.04
Data Scientist,Bachelor,0.4,122525.26
ML Engineer,Master,3.2,173602.91
AI Researcher,Bachelor,1.9,159708.27
DevOps Engineer,Master,2.3,130657.55
Software Engineer,PhD,2.1,142660.64
Data Scientist,Bachelor,0.1,121231.88
Data Engineer,High School,3.4,160033.44
AI Researcher,PhD,1.5,165033.11
Cloud Architect,Master,0.0,139667.55
Data Engineer,Bachelor,0.5,126421.3
Backend Developer,Bachelor,1.3,114259.94
Software Engineer,High School,1.2,126566.64
Cloud Architect,High School,2.5,169825.28
Backend Developer,PhD,4.4,153128.19
Software Engineer,Bachelor,0.7,119862.04
AI Researcher,Bachelor,0.5,135387.11
Data Scientist,PhD,3.1,172444.25
Cloud Architect,PhD,0.0,148275.03
DevOps Engineer,PhD,1.6,132063.37
ML Engineer,Bachelor,0.6,131169.25
Software Engineer,Master,1.8,132264.87
AI Researcher,PhD,1.2,169848.96
DevOps Engineer,High School,5.0,158643.59
Data Scientist,PhD,3.8,178626.79
AI Researcher,Master,4.0,185730.92
Data Engineer,Bachelor,0.0,120494.17
Backend Developer,PhD,4.1,142715.66
DevOps Engineer,Bachelor,2.0,119137.09
Software Engineer,PhD,0.2,124790.6
DevOps Engineer,High School,2.8,130997.66
ML Engineer,PhD,2.8,187263.43
AI Researcher,PhD,4.3,206378.1
Software Engineer,Bachelor,0.2,104626.61
Cloud Architect,Bachelor,2.2,173056.12
Data Engineer,PhD,1.6,144803.96
Cloud Architect,Bachelor,2.2,172671.26
ML Engineer,Master,0.3,125691.68
AI Researcher,Bachelor,1.5,159352.88
DevOps Engineer,Bachelor,0.8,123053.25
DevOps Engineer,Bachelor,0.3,102511.8
Backend Developer,Master,1.9,114787.27
Cloud Architect,Master,3.6,193115.17
ML Engineer,Bachelor,3.4,182182.32
Cloud Architect,Master,0.0,134349.43
Data Scientist,PhD,3.6,167637.42
ML Engineer,Master,2.5,160307.37
Cloud Architect,Bachelor,2.3,173550.42
DevOps Engineer,Master,3.6,150427.7
DevOps Engineer,Bachelor,3.1,137616.63
AI Researcher,Master,1.8,161434.48
Data Engineer,Bachelor,2.7,149825.83
Data Scientist,Bachelor,2.8,152816.42
ML Engineer,Bachelor,0.1,136756.28
Backend Developer,Master,0.7,109257.5
AI Researcher,Master,3.1,175636.94
Data Engineer,Master,2.5,138488.72
DevOps Engineer,Bachelor,1.5,128439.53
ML Engineer,High School,0.5,132946.88
DevOps Engineer,Bachelor,1.7,116313.08
Data Engineer,Bachelor,0.0,115400.97
AI Researcher,Bachelor,5.8,210346.26
Cloud Architect,Bachelor,0.0,128854.07
Backend Developer,Bachelor,1.8,116376.19
Backend Developer,Master,1.8,121266.97
Software Engineer,Bachelor,0.5,118999.46
Data Engineer,Master,3.8,161884.05
ML Engineer,Master,0.5,130570.91
Cloud Architect,Bachelor,2.9,178450.5
ML Engineer,Bachelor,0.7,129617.03
ML Engineer,PhD,4.1,195662.39
ML Engineer,PhD,3.6,197985.48
DevOps Engineer,Bachelor,0.4,108502.97
Backend Developer,Bachelor,1.6,119106.71
AI Researcher,PhD,2.3,183830.97
ML Engineer,High School,3.2,167869.01
DevOps Engineer,Bachelor,1.7,118027.4
ML Engineer,High School,3.4,181662.97
Data Scientist,Bachelor,2.6,141981.33
Backend Developer,Master,2.3,132032.05
ML Engineer,Bachelor,3.8,164828.04
DevOps Engineer,Master,2.1,129298.92
DevOps Engineer,PhD,2.5,142538.08
Data Scientist,High School,4.0,164325.39
Data Engineer,High School,0.3,118241.46
Cloud Architect,Bachelor,3.9,195350.13
Cloud Architect,Master,0.0,135732.13
Cloud Architect,PhD,4.6,224014.44
Data Scientist,High School,2.6,151583.29
Backend Developer,PhD,3.8,143295.02
DevOps Engineer,Bachelor,3.3,138704.56
DevOps Engineer,Master,1.2,111283.37
Backend Developer,PhD,4.3,149720.55
ML Engineer,Master,2.8,170818.04
Data Engineer,Bachelor,3.3,146570.87
Software Engineer,PhD,2.9,155222.89
Data Engineer,Bachelor,2.0,134860.25
Software Engineer,Master,0.0,110863.15
AI Researcher,PhD,0.0,151903.06
Data Scientist,PhD,4.2,189793.3
Data Scientist,High School,2.1,145057.78
Data Scientist,High School,4.6,177036.66
Cloud Architect,Master,2.0,162659.3
Backend Developer,Bachelor,2.2,113601.38
AI Researcher,Bachelor,3.8,181102.24
Data Scientist,PhD,1.1,140263.36
DevOps Engineer,PhD,0.1,113842.84
Cloud Architect,Master,1.7,168414.19
Data Engineer,Master,1.8,135139.49
DevOps Engineer,PhD,1.8,138878.96
DevOps Engineer,Bachelor,2.6,136961.0
Data Engineer,Bachelor,1.3,125906.73
Data Scientist,Master,1.3,135107.4
Cloud Architect,PhD,0.6,161574.06
Cloud Architect,Master,2.5,181351.17
Data Engineer,Master,2.2,144836.21
Backend Developer,PhD,0.0,112871.91
Data Scientist,PhD,0.4,137974.4
Data Scientist,PhD,1.4,145743.54
AI Researcher,Bachelor,2.2,166650.22
AI Researcher,PhD,0.7,157203.94
AI Researcher,Master,0.3,137639.95
Data Engineer,Bachelor,3.7,147742.74
Data Scientist,Master,4.0,170907.75
Software Engineer,Master,2.2,132350.14
Cloud Architect,Master,3.8,188488.85
AI Researcher,Bachelor,1.9,159377.46
ML Engineer,Bachelor,1.6,155338.15
Backend Developer,Bachelor,2.0,121428.11
DevOps Engineer,Master,3.0,133727.51
Data Scientist,Master,0.0,124132.02
Data Scientist,Bachelor,1.9,139366.2
Data Engineer,PhD,1.3,135782.75
Software Engineer,Bachelor,2.8,140175.76
Software Engineer,Master,0.2,102485.98
DevOps Engineer,PhD,0.4,124100.78
AI Researcher,Bachelor,3.3,178697.33
DevOps Engineer,Master,0.4,112031.61
Backend Developer,Master,1.7,114675.48
Software Engineer,PhD,3.8,159281.67
Data Scientist,Master,2.1,142472.91
DevOps Engineer,Bachelor,0.1,100256.95
Data Engineer,Master,0.0,117936.01
Software Engineer,Bachelor,1.9,127102.36
Data Engineer,PhD,1.8,151968.63
AI Researcher,Bachelor,3.1,169175.66
Cloud Architect,High School,0.4,141362.39
ML Engineer,Bachelor,2.1,158899.52
DevOps Engineer,Bachelor,0.3,111685.79
Data Engineer,Bachelor,2.9,146312.99
Cloud Architect,PhD,1.7,174605.8
Backend Developer,Master,2.1,115031.39
AI Researcher,High School,4.0,182688.53
AI Researcher,Master,0.0,129478.06
ML Engineer,PhD,1.8,164353.78
DevOps Engineer,Master,0.0,106312.68
Data Scientist,Master,1.8,145056.9
Cloud Architect,PhD,3.2,202766.69
DevOps Engineer,Bachelor,2.5,132423.92
Backend Developer,Master,2.5,128435.62
ML Engineer,Master,2.3,167310.13
Backend Developer,Master,4.4,136502.98
AI Researcher,PhD,2.8,186456.02
Software Engineer,Master,1.1,123354.61
AI Researcher,Bachelor,0.0,129078.36
Software Engineer,PhD,2.5,147399.22
Software Engineer,Bachelor,2.4,138952.09
Data Scientist,Master,1.7,153322.62
ML Engineer,Bachelor,0.0,121503.7
Backend Developer,PhD,2.3,134932.14
Backend Developer,Master,0.9,111231.51
ML Engineer,Master,1.7,149712.24
Data Engineer,Master,1.8,131557.71
Data Scientist,Bachelor,1.2,131692.21
AI Researcher,Bachelor,2.5,171114.87
Data Engineer,Bachelor,1.9,141390.51
AI Researcher,Master,1.8,163373.5
Backend Developer,Master,2.2,121597.92
Backend Developer,Master,0.0,96442.0
Backend Developer,Bachelor,2.7,133587.8
Data Engineer,Bachelor,2.0,137712.57
ML Engineer,PhD,1.5,153709.04
DevOps Engineer,Bachelor,2.1,132007.52
AI Researcher,Master,1.2,150301.53
Software Engineer,High School,2.6,140060.65
AI Researcher,Bachelor,1.9,155698.9
ML Engineer,Bachelor,2.4,158723.56
AI Researcher,Bachelor,1.3,152387.03
ML Engineer,PhD,4.3,203576.11
Software Engineer,Master,4.0,135012.33
Data Scientist,PhD,0.9,138377.82
Software Engineer,Master,3.0,142046.81
DevOps Engineer,Bachelor,3.4,138237.87
Data Engineer,Bachelor,1.2,118501.9
Software Engineer,PhD,0.0,118610.72
Backend Developer,Bachelor,3.2,126342.79
Data Engineer,High School,2.0,137207.1
Cloud Architect,Bachelor,0.0,140671.91
Cloud Architect,Bachelor,3.2,188187.12
Software Engineer,Master,0.1,104548.41
ML Engineer,Bachelor,2.9,167525.09
Cloud Architect,PhD,2.3,178701.7
DevOps Engineer,Bachelor,2.9,133538.78
Data Scientist,Master,2.4,147283.92
DevOps Engineer,Master,4.7,159605.47
Backend Developer,PhD,0.0,102912.99
ML Engineer,Master,3.0,167518.47
Backend Developer,High School,0.0,101369.79
ML Engineer,Bachelor,1.3,148698.51
Backend Developer,Bachelor,2.5,127202.95
Cloud Architect,Bachelor,1.6,160396.97
Software Engineer,Master,3.2,135922.9
ML Engineer,PhD,2.4,163681.27
DevOps Engineer,Bachelor,1.6,122539.18
AI Researcher,Bachelor,2.6,173054.69
Data Scientist,Bachelor,1.8,136596.81
AI Researcher,Bachelor,0.0,130778.96
Cloud Architect,Master,1.9,178386.84
ML Engineer,PhD,3.8,196289.07
Data Engineer,Master,2.7,143727.52
DevOps Engineer,Bachelor,1.4,123387.8
AI Researcher,PhD,0.0,154915.8
Data Scientist,Master,3.4,160698.83
Data Scientist,Bachelor,5.0,180908.43
Software Engineer,Master,1.9,129870.1
Data Engineer,Bachelor,1.0,122569.11
Software Engineer,PhD,1.0,132948.49
Data Scientist,PhD,1.0,152260.46
Software Engineer,Bachelor,4.2,152691.06
Backend Developer,Master,2.9,126983.02
ML Engineer,Bachelor,1.1,142012.63
Backend Developer,Master,2.2,111921.61
Backend Developer,Bachelor,2.5,130544.99
AI Researcher,Bachelor,2.0,169146.89
Backend Developer,Bachelor,3.2,133642.75
Data Engineer,Master,4.8,160083.06
ML Engineer,Master,2.8,159045.2
ML Engineer,Master,2.6,164891.44
Software Engineer,Master,1.2,120207.23
Cloud Architect,Master,0.1,139144.52
Data Scientist,Bachelor,0.0,122625.64
Cloud Architect,Bachelor,0.0,143312.98
Software Engineer,Master,2.5,140204.1
AI Researcher,Bachelor,1.3,153644.59
Software Engineer,High School,4.0,155497.07
AI Researcher,Master,0.0,124984.34
Software Engineer,Master,3.3,152128.29
Backend Developer,PhD,0.6,117903.86
AI Researcher,Bachelor,1.4,154468.41
Data Scientist,Master,1.9,142910.46
AI Researcher,PhD,2.5,179517.05
Data Engineer,Bachelor,3.0,151084.16
Cloud Architect,Master,2.8,192240.3
Data Scientist,Master,0.0,112916.56
Data Engineer,Bachelor,0.8,124076.86
Backend Developer,High School,1.2,109350.46
Software Engineer,Master,0.0,101398.58
AI Researcher,High School,2.1,158835.18
Data Scientist,PhD,1.9,156691.89
ML Engineer,Master,0.0,131974.59
Backend Developer,Master,4.2,142897.32
DevOps Engineer,PhD,1.9,136249.32
Data Scientist,Bachelor,0.0,123151.48
DevOps Engineer,Bachelor,3.3,131924.19
AI Researcher,Bachelor,0.5,140397.18
Data Scientist,Bachelor,1.9,150831.22
Backend Developer,Bachelor,2.5,118398.69
Data Scientist,Bachelor,3.7,164639.25
AI Researcher,Master,2.3,164826.62
AI Researcher,Bachelor,4.0,194895.46
DevOps Engineer,Master,3.5,135985.17
Data Scientist,High School,0.6,124105.08
Data Engineer,PhD,0.7,140422.51
Software Engineer,Bachelor,0.0,110355.63
DevOps Engineer,Bachelor,2.0,122612.92
ML Engineer,PhD,1.0,151215.84
AI Researcher,PhD,0.4,150956.58
Cloud Architect,High School,2.0,167175.3
Data Scientist,PhD,1.4,144659.09
Data Engineer,Master,2.4,143956.39
Software Engineer,Master,0.9,119550.63
Cloud Architect,Master,3.4,181056.74
ML Engineer,Bachelor,2.8,164107.53
DevOps Engineer,PhD,3.4,148240.17
Backend Developer,Bachelor,4.5,153896.88
Data Scientist,Master,0.0,120701.83
Data Scientist,Master,0.0,127547.74
Cloud Architect,High School,2.0,166742.29
DevOps Engineer,Bachelor,0.0,108249.57
AI Researcher,Bachelor,0.8,154714.63
ML Engineer,PhD,2.1,167504.53
DevOps Engineer,High School,2.8,133556.4
Backend Developer,Master,1.9,114920.21
DevOps Engineer,Master,0.0,105401.71
Data Engineer,Bachelor,5.3,176942.78
ML Engineer,PhD,0.6,146965.53
Data Engineer,PhD,0.0,129833.29
Data Scientist,PhD,0.0,126924.52
Backend Developer,Master,1.9,119156.16
DevOps Engineer,PhD,0.0,117453.14
Software Engineer,Bachelor,4.2,155241.55
Data Engineer,Master,1.9,136762.47
AI Researcher,Bachelor,1.2,148841.49
Software Engineer,Bachelor,2.2,135110.99
Backend Developer,Bachelor,5.7,163524.08
Software Engineer,Master,0.0,114718.37
Software Engineer,PhD,3.2,152779.91
Software Engineer,Bachelor,1.8,139965.13
DevOps Engineer,Bachelor,0.7,109583.39
DevOps Engineer,PhD,1.2,128813.23
Backend Developer,PhD,3.3,149162.53
AI Researcher,Master,0.4,135819.2
Backend Developer,PhD,0.1,98113.5
ML Engineer,Bachelor,1.0,141701.95
Data Scientist,Bachelor,1.8,142267.64
AI Researcher,High School,5.3,209237.32
Software Engineer,Master,1.3,133003.16
DevOps Engineer,Master,2.2,124293.34
Data Scientist,Bachelor,3.6,168689.12
DevOps Engineer,Bachelor,1.1,113858.52
Cloud Architect,Bachelor,0.0,142718.88
Cloud Architect,Bachelor,3.8,191920.45
ML Engineer,Bachelor,1.0,140012.15
Backend Developer,High School,3.6,141822.24
Cloud Architect,Bachelor,1.3,159864.78
Cloud Architect,Bachelor,3.1,180520.87
Data Scientist,Master,3.5,160393.14
Data Engineer,Master,0.3,120324.4
Data Scientist,Master,2.1,145413.45
Backend Developer,Bachelor,1.7,117726.8
Software Engineer,High School,0.9,123522.91
Data Engineer,PhD,2.4,157602.21
Data Scientist,High School,3.4,162784.04
Backend Developer,Bachelor,1.6,120093.19
Data Scientist,Master,0.8,122233.62
Data Engineer,PhD,1.4,152311.37
Data Scientist,Bachelor,2.0,142225.89
AI Researcher,PhD,1.5,162449.23
Backend Developer,Bachelor,7.3,171289.69
Data Engineer,Master,0.3,120872.92
Backend Developer,PhD,0.5,105749.08
ML Engineer,PhD,1.5,159023.9
Data Engineer,Bachelor,1.2,131984.69
AI Researcher,Bachelor,2.1,168853.64
ML Engineer,Bachelor,3.4,179613.65
Data Engineer,Master,1.7,142608.03
Backend Developer,Master,2.3,119825.6
Software Engineer,Master,3.4,150247.27
Data Scientist,Bachelor,2.2,136046.71
Data Scientist,Master,0.0,123036.79
Data Engineer,PhD,2.9,163931.75
AI Researcher,Master,2.2,163492.77
AI Researcher,Bachelor,3.0,173882.0
Cloud Architect,Master,3.4,188656.9
AI Researcher,High School,3.7,186098.93
Data Scientist,Master,1.1,125733.94
ML Engineer,Bachelor,4.9,200665.73
ML Engineer,Bachelor,4.2,185264.16
AI Researcher,Bachelor,4.8,200156.44
Cloud Architect,PhD,1.7,172581.6
Data Scientist,PhD,2.1,151250.65
Data Scientist,Bachelor,0.5,120279.67
Backend Developer,PhD,1.0,118645.15
Software Engineer,PhD,2.5,140673.74
AI Researcher,Master,1.0,144909.82
AI Researcher,PhD,0.3,156127.28
Software Engineer,Bachelor,3.4,146642.73
ML Engineer,Master,3.2,177294.64
Software Engineer,Master,3.1,150740.08
Data Engineer,PhD,1.5,141804.64
DevOps Engineer,High School,1.9,121141.8
ML Engineer,High School,1.4,141898.99
Cloud Architect,High School,3.2,187251.26
Software Engineer,Bachelor,1.3,121679.93
AI Researcher,Bachelor,0.7,132512.76
DevOps Engineer,Bachelor,3.6,153556.77
DevOps Engineer,Bachelor,3.1,145428.18
Data Engineer,Bachelor,1.6,132356.03
Data Engineer,Master,1.7,131569.56
Cloud Architect,Master,2.1,171011.9
Data Engineer,Bachelor,2.7,141254.73
Data Engineer,PhD,0.5,132397.66
Data Engineer,Master,0.0,114416.62
DevOps Engineer,Bachelor,1.6,125585.43
Backend Developer,Master,1.0,114583.28
Cloud Architect,PhD,0.9,168897.12
Cloud Architect,Bachelor,0.9,156994.38
AI Researcher,Bachelor,1.6,157114.44
Cloud Architect,PhD,0.0,158378.46
AI Researcher,PhD,0.0,135808.65
Backend Developer,PhD,5.1,157142.46
Data Engineer,Bachelor,0.0,114222.13
Cloud Architect,Bachelor,3.5,186927.96
Cloud Architect,Master,0.1,139381.35
Backend Developer,PhD,3.8,153573.0
Backend Developer,PhD,3.2,150841.4
Cloud Architect,Master,0.0,135318.13
AI Researcher,PhD,3.1,188391.23
Software Engineer,Master,2.4,140470.96
Software Engineer,Bachelor,0.9,110174.27
Data Scientist,PhD,2.0,152999.54
Data Scientist,Master,4.4,171271.21
ML Engineer,Master,0.8,137934.81
Data Scientist,Master,2.9,147903.44
Cloud Architect,Bachelor,4.1,190514.68
Data Scientist,Bachelor,0.8,127409.78
Data Scientist,Bachelor,2.2,147941.33
Cloud Architect,Bachelor,4.6,205282.33
Software Engineer,PhD,5.1,183439.75
Data Scientist,Bachelor,1.9,137120.35
Software Engineer,Bachelor,1.5,136982.85
Backend Developer,Bachelor,4.6,149974.6
DevOps Engineer,Master,0.8,109075.8
Software Engineer,Bachelor,0.5,118860.35
Data Engineer,Master,2.4,142840.96
Data Engineer,PhD,3.9,182160.11
Data Scientist,PhD,0.0,131984.76
Cloud Architect,PhD,4.0,196825.08
Software Engineer,Master,0.0,99909.75
DevOps Engineer,PhD,1.5,127434.82
Data Scientist,High School,3.0,151068.71
DevOps Engineer,Master,4.9,159433.55
ML Engineer,High School,0.9,135030.73
Software Engineer,Master,4.0,152440.09
Cloud Architect,PhD,0.0,148671.2
Cloud Architect,Bachelor,1.4,157179.41
ML Engineer,PhD,0.0,146255.58
DevOps Engineer,Bachelor,0.7,109920.37
ML Engineer,Bachelor,0.2,128430.22
DevOps Engineer,Master,0.0,100107.82
Data Scientist,Bachelor,0.8,134455.88
Software Engineer,Bachelor,2.3,135100.21
Data Scientist,Bachelor,1.0,134332.14
Cloud Architect,Bachelor,2.2,178277.03
Data Engineer,Bachelor,4.6,160615.14
ML Engineer,Bachelor,3.5,170456.42
Software Engineer,Bachelor,0.4,119898.48
Data Scientist,PhD,4.6,191356.31
Software Engineer,Bachelor,2.1,131827.91
ML Engineer,Bachelor,1.0,137400.82
Backend Developer,Master,2.3,122839.47
Data Engineer,PhD,3.4,158581.56
Cloud Architect,Master,0.7,150410.99
ML Engineer,Bachelor,3.7,173930.18
Backend Developer,High School,2.3,122591.06
Cloud Architect,Master,1.0,162643.92
Data Scientist,PhD,2.8,156858.75
Data Engineer,Master,2.0,138825.01
Data Scientist,Bachelor,0.7,127304.67
Data Engineer,Bachelor,3.4,150865.65
AI Researcher,High School,1.5,147866.89
AI Researcher,Master,2.1,157441.16
Backend Developer,Bachelor,1.8,127335.77
DevOps Engineer,PhD,1.8,134681.92
Data Scientist,Bachelor,1.7,137519.67
ML Engineer,Bachelor,4.9,196652.78
Software Engineer,Bachelor,2.0,144346.73
Backend Developer,Master,1.5,118839.81
Data Scientist,Master,0.4,121974.5
DevOps Engineer,High School,0.5,113377.29
ML Engineer,PhD,0.0,147978.19
Software Engineer,Bachelor,0.8,112551.03
DevOps Engineer,Master,3.9,147049.97
AI Researcher,Master,1.7,150091.45
ML Engineer,Bachelor,2.6,169329.13
AI Researcher,PhD,1.0,161163.08
Data Engineer,PhD,0.3,137522.51
ML Engineer,Master,1.4,144146.59
AI Researcher,Master,4.6,183684.6
ML Engineer,Master,2.7,167118.16
DevOps Engineer,Master,2.6,134566.51
ML Engineer,Bachelor,3.1,171243.6
Backend Developer,Master,1.7,110031.38
Backend Developer,PhD,1.9,129649.52
DevOps Engineer,Bachelor,1.5,109145.55
ML Engineer,Master,0.0,135166.04
Cloud Architect,High School,3.3,188697.07
AI Researcher,High School,0.6,138855.13
AI Researcher,Bachelor,0.3,139350.17
AI Researcher,PhD,0.5,146825.49
Software Engineer,High School,2.5,136793.91
ML Engineer,High School,2.2,151514.99
DevOps Engineer,High School,4.6,144945.72
Cloud Architect,Master,1.9,163171.71
Data Engineer,Master,0.7,123863.19
Cloud Architect,Master,4.5,197433.05
ML Engineer,Master,4.2,181733.8
Data Engineer,High School,0.0,112827.89
Software Engineer,PhD,0.5,122139.34
ML Engineer,PhD,2.3,174873.79
AI Researcher,PhD,0.5,158654.52
DevOps Engineer,Bachelor,3.7,132676.53
Cloud Architect,Master,1.7,168814.64
Software Engineer,PhD,2.1,140666.86
Software Engineer,High School,2.6,135614.38
Backend Developer,Bachelor,3.0,133127.66
DevOps Engineer,Bachelor,0.0,103668.08
AI Researcher,PhD,3.9,198545.44
Data Scientist,Bachelor,2.8,149964.67
Cloud Architect,Master,1.9,174988.02
DevOps Engineer,Bachelor,0.8,110759.09
AI Researcher,High School,0.7,148947.34
Data Engineer,Bachelor,2.6,143959.88
DevOps Engineer,PhD,2.4,140862.64
Backend Developer,Bachelor,1.3,117311.04
Cloud Architect,Bachelor,1.5,169252.36
Software Engineer,High School,2.3,129389.36
Software Engineer,Master,1.8,125620.17
Data Scientist,Master,3.0,164755.7
DevOps Engineer,PhD,1.7,131812.96
AI Researcher,Master,2.7,174121.23
Data Scientist,PhD,0.0,132332.37
Software Engineer,Bachelor,2.6,133527.92
Data Engineer,Master,0.0,123029.49
AI Researcher,Bachelor,4.1,193054.09
Cloud Architect,High School,2.8,178190.72
Data Scientist,Bachelor,0.6,125250.74
Data Scientist,Master,3.7,169128.68
DevOps Engineer,Master,2.3,125329.55
ML Engineer,PhD,1.2,156248.07
Cloud Architect,PhD,2.3,182419.22
AI Researcher,PhD,3.8,201425.57
DevOps Engineer,Bachelor,2.0,112226.66
Data Engineer,PhD,1.7,152047.54
ML Engineer,Master,0.4,135414.19
DevOps Engineer,Bachelor,2.0,121281.32
Cloud Architect,PhD,0.7,159886.58
Backend Developer,Bachelor,2.3,129500.1
ML Engineer,Bachelor,2.6,167062.07
ML Engineer,Master,0.0,131754.5
DevOps Engineer,Bachelor,5.7,166077.47
DevOps Engineer,Bachelor,3.5,146719.23
Software Engineer,PhD,2.4,149230.92
Software Engineer,Bachelor,1.4,117127.46
Data Engineer,Master,3.9,149360.46
Software Engineer,Master,5.5,173047.07
AI Researcher,Master,1.0,148198.47
Data Scientist,High School,6.4,207062.43
Data Scientist,Bachelor,2.7,162860.83
Data Engineer,Master,4.5,164448.94
DevOps Engineer,Bachelor,3.3,139779.58
AI Researcher,Bachelor,2.3,161015.12
Cloud Architect,Bachelor,2.3,164126.53
Software Engineer,Bachelor,2.9,146401.1
Data Engineer,Master,3.2,144962.73
AI Researcher,Master,3.4,182363.34
AI Researcher,Bachelor,1.6,159851.13
Backend Developer,Master,1.2,119466.63
Software Engineer,Bachelor,3.1,143235.04
Software Engineer,Bachelor,1.7,133145.85
AI Researcher,Bachelor,2.2,161451.63
DevOps Engineer,Bachelor,0.5,106219.53
Cloud Architect,Bachelor,3.0,188357.4
Data Engineer,Master,1.6,137413.52
Data Scientist,Bachelor,1.9,139326.47
Data Scientist,Bachelor,1.0,135079.68
DevOps Engineer,Bachelor,1.1,114409.73
AI Researcher,Bachelor,0.4,139267.5
DevOps Engineer,Bachelor,0.8,117520.09
AI Researcher,Bachelor,0.5,143993.71
Data Engineer,Master,0.0,108591.12
Data Engineer,Bachelor,3.6,157984.74
Software Engineer,High School,1.1,125489.73
Cloud Architect,PhD,1.7,174570.21
AI Researcher,High School,1.3,150502.2
Software Engineer,Master,1.8,121473.26
Backend Developer,Bachelor,0.0,102978.77
Software Engineer,Bachelor,3.1,144794.02
ML Engineer,Master,1.4,148793.02
Data Scientist,Master,2.5,154148.51
Data Scientist,Master,2.0,141502.86
AI Researcher,High School,1.6,151166.02
Software Engineer,PhD,4.1,166163.66
Cloud Architect,Master,0.0,140814.19
Software Engineer,High School,2.8,139073.54
Data Scientist,Bachelor,2.7,154496.87
ML Engineer,Bachelor,3.2,172207.97
Data Scientist,Bachelor,4.3,170942.09
Data Engineer,Master,2.2,145042.75
Data Scientist,Master,3.4,158150.27
AI Researcher,PhD,2.4,184429.82
Software Engineer,High School,3.1,142830.09
Backend Developer,Master,1.5,108071.94
Backend Developer,Master,2.4,119884.02
Data Scientist,Bachelor,1.4,134985.4
AI Researcher,High School,2.7,172831.63
Data Engineer,Bachelor,5.0,169334.46
Data Scientist,PhD,3.7,177767.53
Backend Developer,PhD,3.3,144379.69
ML Engineer,Bachelor,1.6,152540.43
ML Engineer,High School,2.0,164168.8
Cloud Architect,Bachelor,0.7,158761.27
Backend Developer,High School,2.5,119605.8
ML Engineer,High School,1.0,142548.43
Backend Developer,Bachelor,1.1,109254.55
DevOps Engineer,PhD,4.6,157945.95
DevOps Engineer,Bachelor,2.7,138522.99
Data Scientist,Bachelor,0.0,126242.3
Software Engineer,Bachelor,0.0,110785.94
Software Engineer,PhD,2.2,145405.75
ML Engineer,Master,1.2,147518.45
ML Engineer,Master,1.5,150189.59
ML Engineer,Bachelor,0.0,130865.0
AI Researcher,Master,2.9,173824.61
DevOps Engineer,High School,2.0,125766.04
Backend Developer,Bachelor,2.5,121613.6
AI Researcher,Bachelor,2.9,166777.23
Data Scientist,PhD,4.3,187033.68
Backend Developer,Bachelor,2.4,120900.1
Software Engineer,Master,4.2,150944.18
Software Engineer,Bachelor,3.7,158194.38
Data Engineer,High School,0.5,118319.42
AI Researcher,Bachelor,4.5,195895.82
AI Researcher,PhD,0.2,151986.76
Backend Developer,Bachelor,2.3,130009.42
Backend Developer,PhD,3.1,143040.7
Cloud Architect,PhD,2.4,185745.34
AI Researcher,Master,1.2,155143.46
DevOps Engineer,Master,1.5,108677.79
ML Engineer,Master,2.7,161076.19
Cloud Architect,Master,2.4,181095.11
Cloud Architect,Bachelor,0.2,133708.88
DevOps Engineer,Bachelor,4.0,148030.46
ML Engineer,PhD,3.4,179669.98
Data Scientist,Bachelor,4.3,172694.28
Data Engineer,Bachelor,2.2,139766.87
Software Engineer,Bachelor,0.8,119697.2
Data Engineer,PhD,2.8,160035.38
ML Engineer,Bachelor,2.7,165170.18
DevOps Engineer,Master,0.0,102907.4
Software Engineer,Bachelor,2.0,131361.35
Software Engineer,Master,1.9,135899.08
Data Engineer,Master,3.9,157221.7
Backend Developer,Master,2.4,121953.44
Software Engineer,PhD,0.1,126092.14
Backend Developer,Master,3.5,135925.56
ML Engineer,PhD,5.6,212569.18
Cloud Architect,PhD,2.2,180988.68
AI Researcher,Master,0.0,138377.95
DevOps Engineer,High School,1.3,113211.15
Data Engineer,High School,0.6,124213.15
DevOps Engineer,Bachelor,0.0,103913.44
ML Engineer,Master,5.2,201629.33
Data Scientist,Bachelor,4.3,181273.74
Cloud Architect,Bachelor,0.6,145328.3
ML Engineer,Master,0.8,145439.32
AI Researcher,Master,3.0,179115.95
Backend Developer,Master,2.2,120062.51
Software Engineer,PhD,4.6,169511.21
ML Engineer,Master,0.0,122658.76
Data Engineer,Master,0.5,125480.28
AI Researcher,PhD,3.7,196606.86
Backend Developer,Bachelor,3.1,126901.69
Data Scientist,PhD,2.1,161904.56
Data Engineer,Bachelor,1.5,129396.31
Cloud Architect,Master,0.0,140384.79
Backend Developer,Bachelor,0.4,103893.44
Software Engineer,Bachelor,3.1,148789.78
Data Scientist,High School,2.0,150283.84
ML Engineer,Master,4.1,186942.8
DevOps Engineer,High School,1.2,121198.0
Data Scientist,Master,0.9,132028.3
Data Engineer,PhD,1.4,138041.41
ML Engineer,Bachelor,4.1,179938.0
DevOps Engineer,Master,1.9,121696.81
Data Engineer,PhD,3.8,168337.27
AI Researcher,PhD,1.2,167664.29
Cloud Architect,Bachelor,2.8,181406.49
Backend Developer,PhD,2.6,126454.66
Software Engineer,High School,2.4,133742.25
Cloud Architect,PhD,1.1,154436.47
DevOps Engineer,PhD,1.2,136135.72
AI Researcher,Master,2.5,164273.95
ML Engineer,Master,2.1,155830.28
Cloud Architect,Bachelor,1.1,152506.03
Cloud Architect,Master,1.8,176124.75
Data Scientist,Bachelor,1.6,148767.13
Backend Developer,PhD,2.9,135162.48
DevOps Engineer,Bachelor,0.0,107906.38
AI Researcher,Bachelor,1.6,150967.34
Software Engineer,Master,0.0,111266.57
Cloud Architect,PhD,3.6,205223.99
Data Scientist,Bachelor,1.8,144615.75
Data Engineer,Bachelor,1.4,129300.17
Software Engineer,High School,2.2,135905.34
DevOps Engineer,Master,0.3,104428.76
Software Engineer,PhD,0.4,117006.21
Software Engineer,Master,0.8,124614.33
Software Engineer,Master,2.3,138397.79
ML Engineer,PhD,3.5,182602.41
AI Researcher,PhD,2.3,177996.81
Data Engineer,Master,4.9,167839.09
Cloud Architect,Master,2.4,168872.08
Data Engineer,Master,2.9,149235.27
DevOps Engineer,PhD,1.8,139609.71
ML Engineer,High School,1.7,153826.65
Software Engineer,Master,4.2,151510.83
DevOps Engineer,PhD,0.0,120184.75
Data Scientist,PhD,0.0,128077.69
Software Engineer,Bachelor,0.0,109520.0
Data Scientist,High School,0.0,122981.86
Backend Developer,Bachelor,2.9,127799.0
Software Engineer,PhD,3.7,167899.21
Software Engineer,Bachelor,2.2,132063.11
DevOps Engineer,Bachelor,0.0,97649.79
Software Engineer,Bachelor,2.3,137619.11
DevOps Engineer,Bachelor,1.3,110570.5
ML Engineer,Bachelor,0.0,132172.56
AI Researcher,Bachelor,2.3,165074.92
AI Researcher,Master,4.0,188790.25
Cloud Architect,Master,0.5,149477.83
Data Scientist,Bachelor,4.5,176596.26
ML Engineer,Bachelor,0.9,135617.27
DevOps Engineer,Master,3.4,142443.8
Data Engineer,Master,0.0,113623.2
Software Engineer,Master,2.8,138311.55
Software Engineer,PhD,3.7,160774.75
Data Scientist,Bachelor,3.8,167951.83
Cloud Architect,Bachelor,2.5,169505.28
Backend Developer,PhD,2.2,138300.52
ML Engineer,Bachelor,2.4,170670.05
ML Engineer,Master,0.9,140019.1
Software Engineer,Master,1.2,130335.53
Backend Developer,Master,2.5,116195.34
Cloud Architect,Bachelor,2.1,169123.83
Data Scientist,Master,0.9,129316.08
ML Engineer,Bachelor,1.8,142397.54
DevOps Engineer,High School,4.5,146838.32
DevOps Engineer,Bachelor,2.9,136249.15
Software Engineer,Master,3.1,143166.7
Software Engineer,Bachelor,4.1,152525.36
AI Researcher,Bachelor,2.9,177509.87
Data Engineer,Master,1.1,126620.09
AI Researcher,PhD,0.9,164107.35
Data Engineer,Bachelor,2.6,139133.01
ML Engineer,Bachelor,1.3,144249.64
Data Scientist,PhD,1.4,148652.39
Data Engineer,PhD,3.0,159013.36
Backend Developer,Master,3.7,138143.5
ML Engineer,Master,3.6,172658.2
ML Engineer,Bachelor,2.4,162867.33
Backend Developer,Bachelor,2.2,110797.54
ML Engineer,Bachelor,1.7,146659.62
Cloud Architect,Master,3.7,196257.02
Software Engineer,Bachelor,3.2,145302.52
AI Researcher,Master,3.5,182933.78
AI Researcher,Bachelor,0.0,142789.92
Software Engineer,Bachelor,0.8,117226.54
DevOps Engineer,Master,0.9,117182.29
Data Scientist,PhD,2.7,166136.7
AI Researcher,Master,3.2,180831.99
ML Engineer,Bachelor,3.8,192943.24
Data Engineer,PhD,4.2,179676.22
Data Scientist,Master,3.3,159100.95
Software Engineer,Master,0.6,115547.82
Backend Developer,High School,3.6,133171.86
Data Scientist,High School,1.4,130370.05
Cloud Architect,High School,1.3,156107.68
Software Engineer,Bachelor,3.1,144079.37
Cloud Architect,Bachelor,3.0,178269.71
Backend Developer,Bachelor,3.2,135141.53
ML Engineer,Master,3.2,176803.59
Backend Developer,Bachelor,0.0,101615.61
Data Scientist,Bachelor,5.3,181825.32
ML Engineer,Bachelor,1.7,145346.59
Cloud Architect,Master,5.5,215629.99
DevOps Engineer,Master,1.9,132067.16
Cloud Architect,Bachelor,0.0,136646.06
Backend Developer,Master,3.3,133738.66
Software Engineer,PhD,2.3,144576.44
DevOps Engineer,PhD,2.7,134110.5
Data Engineer,Bachelor,5.4,176229.88
Cloud Architect,Bachelor,0.0,137235.73
Backend Developer,Bachelor,2.7,134074.23
Data Scientist,Master,3.1,155342.11
ML Engineer,Master,2.7,171351.78
DevOps Engineer,Bachelor,2.7,133702.72
Backend Developer,PhD,1.8,123074.2
Cloud Architect,Master,2.0,175231.17
ML Engineer,PhD,1.8,166983.97
AI Researcher,PhD,0.0,153719.75
Backend Developer,Bachelor,2.8,115177.42
Backend Developer,Bachelor,2.8,133427.01
Backend Developer,Bachelor,2.2,123753.3
DevOps Engineer,Master,1.4,116978.07
Backend Developer,High School,1.7,120822.1
ML Engineer,Master,1.5,147971.04
ML Engineer,Bachelor,0.5,135161.75
Backend Developer,Master,2.5,129257.6
Cloud Architect,Master,4.8,211817.38
DevOps Engineer,PhD,3.0,154726.3
DevOps Engineer,PhD,1.9,129446.44
Cloud Architect,High School,1.7,171667.02
Backend Developer,Bachelor,2.0,126395.01
Cloud Architect,PhD,2.4,186514.42
AI Researcher,Bachelor,2.9,171094.83
Cloud Architect,Bachelor,4.4,197291.88
AI Researcher,Bachelor,1.0,152396.57
ML Engineer,Bachelor,0.0,131890.21
Backend Developer,Bachelor,1.6,117706.59
Data Engineer,PhD,1.8,153172.54
Software Engineer,PhD,1.4,131793.8
Cloud Architect,Bachelor,3.1,173446.33
Backend Developer,Bachelor,1.0,106422.33
Backend Developer,Bachelor,3.5,129728.85
Backend Developer,High School,5.1,156128.18
Data Engineer,Bachelor,2.1,130536.68
DevOps Engineer,Bachelor,0.8,110711.97
ML Engineer,PhD,2.3,170097.05
Data Engineer,PhD,3.2,171996.05
AI Researcher,Master,3.3,180805.69
AI Researcher,PhD,0.3,153578.13
AI Researcher,Bachelor,2.7,175216.53
ML Engineer,PhD,4.2,189124.05
Backend Developer,Bachelor,0.0,105294.87
AI Researcher,Master,5.2,206827.32
Backend Developer,High School,3.5,139625.48
AI Researcher,Master,0.0,128586.13
Data Scientist,Master,1.9,137131.56
Backend Developer,Bachelor,0.6,105270.83
ML Engineer,Master,3.7,171350.78
Software Engineer,Master,0.0,110097.22
Software Engineer,PhD,4.3,162842.79
ML Engineer,Master,2.9,168624.92
Cloud Architect,PhD,0.0,155711.14
Software Engineer,PhD,3.3,153466.61
Backend Developer,Bachelor,0.8,113825.14
ML Engineer,Bachelor,6.1,220656.65
Data Scientist,Master,1.5,131063.16
Data Scientist,Master,0.0,118720.88
Data Scientist,Bachelor,4.3,167267.41
DevOps Engineer,PhD,2.8,150469.86
Cloud Architect,Bachelor,1.2,155691.17
ML Engineer,Master,3.7,174583.5
AI Researcher,Master,3.5,180690.95
AI Researcher,Bachelor,1.0,146356.9
Data Scientist,Bachelor,1.8,141220.2
Data Engineer,PhD,3.2,165790.35
DevOps Engineer,PhD,1.8,130299.93
Data Engineer,Bachelor,1.4,127937.69
ML Engineer,Bachelor,1.7,145065.64
Software Engineer,Bachelor,0.8,116058.26
ML Engineer,Bachelor,1.4,153151.47
Data Scientist,Bachelor,2.0,147140.02
Backend Developer,Bachelor,4.4,143259.98
AI Researcher,Master,1.1,147452.62
AI Researcher,PhD,2.1,168255.32
Data Engineer,Master,3.8,149416.27
ML Engineer,Bachelor,2.2,151387.47
Data Scientist,High School,2.2,149803.9
Backend Developer,PhD,3.5,138458.71
ML Engineer,PhD,3.8,194754.76
DevOps Engineer,Bachelor,1.3,116601.68
Data Engineer,Master,1.8,132483.72
ML Engineer,Bachelor,1.3,143826.83
ML Engineer,Master,1.2,147467.61
DevOps Engineer,Bachelor,2.6,135770.97
DevOps Engineer,Bachelor,1.3,121320.54
Backend Developer,PhD,4.2,157326.19
ML Engineer,Bachelor,0.4,145935.04
Cloud Architect,PhD,0.0,152921.15
Data Engineer,Bachelor,2.3,154132.55
AI Researcher,Bachelor,1.3,162788.31
Software Engineer,Bachelor,1.6,130860.01
Backend Developer,Master,0.9,97892.63
DevOps Engineer,Bachelor,2.9,134648.28
ML Engineer,Master,3.5,169378.32
Data Engineer,PhD,1.2,144817.69
AI Researcher,High School,2.7,173431.93
Cloud Architect,PhD,0.5,157837.28
AI Researcher,PhD,3.9,196680.17
ML Engineer,PhD,1.2,160747.28
AI Researcher,Bachelor,1.2,156548.4
Data Scientist,High School,0.0,123332.01
DevOps Engineer,Master,2.8,137586.02
Cloud Architect,PhD,1.8,183661.11
AI Researcher,Bachelor,1.3,151475.2
AI Researcher,Bachelor,0.0,131541.71
Backend Developer,Master,0.2,103903.19
Cloud Architect,Bachelor,0.6,153342.75
Data Scientist,High School,4.2,172114.23
Cloud Architect,Master,2.1,169071.27
DevOps Engineer,Bachelor,2.3,131761.94
Software Engineer,High School,1.1,128610.68
Data Scientist,PhD,2.2,159276.66
Data Engineer,PhD,0.4,122542.59
Cloud Architect,High School,0.9,152379.91
Backend Developer,Bachelor,2.0,122625.54
Data Scientist,Master,3.0,163568.7
Data Scientist,Master,2.6,142671.25
AI Researcher,Bachelor,0.7,144220.92
AI Researcher,Master,3.2,173851.9
AI Researcher,Master,2.4,165617.93
Backend Developer,Bachelor,1.8,125807.07
ML Engineer,Bachelor,0.5,139523.44
Cloud Architect,High School,3.7,191828.69
ML Engineer,Master,1.9,152732.07
AI Researcher,PhD,4.3,206015.51
ML Engineer,PhD,2.7,176969.63
AI Researcher,PhD,1.7,164152.93
ML Engineer,Master,3.0,173681.41
Data Scientist,Bachelor,0.6,126296.57
DevOps Engineer,High School,0.3,108175.65
DevOps Engineer,Bachelor,0.7,111651.29
Software Engineer,Master,3.7,149654.63
Data Scientist,Master,1.0,135220.26
DevOps Engineer,Bachelor,4.5,156823.08
Data Engineer,PhD,2.5,158344.97
AI Researcher,Bachelor,3.6,185355.98
Data Engineer,High School,1.0,129460.21
Cloud Architect,Bachelor,2.0,172414.27
Cloud Architect,Bachelor,5.7,222562.57
Data Scientist,Master,1.9,138454.08
DevOps Engineer,High School,3.1,136339.69
DevOps Engineer,PhD,0.5,124677.51
ML Engineer,Bachelor,2.4,163053.97
AI Researcher,Bachelor,4.4,198692.11
Data Scientist,PhD,2.3,158940.31
Software Engineer,High School,1.2,122384.17
Cloud Architect,Master,1.6,158726.55
AI Researcher,Master,2.5,161890.07
Software Engineer,Bachelor,2.1,136045.12
Backend Developer,PhD,2.2,127748.96
DevOps Engineer,Bachelor,2.0,119240.88
DevOps Engineer,Bachelor,0.8,120139.38
Data Scientist,PhD,2.3,154823.33
Backend Developer,Master,1.4,104538.04
Cloud Architect,Bachelor,2.3,172578.76
Cloud Architect,Bachelor,3.2,193012.27
Cloud Architect,Bachelor,0.9,151189.3
Data Scientist,Bachelor,1.0,132208.85
Cloud Architect,Bachelor,2.8,181416.46
Data Engineer,Master,1.0,119922.7
Data Scientist,Master,0.9,131192.33
Software Engineer,High School,2.2,129680.57
Backend Developer,Bachelor,0.2,96831.57
Software Engineer,PhD,0.0,116014.78
Data Scientist,Master,0.0,116856.32
Data Scientist,Bachelor,1.0,135598.21
Software Engineer,PhD,1.2,128017.16
ML Engineer,Master,1.0,146811.28
Data Scientist,Master,1.6,141229.81
Software Engineer,Master,1.5,129761.15
Data Scientist,Master,0.0,123455.8
AI Researcher,PhD,0.4,159308.7
Backend Developer,High School,1.2,108128.2
ML Engineer,Bachelor,0.5,133107.08
ML Engineer,Master,0.1,129720.95
Cloud Architect,Master,1.3,148999.29
Cloud Architect,Master,0.0,136149.65
Software Engineer,Master,1.0,117609.92
Data Engineer,Master,3.2,148422.78
Data Engineer,Bachelor,0.5,122582.48
Software Engineer,Bachelor,3.7,147902.57
Data Scientist,Master,0.0,128707.37
Software Engineer,Master,3.5,143982.67
ML Engineer,PhD,0.3,147927.27
DevOps Engineer,PhD,2.3,137848.42
Cloud Architect,Bachelor,1.4,156528.85
DevOps Engineer,Bachelor,3.7,137877.37
Data Scientist,Bachelor,3.2,156317.4
Software Engineer,Master,2.7,142902.09
AI Researcher,PhD,0.5,155259.35
Software Engineer,PhD,1.2,141839.31
AI Researcher,PhD,2.2,178055.84
Backend Developer,PhD,0.0,111140.2
Software Engineer,PhD,3.0,151722.2
Backend Developer,Bachelor,5.6,163158.8
Backend Developer,Bachelor,1.4,117324.62
Data Engineer,High School,1.1,130126.3
Cloud Architect,Bachelor,0.8,153730.29
ML Engineer,Master,2.2,164473.14
ML Engineer,Master,2.8,165254.08
Cloud Architect,PhD,0.5,172215.88
Cloud Architect,Master,2.0,156840.06
ML Engineer,PhD,2.3,169215.58
Data Engineer,Master,0.0,111758.36
AI Researcher,Bachelor,1.1,142065.47
DevOps Engineer,Bachelor,3.1,142243.18
Backend Developer,Master,2.6,127281.39
AI Researcher,Master,3.1,175501.94
Data Engineer,Master,2.0,140614.2
Cloud Architect,High School,3.9,187655.47
Data Engineer,Master,1.0,129372.64
Backend Developer,Master,2.8,124856.22
Backend Developer,PhD,2.2,133719.52
Data Engineer,Bachelor,0.6,126759.64
Cloud Architect,Master,1.7,159121.95
AI Researcher,Bachelor,0.6,145214.42
Data Engineer,High School,2.4,147871.62
Cloud Architect,PhD,3.3,201337.42
Software Engineer,Master,4.5,148159.82
AI Researcher,Bachelor,1.8,160674.99
AI Researcher,Master,3.9,190432.36
DevOps Engineer,Bachelor,2.8,134664.38
Software Engineer,Bachelor,3.2,149146.49
AI Researcher,Master,3.3,181850.24
DevOps Engineer,Bachelor,3.0,132116.59
Software Engineer,Bachelor,0.0,106678.26
ML Engineer,Bachelor,0.0,122829.07
Software Engineer,PhD,3.2,149575.99
Cloud Architect,Master,1.0,155050.77
Backend Developer,Bachelor,3.7,147212.55
AI Researcher,Bachelor,4.5,190999.73
DevOps Engineer,Master,4.9,161407.35
Backend Developer,Bachelor,1.4,104289.89
ML Engineer,Master,3.1,166689.49
AI Researcher,Master,3.8,183289.9
Cloud Architect,Master,2.3,173814.04
Data Engineer,Bachelor,3.0,147404.33
Cloud Architect,PhD,1.3,171749.34
Backend Developer,Bachelor,2.8,117652.27
Software Engineer,Bachelor,2.1,129445.02
AI Researcher,Master,5.7,211898.53
Backend Developer,Bachelor,0.0,104199.39
Cloud Architect,Bachelor,1.5,165612.29
Backend Developer,Master,1.6,109695.43
AI Researcher,PhD,2.5,179084.51
DevOps Engineer,High School,3.1,143443.93
Cloud Architect,High School,3.2,174069.99
Data Engineer,High School,1.0,121024.16
Data Engineer,Bachelor,2.7,145539.18
ML Engineer,Master,3.7,178444.76
Data Engineer,Bachelor,1.1,120777.55
Data Engineer,Bachelor,0.0,117337.97
Backend Developer,Bachelor,1.7,117891.34
DevOps Engineer,Master,1.8,121752.37
Cloud Architect,Bachelor,0.0,138525.8
Data Scientist,Bachelor,3.0,154057.18
Data Engineer,High School,2.9,140495.8
Backend Developer,Master,1.9,116527.11
Backend Developer,Master,1.8,121150.56
DevOps Engineer,Bachelor,0.2,102564.93
Software Engineer,Bachelor,0.8,113793.88
DevOps Engineer,Bachelor,2.2,128705.46
Data Scientist,PhD,2.1,154228.63
Data Engineer,Bachelor,0.0,123357.26
Software Engineer,Bachelor,1.9,130429.0
Backend Developer,Bachelor,0.0,93136.35
Software Engineer,PhD,4.2,168722.99
Backend Developer,High School,2.1,114677.37
DevOps Engineer,Master,1.2,110724.32
Cloud Architect,PhD,0.0,147545.54
Data Scientist,PhD,0.5,137246.49
Software Engineer,Master,5.2,162273.81
Data Scientist,Master,2.3,143202.84
Cloud Architect,Master,1.3,158189.36
Cloud Architect,High School,2.0,160041.65
ML Engineer,Master,0.1,126839.24
Software Engineer,Bachelor,4.4,158790.03
ML Engineer,Master,2.8,169002.31
Data Engineer,Bachelor,2.0,133623.17
Data Scientist,Bachelor,2.2,135664.14
Data Engineer,PhD,4.0,179657.01
Software Engineer,Bachelor,1.9,130487.34
AI Researcher,Bachelor,2.2,166612.1
Software Engineer,Bachelor,1.0,127222.58
Backend Developer,Bachelor,3.1,132607.81
ML Engineer,Master,1.8,153738.68
Software Engineer,Master,4.3,159797.94
ML Engineer,Bachelor,1.9,160577.83
Data Scientist,Master,1.3,134714.16
AI Researcher,Master,1.7,158381.96
Data Scientist,Bachelor,1.3,132397.73
Data Scientist,PhD,2.2,167362.99
ML Engineer,Master,4.1,177009.99
DevOps Engineer,Bachelor,0.7,106175.33
Data Engineer,High School,3.5,160109.43
ML Engineer,Master,0.7,141211.94
DevOps Engineer,Bachelor,0.7,118526.5
Software Engineer,Bachelor,3.3,148799.4
Data Scientist,Bachelor,4.4,176080.19
Software Engineer,PhD,3.2,154505.64
Cloud Architect,Master,2.3,172049.58
DevOps Engineer,PhD,1.1,120216.61
Software Engineer,Master,4.0,157120.95
AI Researcher,Master,0.9,146632.97
DevOps Engineer,Bachelor,3.6,137681.74
ML Engineer,Master,0.5,128979.72
DevOps Engineer,High School,3.3,142470.56
Cloud Architect,Bachelor,3.3,184211.09
Software Engineer,High School,3.5,145815.26
Software Engineer,Bachelor,0.0,111442.1
Data Scientist,Bachelor,2.9,150147.21
Backend Developer,Bachelor,1.2,111750.63
Backend Developer,Bachelor,3.1,126392.59
Data Scientist,Bachelor,1.1,132458.15
DevOps Engineer,Master,2.9,134619.8
DevOps Engineer,High School,2.8,133539.54
ML Engineer,PhD,1.9,171512.88
Data Engineer,Master,2.5,143570.49
Software Engineer,Master,1.5,131427.16
Data Scientist,High School,0.0,116139.06
ML Engineer,Bachelor,3.9,182140.78
Software Engineer,Master,1.0,117384.65
Backend Developer,Bachelor,2.9,128586.6
ML Engineer,Master,2.3,166805.32
DevOps Engineer,Bachelor,1.2,124516.76
Data Scientist,Master,0.5,131308.12
Data Engineer,Master,1.7,130295.53
Cloud Architect,PhD,2.2,181136.14
Data Scientist,PhD,0.8,137611.15
Data Engineer,PhD,3.3,166118.36
AI Researcher,Bachelor,2.9,185611.38
ML Engineer,Master,3.1,171110.97
Data Engineer,Master,1.5,133204.99
Cloud Architect,Master,1.2,163376.14
ML Engineer,High School,0.0,128242.79
Data Engineer,Bachelor,2.2,143468.38
ML Engineer,PhD,2.2,175839.81
AI Researcher,Bachelor,2.3,159382.65
Cloud Architect,Bachelor,1.4,160955.43
DevOps Engineer,Bachelor,0.1,102039.78
DevOps Engineer,Master,1.6,126898.01
Data Engineer,Bachelor,0.9,116334.44
DevOps Engineer,Master,3.2,142958.07
Data Engineer,Master,2.1,141387.62
DevOps Engineer,Bachelor,1.6,120967.08
DevOps Engineer,PhD,3.3,151506.62
AI Researcher,Master,2.5,168270.68
Backend Developer,Master,0.2,101419.76
Data Engineer,Bachelor,3.9,164334.87
Data Scientist,Master,2.4,138289.56
Data Engineer,Master,2.3,146110.29
Cloud Architect,Master,1.0,154883.04
Software Engineer,Bachelor,1.5,129773.94
Backend Developer,Bachelor,2.2,123004.1
Data Engineer,Bachelor,2.5,145793.4
Backend Developer,Master,1.2,114967.02
AI Researcher,Bachelor,4.2,175518.93
DevOps Engineer,Bachelor,2.3,129103.62
AI Researcher,PhD,1.2,159893.43
Software Engineer,Master,2.6,139808.41
AI Researcher,Master,1.1,149198.08
Data Scientist,Master,3.5,161556.7
Cloud Architect,High School,2.4,171963.75
Data Scientist,Bachelor,1.6,142320.82
ML Engineer,Bachelor,1.5,142217.27
Software Engineer,Bachelor,0.0,101173.28
Backend Developer,Bachelor,1.8,116155.0
Data Engineer,Master,5.0,174805.99
Data Scientist,Master,1.3,136355.21
DevOps Engineer,PhD,0.0,115040.33
Cloud Architect,High School,0.0,144817.58
Data Engineer,Bachelor,0.0,111795.83
Backend Developer,Bachelor,1.3,104285.1
ML Engineer,PhD,1.7,171967.66
Software Engineer,Master,1.5,126455.42
Data Engineer,PhD,2.5,157882.79
ML Engineer,PhD,0.4,136749.96
ML Engineer,High School,2.8,165219.93
Backend Developer,Bachelor,0.0,94119.32
Data Engineer,Bachelor,1.9,145241.55
ML Engineer,PhD,3.4,183520.39
Backend Developer,Master,1.3,108083.56
Software Engineer,Bachelor,1.8,126560.01
AI Researcher,Master,3.4,178958.25
ML Engineer,Bachelor,0.4,130140.94
AI Researcher,Bachelor,1.8,149531.16
DevOps Engineer,Bachelor,3.8,145051.42
Software Engineer,PhD,0.0,117547.71
Cloud Architect,Master,0.4,150403.08
Software Engineer,Bachelor,2.6,142507.6
DevOps Engineer,PhD,3.1,139246.34
Data Engineer,Master,1.0,132481.39
Data Engineer,Master,0.0,117986.44
Software Engineer,Bachelor,1.9,125598.96
Cloud Architect,Bachelor,2.6,174791.65
Software Engineer,Master,2.2,142334.92
Data Engineer,High School,4.3,167737.63
Data Engineer,Master,4.4,164425.12
ML Engineer,Bachelor,2.7,173541.84
Cloud Architect,Master,2.7,184168.84
Software Engineer,Bachelor,0.4,113676.28
Software Engineer,PhD,1.6,148794.03
Data Engineer,Bachelor,0.9,112428.2
Software Engineer,Master,3.4,148348.69
Software Engineer,High School,2.9,143835.48
Data Scientist,High School,3.5,168108.15
Data Engineer,PhD,4.7,177796.01
Software Engineer,High School,2.5,137963.91
Cloud Architect,Master,2.8,180309.97
Data Scientist,Bachelor,4.4,179649.45
ML Engineer,High School,0.0,133071.24
Software Engineer,Master,1.4,126071.32
Backend Developer,Bachelor,0.8,106242.27
Software Engineer,Bachelor,3.4,145531.05
Backend Developer,PhD,2.5,126902.42
AI Researcher,Bachelor,3.2,179165.45
ML Engineer,PhD,1.0,148801.76
Backend Developer,Bachelor,0.6,106875.72
DevOps Engineer,High School,1.8,117600.01
AI Researcher,Bachelor,2.9,169376.26
Backend Developer,Master,2.1,116922.13
Data Engineer,Master,0.0,120454.43
Data Engineer,Bachelor,2.7,149687.64
Software Engineer,Bachelor,0.2,115437.33
DevOps Engineer,Bachelor,0.0,98785.78
Backend Developer,PhD,1.0,119089.3
Software Engineer,High School,0.4,107407.93
Software Engineer,Bachelor,1.9,129439.07
Data Engineer,Bachelor,2.7,145255.19
Backend Developer,PhD,4.4,143598.12
Data Engineer,PhD,2.0,144646.26
Data Scientist,Bachelor,2.4,146857.44
DevOps Engineer,PhD,2.3,139866.83
Cloud Architect,Bachelor,4.2,198880.2
AI Researcher,Bachelor,2.3,166864.06
Cloud Architect,Bachelor,2.3,179329.19
Software Engineer,Master,1.4,125244.46
AI Researcher,Bachelor,6.1,212506.44
Data Engineer,High School,2.0,137960.65
AI Researcher,PhD,0.0,152303.07
Data Scientist,Bachelor,2.6,153047.92
Data Engineer,High School,2.9,146970.4
AI Researcher,Master,3.4,180892.9
Cloud Architect,PhD,1.9,181123.6
Backend Developer,High School,0.9,108218.18
Cloud Architect,Bachelor,2.9,178954.43
Software Engineer,Master,2.5,146522.68
Software Engineer,PhD,0.8,123702.8
DevOps Engineer,PhD,2.8,137326.19
Software Engineer,Bachelor,2.8,137167.57
AI Researcher,Bachelor,0.5,138467.01
DevOps Engineer,Master,1.9,125922.16
Cloud Architect,Bachelor,2.9,182831.74
Data Scientist,Bachelor,2.1,146221.31
Cloud Architect,PhD,4.4,212095.73
Software Engineer,PhD,2.4,149151.54
AI Researcher,Master,2.5,169274.12
Software Engineer,PhD,1.9,142145.67
DevOps Engineer,PhD,3.5,142846.91
Software Engineer,Bachelor,3.2,152676.72
AI Researcher,High School,1.1,137065.53
Software Engineer,Master,3.0,144026.05
Data Scientist,Bachelor,4.1,174960.97
Software Engineer,High School,2.7,137837.52
Data Scientist,Master,0.0,119399.13
Cloud Architect,Master,3.8,193229.41
DevOps Engineer,Bachelor,0.5,113487.06
AI Researcher,PhD,3.6,193830.08
Backend Developer,Bachelor,1.2,111240.32
Backend Developer,Master,2.0,113367.02
ML Engineer,Master,1.4,150059.9
Backend Developer,High School,1.4,119846.15
Cloud Architect,Master,1.6,164706.76
Cloud Architect,Bachelor,0.9,152246.05
AI Researcher,Bachelor,1.8,154581.3
Data Scientist,PhD,4.6,183209.74
AI Researcher,PhD,1.3,170822.41
Software Engineer,Master,2.5,137471.98
Data Engineer,Bachelor,1.6,134694.02
Backend Developer,Bachelor,4.2,143497.04
Data Scientist,PhD,3.1,163153.74
Data Engineer,Bachelor,3.8,166509.76
ML Engineer,Bachelor,1.4,139827.32
Backend Developer,High School,1.5,112337.76
Cloud Architect,Master,3.5,192408.29
Cloud Architect,Bachelor,3.2,177018.83
Software Engineer,High School,1.9,128139.91
AI Researcher,Bachelor,5.1,203638.11
DevOps Engineer,PhD,2.2,139635.47
Cloud Architect,PhD,1.1,167710.15
Data Scientist,Master,3.0,150402.06
Cloud Architect,Bachelor,2.7,176713.79
AI Researcher,Bachelor,2.8,174015.83
Data Scientist,Master,1.8,141535.45
Data Scientist,Master,0.6,122079.77
DevOps Engineer,PhD,1.7,137968.02
Backend Developer,Master,0.0,98027.93
Data Engineer,PhD,0.0,124150.71
Data Engineer,Bachelor,1.1,135204.2
Software Engineer,Bachelor,0.0,111155.5
AI Researcher,Bachelor,4.0,191886.84
Software Engineer,Bachelor,2.0,129998.31
DevOps Engineer,Master,0.7,117920.96
DevOps Engineer,PhD,2.2,140697.4
ML Engineer,Bachelor,2.6,162308.06
Data Engineer,PhD,2.4,150071.16
Data Engineer,Bachelor,1.3,140976.71
Backend Developer,Bachelor,2.1,124879.79
AI Researcher,Master,0.5,146508.86
Data Scientist,Bachelor,1.2,134747.0
Data Scientist,Master,0.0,124233.62
Backend Developer,Bachelor,3.1,135511.07
AI Researcher,Bachelor,1.8,161860.65
Data Scientist,High School,0.5,135698.45
Data Scientist,Master,1.3,132600.4
AI Researcher,Master,3.0,182116.55
ML Engineer,PhD,0.2,139264.05
Data Scientist,Bachelor,2.6,154329.75
ML Engineer,PhD,2.3,176695.37
Backend Developer,Bachelor,4.1,139708.83
DevOps Engineer,Bachelor,0.0,109795.74
Data Scientist,Master,2.4,152694.86
ML Engineer,PhD,2.0,169211.32
Data Scientist,High School,0.8,124204.1
Backend Developer,PhD,5.3,169216.75
Software Engineer,Bachelor,3.9,150294.08
AI Researcher,Bachelor,3.1,180877.35
Data Scientist,Bachelor,3.7,150927.31
Cloud Architect,Bachelor,0.2,147948.92
Data Scientist,Bachelor,0.9,138095.92
Backend Developer,Bachelor,3.0,125402.18
Data Engineer,PhD,2.9,163470.33
Backend Developer,Master,0.6,106277.5
Data Engineer,Bachelor,2.9,148406.93
AI Researcher,High School,2.5,162951.46
Data Scientist,Master,0.0,110713.55
AI Researcher,PhD,2.1,168509.38
Backend Developer,Master,3.4,129126.5
DevOps Engineer,Master,2.0,126695.58
Software Engineer,Master,0.6,112359.09
Data Engineer,Bachelor,1.8,131516.53
Cloud Architect,Bachelor,3.1,188689.0
Backend Developer,Master,0.9,114182.01
ML Engineer,Master,2.9,175348.38
Backend Developer,Bachelor,1.2,115684.27
Cloud Architect,Master,2.9,176819.35
Data Scientist,Bachelor,4.0,166055.35
DevOps Engineer,Master,4.6,149816.2
Data Scientist,High School,2.4,139864.63
Data Engineer,Bachelor,3.5,160647.15
Software Engineer,Bachelor,1.1,119215.4
Data Scientist,High School,1.7,145453.04
Data Engineer,Master,4.0,158290.47
DevOps Engineer,Master,2.8,140567.31
Software Engineer,Master,2.1,142324.92
Cloud Architect,Bachelor,2.9,185599.21
ML Engineer,Master,0.0,130629.46
Cloud Architect,Master,3.1,183315.34
Data Scientist,Bachelor,1.8,137702.19
Data Engineer,Master,0.8,127671.44
Cloud Architect,PhD,1.3,174257.39
Data Engineer,High School,5.3,167634.0
Software Engineer,PhD,1.0,129359.01
ML Engineer,PhD,1.4,167351.94
AI Researcher,High School,2.8,163910.81
Data Scientist,Bachelor,1.0,131023.78
ML Engineer,High School,1.4,147093.7
DevOps Engineer,High School,3.0,142563.99
ML Engineer,Bachelor,2.2,162396.38
Backend Developer,Master,2.6,131043.51
DevOps Engineer,Bachelor,0.9,117962.78
AI Researcher,Bachelor,1.6,171058.89
Cloud Architect,Bachelor,2.0,168788.9
DevOps Engineer,Bachelor,3.1,142434.56
Cloud Architect,PhD,2.0,178763.26
Backend Developer,PhD,3.1,138880.21
Data Scientist,Bachelor,3.9,165398.25
Software Engineer,PhD,3.3,149838.57
Cloud Architect,Master,0.3,137564.03
Data Engineer,Bachelor,3.7,157273.86
Data Engineer,Bachelor,1.3,125853.22
ML Engineer,PhD,2.2,171820.48
Backend Developer,Bachelor,2.3,115291.15
Cloud Architect,Bachelor,3.3,190257.55
Cloud Architect,PhD,2.3,193292.56
DevOps Engineer,Bachelor,0.8,103242.39
Data Scientist,PhD,0.0,132992.61
ML Engineer,Master,0.0,133427.69
Data Engineer,Bachelor,5.5,183936.46
Cloud Architect,High School,3.3,194022.74
AI Researcher,Master,1.4,155465.24
Software Engineer,Bachelor,2.7,143773.06
Backend Developer,Master,5.4,161062.41
DevOps Engineer,High School,0.0,109985.48
Cloud Architect,PhD,0.8,175901.45
Cloud Architect,Master,0.0,132499.13
Data Scientist,Bachelor,2.7,149691.14
DevOps Engineer,Master,3.1,136611.02
Data Engineer,Bachelor,1.6,134330.56
ML Engineer,Bachelor,1.4,146378.77
ML Engineer,Master,2.9,170525.2
Software Engineer,Bachelor,0.4,103411.49
AI Researcher,Bachelor,3.0,175875.7
DevOps Engineer,Master,2.6,128718.99
Data Scientist,PhD,1.0,152136.11
Software Engineer,Bachelor,1.8,121363.96
Data Engineer,Bachelor,0.6,120582.97
AI Researcher,High School,2.6,173787.98
DevOps Engineer,High School,2.2,131333.7
AI Researcher,Bachelor,3.2,174998.88
AI Researcher,Bachelor,0.3,128656.2
ML Engineer,Bachelor,2.9,169209.73
Data Engineer,Bachelor,3.3,158431.83
Software Engineer,High School,1.6,127433.12
Software Engineer,Bachelor,2.9,147196.98
AI Researcher,Bachelor,1.1,152155.68
Backend Developer,PhD,2.9,140430.69
AI Researcher,Master,0.1,134660.04
ML Engineer,PhD,1.8,175659.41
Data Scientist,Master,2.9,157020.03
ML Engineer,Master,3.5,179044.45
AI Researcher,PhD,2.0,177702.46
DevOps Engineer,PhD,1.5,132256.3
DevOps Engineer,PhD,4.2,161495.96
Backend Developer,Master,3.8,144397.16
Data Scientist,Master,3.4,160797.6
ML Engineer,High School,1.8,156596.65
Backend Developer,Bachelor,1.8,124875.8
AI Researcher,Bachelor,2.2,158613.41
Backend Developer,Bachelor,3.4,132875.22
Software Engineer,Bachelor,4.5,148882.65
DevOps Engineer,Master,0.3,118585.32
DevOps Engineer,PhD,0.0,121612.9
DevOps Engineer,Master,1.2,106115.85
DevOps Engineer,Master,2.9,143000.4
Backend Developer,Master,4.4,144087.73
Data Scientist,High School,2.7,155735.37
DevOps Engineer,Bachelor,4.5,152628.82
Cloud Architect,Master,3.2,194438.56
Data Scientist,Master,2.4,138727.63
Data Engineer,Bachelor,5.0,177109.5
AI Researcher,Master,3.8,188969.43
Software Engineer,Bachelor,0.8,115001.93
Backend Developer,Master,1.6,108951.67
DevOps Engineer,PhD,2.2,130648.77
Data Engineer,High School,2.7,141904.47
Backend Developer,Bachelor,3.0,125939.84
Data Engineer,Bachelor,3.0,152342.59
AI Researcher,PhD,0.0,154638.17
AI Researcher,PhD,3.8,204783.68
ML Engineer,Master,1.1,146532.82
Data Engineer,Bachelor,0.1,112554.44
Data Engineer,Bachelor,5.3,181252.46
AI Researcher,Bachelor,1.8,156832.09
Backend Developer,Master,4.4,146314.88
ML Engineer,PhD,0.0,148401.84
AI Researcher,Bachelor,3.6,177408.47
Software Engineer,Master,2.6,140495.82
DevOps Engineer,Master,1.2,108510.85
DevOps Engineer,Master,4.7,149456.13
Data Engineer,Bachelor,4.5,164066.9
Backend Developer,Master,3.7,138426.41
DevOps Engineer,Master,0.0,111742.11
ML Engineer,PhD,2.3,168017.13
Data Scientist,Master,1.6,140285.5
AI Researcher,PhD,1.5,162906.09
Backend Developer,Master,2.8,136124.84
Data Scientist,Bachelor,0.6,131752.21
Data Engineer,PhD,3.3,169966.96
DevOps Engineer,Bachelor,4.5,158976.41
Software Engineer,PhD,4.2,167147.3
ML Engineer,Master,1.5,159601.12
DevOps Engineer,Master,3.0,129418.02
AI Researcher,Master,3.6,181258.34
DevOps Engineer,Bachelor,1.0,121144.43
AI Researcher,Bachelor,2.8,156815.01
Backend Developer,High School,0.2,103610.32
Backend Developer,Bachelor,0.0,92077.51
Data Engineer,Master,4.2,159378.04
Data Scientist,High School,0.9,123141.03
DevOps Engineer,High School,1.6,128865.72
Backend Developer,Bachelor,0.0,100702.43
Data Engineer,PhD,3.2,169026.14
Data Scientist,Master,3.2,159860.68
Cloud Architect,PhD,0.8,170672.73
Data Engineer,Bachelor,2.5,144663.27
Data Engineer,High School,2.4,143895.49
Data Scientist,Bachelor,1.7,139667.27
Data Scientist,Bachelor,4.7,173234.57
Software Engineer,Bachelor,0.1,114008.96
Data Scientist,PhD,0.0,139720.71
Cloud Architect,Master,3.7,187928.56
Data Scientist,Master,0.8,127899.98
DevOps Engineer,Bachelor,2.1,116765.82
ML Engineer,PhD,3.1,191630.73
Software Engineer,Bachelor,1.0,119372.26
Data Engineer,Bachelor,0.5,122413.08
Cloud Architect,Master,4.7,198585.46
Data Scientist,High School,0.0,117610.09
Software Engineer,Bachelor,0.2,101954.56
Data Scientist,PhD,3.7,177668.44
Software Engineer,Bachelor,1.6,125900.83
Backend Developer,PhD,3.2,137357.21
Backend Developer,Master,2.8,133860.12
Software Engineer,Master,0.9,125821.67
Data Engineer,Bachelor,1.1,130947.17
Backend Developer,PhD,0.0,109584.95
Cloud Architect,Master,1.9,168871.79
Cloud Architect,Bachelor,2.4,175014.54
DevOps Engineer,PhD,0.0,121225.84
AI Researcher,Bachelor,0.7,139741.41
Backend Developer,PhD,2.5,128770.25
AI Researcher,PhD,1.8,174889.32
Software Engineer,PhD,0.9,124758.87
Cloud Architect,Bachelor,0.0,142165.06
ML Engineer,PhD,3.4,191952.45
Software Engineer,PhD,0.8,132715.49
AI Researcher,Master,1.8,153541.34
Data Engineer,Master,0.9,124995.19
AI Researcher,Bachelor,3.0,179902.69
DevOps Engineer,Bachelor,1.1,113910.1
Data Scientist,High School,1.7,140118.74
Data Scientist,Master,3.2,160200.9
DevOps Engineer,Master,2.7,143641.28
Cloud Architect,Bachelor,3.0,179725.61
Data Scientist,Master,3.6,156397.04
Software Engineer,Bachelor,2.9,145654.28
Data Engineer,Master,4.7,167433.4
ML Engineer,PhD,2.8,185833.12
DevOps Engineer,Master,3.3,142562.74
DevOps Engineer,PhD,1.2,132653.03
DevOps Engineer,PhD,5.0,171728.9
Cloud Architect,Master,4.8,208972.46
Data Engineer,Bachelor,2.3,135704.03
Cloud Architect,Master,3.0,183224.49
Data Engineer,Master,2.5,144241.4
DevOps Engineer,Master,0.0,115417.56
Data Engineer,Master,3.7,160911.7
Data Scientist,PhD,1.7,146590.75
Data Engineer,PhD,2.6,161673.93
ML Engineer,High School,1.9,149141.31
DevOps Engineer,High School,1.1,114257.14
Data Engineer,PhD,1.6,142228.89
AI Researcher,Master,1.8,162815.1
ML Engineer,Bachelor,1.0,150937.33
AI Researcher,Bachelor,0.9,151753.71
DevOps Engineer,High School,3.1,138641.88
Cloud Architect,Bachelor,3.4,187300.67
Software Engineer,Bachelor,3.6,148408.62
Cloud Architect,PhD,4.2,213391.02
Data Scientist,Master,0.4,122010.85
ML Engineer,Master,0.9,143363.65
Data Scientist,PhD,2.4,161543.9
Software Engineer,Master,1.9,134470.24
Cloud Architect,PhD,2.5,188197.22
Data Scientist,Master,3.3,171576.62
Data Scientist,Bachelor,1.0,129943.08
Data Engineer,Bachelor,2.3,138918.51
DevOps Engineer,Master,1.8,123057.42
Data Scientist,High School,2.2,148358.34
DevOps Engineer,Master,1.0,112162.63
Data Engineer,PhD,0.2,132574.71
AI Researcher,Bachelor,0.9,144785.99
Cloud Architect,Master,2.2,170152.52
AI Researcher,Bachelor,1.7,160349.7
Backend Developer,Bachelor,2.7,121244.54
DevOps Engineer,PhD,0.6,126630.98
DevOps Engineer,Bachelor,4.2,139024.68
Data Engineer,Bachelor,2.0,124129.35
Cloud Architect,Master,1.8,160245.35
AI Researcher,High School,2.4,165440.54
Backend Developer,Bachelor,2.1,110859.83
Software Engineer,Master,3.9,153770.49
AI Researcher,PhD,0.6,147274.05
DevOps Engineer,PhD,1.0,121266.63
Software Engineer,PhD,2.5,158927.32
Software Engineer,Master,5.6,178147.0
Software Engineer,High School,1.9,128604.53
Data Scientist,Bachelor,2.3,149559.08
Backend Developer,Master,2.8,128318.29
Data Engineer,PhD,0.3,127214.6
DevOps Engineer,High School,3.1,136298.7
DevOps Engineer,High School,0.0,103351.99
DevOps Engineer,PhD,1.5,130385.42
AI Researcher,PhD,1.9,178818.18
AI Researcher,Master,0.0,136019.39
Software Engineer,PhD,4.2,172346.17
AI Researcher,Bachelor,0.0,126550.12
AI Researcher,Bachelor,3.2,187684.52
Data Engineer,Master,1.0,134852.96
Cloud Architect,Bachelor,2.7,178901.93
Data Scientist,Bachelor,2.0,139414.07
DevOps Engineer,High School,2.2,136047.4
ML Engineer,Master,1.2,146110.55
AI Researcher,Bachelor,2.0,164859.84
DevOps Engineer,Bachelor,4.8,161827.07
ML Engineer,Bachelor,1.3,143849.46
DevOps Engineer,Bachelor,0.6,108704.74
Data Engineer,PhD,1.6,146797.91
DevOps Engineer,Master,4.7,146368.56
Data Engineer,Master,2.8,151146.15
Data Scientist,Bachelor,2.4,148688.33
Backend Developer,High School,1.3,112452.42
Software Engineer,Master,0.0,113701.45
ML Engineer,Bachelor,1.9,151628.51
Data Engineer,Bachelor,0.0,123769.76
Data Scientist,Master,1.7,145465.04
Software Engineer,Master,0.0,113780.07
Data Engineer,Bachelor,1.9,147718.9
Data Engineer,Bachelor,0.0,111188.6
Backend Developer,Bachelor,0.0,106954.44
DevOps Engineer,Master,0.0,104789.66
Data Scientist,Master,1.1,135448.53
Backend Developer,Bachelor,0.5,110991.12
ML Engineer,Master,3.5,172594.2
DevOps Engineer,Bachelor,1.6,124762.05
DevOps Engineer,Master,2.1,130946.97
Data Engineer,Bachelor,3.7,161814.78
Data Scientist,Bachelor,3.3,158357.48
Data Scientist,Bachelor,3.2,165815.79
DevOps Engineer,PhD,3.3,158995.99
Backend Developer,Bachelor,3.0,126672.41
Data Engineer,Bachelor,1.7,127154.16
Data Engineer,PhD,4.7,176281.21
Cloud Architect,Bachelor,4.6,197429.58
Software Engineer,High School,1.8,133123.34
Cloud Architect,PhD,0.6,162977.16
Cloud Architect,Bachelor,2.7,174349.44
Data Scientist,Bachelor,2.0,150526.79
AI Researcher,Master,0.3,136343.29
Data Scientist,PhD,1.1,143311.59
Backend Developer,Bachelor,0.8,116567.46
ML Engineer,Master,2.4,166727.56
Data Engineer,High School,0.0,105233.13
Data Engineer,Bachelor,3.0,153657.81
Data Engineer,PhD,1.6,154164.97
ML Engineer,Master,2.5,160237.5
Cloud Architect,Master,1.0,158427.3
ML Engineer,PhD,0.0,150733.13
DevOps Engineer,High School,0.0,106737.86
ML Engineer,PhD,0.8,150167.44
ML Engineer,PhD,5.8,223641.67
Backend Developer,Master,0.4,102544.91
DevOps Engineer,Bachelor,1.0,129741.46
Data Engineer,Bachelor,2.7,149989.51
AI Researcher,Bachelor,2.4,166045.25
Data Engineer,Master,2.0,145960.84
ML Engineer,PhD,0.9,154442.19
Data Scientist,Master,4.6,167868.7
ML Engineer,Bachelor,1.9,151741.13
Data Engineer,Master,1.4,131264.41
Data Engineer,Master,0.0,117641.48
Backend Developer,Master,1.2,118522.96
Data Scientist,Master,1.7,144181.0
Data Engineer,Bachelor,2.7,142713.22
Data Engineer,High School,5.0,168303.52
Backend Developer,Master,2.0,120167.57
Software Engineer,Bachelor,0.0,106328.1
DevOps Engineer,Bachelor,1.2,113240.98
Data Engineer,PhD,1.0,141360.24
AI Researcher,Bachelor,4.1,185075.69
AI Researcher,Master,0.0,134320.13
Cloud Architect,PhD,1.5,179037.65
Cloud Architect,Master,2.6,178480.06
DevOps Engineer,Master,2.4,129321.16
DevOps Engineer,Master,3.7,145730.45
ML Engineer,PhD,0.0,147915.92
Software Engineer,High School,0.4,116877.52
ML Engineer,Master,3.4,178596.9
AI Researcher,Master,3.6,191633.11
DevOps Engineer,Master,0.0,101264.48
Data Engineer,High School,3.2,152809.47
ML Engineer,Master,3.0,171443.77
Cloud Architect,High School,0.0,138789.27
Data Scientist,Master,0.0,119370.27
Data Scientist,Bachelor,0.4,120633.09
Cloud Architect,Master,0.0,135342.18
AI Researcher,PhD,0.5,149987.35
ML Engineer,Bachelor,1.9,150915.87
Cloud Architect,PhD,0.8,169112.22
Backend Developer,Master,1.5,121734.59
Data Scientist,High School,2.3,148940.79
Data Scientist,Master,2.1,148964.1
Data Scientist,Bachelor,2.2,144475.84
DevOps Engineer,PhD,1.4,133116.22
Software Engineer,Master,0.8,122780.28
Backend Developer,Bachelor,2.6,124786.99
AI Researcher,Master,0.5,139562.12
DevOps Engineer,Bachelor,2.4,131526.17
Cloud Architect,Master,1.3,165037.36
ML Engineer,Bachelor,0.6,143968.63
Backend Developer,Bachelor,0.3,96015.67
DevOps Engineer,High School,2.5,142180.96
DevOps Engineer,Master,0.0,116537.64
DevOps Engineer,PhD,3.2,155274.48
Cloud Architect,Bachelor,2.8,179665.06
DevOps Engineer,Bachelor,0.1,106892.51
AI Researcher,Bachelor,3.7,175407.27
ML Engineer,PhD,2.2,172980.05
ML Engineer,Master,2.4,170786.42
ML Engineer,Bachelor,2.4,164182.31
ML Engineer,Master,1.8,154618.7
Software Engineer,PhD,1.3,131862.88
Cloud Architect,Bachelor,1.9,161430.55
Software Engineer,Bachelor,0.5,123900.15
ML Engineer,PhD,1.3,156292.62
Data Engineer,Bachelor,2.3,143150.31
DevOps Engineer,Master,0.0,108921.04
Data Engineer,Bachelor,3.4,154831.57
Software Engineer,Bachelor,2.1,136804.12
DevOps Engineer,Bachelor,2.6,136148.76
Cloud Architect,Master,3.5,175690.38
ML Engineer,Bachelor,0.8,147593.92
Data Engineer,Master,2.8,138787.47
AI Researcher,Bachelor,4.0,188070.73
Data Engineer,Bachelor,0.6,113675.85
Data Engineer,Bachelor,0.0,112896.27
Data Scientist,Master,1.2,127283.95
Cloud Architect,Bachelor,2.7,165602.11
AI Researcher,High School,1.1,156171.44
ML Engineer,Master,3.2,167030.15
Backend Developer,Master,2.2,114434.64
DevOps Engineer,High School,3.8,150888.24
AI Researcher,Master,0.6,138338.02
Software Engineer,High School,1.3,127876.03
Data Scientist,Master,2.2,145597.88
ML Engineer,Bachelor,2.6,166366.85
Data Scientist,Bachelor,1.4,132709.67
Data Scientist,Master,1.7,142281.97
Data Engineer,High School,1.9,139262.59
Data Scientist,PhD,3.0,165716.18
ML Engineer,Bachelor,3.7,187129.41
Data Scientist,Bachelor,0.0,130221.67
AI Researcher,Bachelor,1.8,163237.9
Data Scientist,PhD,0.0,125516.63
Data Engineer,Bachelor,1.5,128560.36
ML Engineer,Bachelor,2.3,161060.27
Data Engineer,High School,1.4,122267.89
Backend Developer,Master,1.3,113738.75
Data Engineer,Master,0.0,118700.17
AI Researcher,Bachelor,2.3,173998.13
DevOps Engineer,Master,2.0,131228.51
Data Engineer,Bachelor,3.0,148306.07
ML Engineer,PhD,0.0,147435.5
Data Scientist,PhD,2.8,168148.67
DevOps Engineer,Bachelor,3.0,141092.69
Backend Developer,Bachelor,1.5,113164.53
Software Engineer,Bachelor,3.8,146579.69
Data Engineer,Bachelor,1.2,123063.6
Data Engineer,Master,4.9,161159.33
Data Engineer,High School,3.6,156666.18
Backend Developer,Bachelor,1.9,115943.25
Cloud Architect,Bachelor,0.6,142346.67
AI Researcher,Bachelor,1.9,162489.92
Data Scientist,PhD,3.8,175756.72
Data Scientist,Bachelor,0.0,118511.28
DevOps Engineer,High School,3.2,136459.79
Data Scientist,PhD,3.5,168080.58
ML Engineer,Master,2.9,169265.01
Software Engineer,Bachelor,1.4,124617.15
Data Engineer,Bachelor,2.1,143877.21
DevOps Engineer,Bachelor,5.4,166335.26
ML Engineer,Master,1.3,149168.56
Data Engineer,Master,1.5,133825.43
ML Engineer,Bachelor,1.0,142055.61
DevOps Engineer,Bachelor,1.1,112389.21
Data Scientist,Master,0.8,135853.25
Cloud Architect,Bachelor,2.2,173868.38
Backend Developer,Master,0.0,94548.16
Data Scientist,Bachelor,1.4,139022.93
DevOps Engineer,Master,1.0,119733.27
Cloud Architect,Bachelor,3.6,196120.18
Software Engineer,Bachelor,4.3,147816.53
Data Scientist,Master,3.5,160711.12
Backend Developer,Bachelor,3.4,134809.14
